{"mAdaptiveGoal":0,"mIsGoalAchieved":false,"mIsMostActiveAchieved":false,"mMostActiveMinutes":0,"mStreakDayCount":0,"mUnitDataList":[{"distance":8.95,"mCalorie":0.33,"mOthersTime":0,"mRunTime":0,"mStartTime":10800000,"mTimeUnit":600000,"mWalkTime":7337,"runStep":0,"walkStep":11},{"distance":7.81,"mCalorie":0.42,"mOthersTime":0,"mRunTime":0,"mStartTime":13200000,"mTimeUnit":600000,"mWalkTime":7337,"runStep":0,"walkStep":11},{"distance":169.54996,"mCalorie":6.649996,"mOthersTime":0,"mRunTime":0,"mStartTime":15000000,"mTimeUnit":600000,"mWalkTime":142041,"runStep":0,"walkStep":218},{"distance":321.27008,"mCalorie":12.47,"mOthersTime":0,"mRunTime":0,"mStartTime":15600000,"mTimeUnit":600000,"mWalkTime":238029,"runStep":0,"walkStep":413},{"distance":41.54,"mCalorie":1.69,"mOthersTime":0,"mRunTime":0,"mStartTime":16200000,"mTimeUnit":600000,"mWalkTime":37352,"runStep":0,"walkStep":56},{"distance":100.6,"mCalorie":4.51,"mOthersTime":0,"mRunTime":0,"mStartTime":16800000,"mTimeUnit":600000,"mWalkTime":88044,"runStep":0,"walkStep":132},{"distance":98.28,"mCalorie":4.33,"mOthersTime":0,"mRunTime":1600,"mStartTime":17400000,"mTimeUnit":600000,"mWalkTime":83375,"runStep":4,"walkStep":125},{"distance":58.859894,"mCalorie":2.3699944,"mOthersTime":0,"mRunTime":0,"mStartTime":18000000,"mTimeUnit":600000,"mWalkTime":50692,"runStep":0,"walkStep":76},{"distance":11.24997,"mCalorie":0.76999146,"mOthersTime":0,"mRunTime":1600,"mStartTime":21000000,"mTimeUnit":600000,"mWalkTime":6670,"runStep":4,"walkStep":10},{"distance":8.34,"mCalorie":0.39,"mOthersTime":0,"mRunTime":0,"mStartTime":34200000,"mTimeUnit":600000,"mWalkTime":8004,"runStep":0,"walkStep":12},{"distance":11.18,"mCalorie":0.65,"mOthersTime":0,"mRunTime":1200,"mStartTime":34800000,"mTimeUnit":600000,"mWalkTime":7337,"runStep":3,"walkStep":11},{"distance":13.27,"mCalorie":0.66,"mOthersTime":0,"mRunTime":0,"mStartTime":35400000,"mTimeUnit":600000,"mWalkTime":12006,"runStep":0,"walkStep":18},{"distance":16.07,"mCalorie":0.72,"mOthersTime":0,"mRunTime":0,"mStartTime":36600000,"mTimeUnit":600000,"mWalkTime":15341,"runStep":0,"walkStep":23},{"distance":35.6,"mCalorie":1.61,"mOthersTime":0,"mRunTime":0,"mStartTime":48000000,"mTimeUnit":600000,"mWalkTime":32016,"runStep":0,"walkStep":48},{"distance":20.91,"mCalorie":1.14,"mOthersTime":0,"mRunTime":1200,"mStartTime":48600000,"mTimeUnit":600000,"mWalkTime":16675,"runStep":3,"walkStep":25},{"distance":28.650108,"mCalorie":1.2299964,"mOthersTime":0,"mRunTime":0,"mStartTime":49800000,"mTimeUnit":600000,"mWalkTime":25346,"runStep":0,"walkStep":38},{"distance":19.54,"mCalorie":0.89,"mOthersTime":0,"mRunTime":0,"mStartTime":51000000,"mTimeUnit":600000,"mWalkTime":18009,"runStep":0,"walkStep":27},{"distance":9.58,"mCalorie":0.49,"mOthersTime":0,"mRunTime":0,"mStartTime":51600000,"mTimeUnit":600000,"mWalkTime":8671,"runStep":0,"walkStep":13},{"distance":15.059951,"mCalorie":0.75000304,"mOthersTime":0,"mRunTime":0,"mStartTime":54600000,"mTimeUnit":600000,"mWalkTime":13340,"runStep":0,"walkStep":20},{"distance":36.93,"mCalorie":1.4200001,"mOthersTime":0,"mRunTime":2000,"mStartTime":57000000,"mTimeUnit":600000,"mWalkTime":26013,"runStep":5,"walkStep":39},{"distance":74.07,"mCalorie":3.3600001,"mOthersTime":0,"mRunTime":0,"mStartTime":64800000,"mTimeUnit":600000,"mWalkTime":66033,"runStep":0,"walkStep":99},{"distance":248.26985,"mCalorie":10.039996,"mOthersTime":0,"mRunTime":0,"mStartTime":65400000,"mTimeUnit":600000,"mWalkTime":210742,"runStep":0,"walkStep":329},{"distance":92.300026,"mCalorie":4.119995,"mOthersTime":0,"mRunTime":2000,"mStartTime":66000000,"mTimeUnit":600000,"mWalkTime":80707,"runStep":5,"walkStep":121},{"distance":124.759995,"mCalorie":5.27,"mOthersTime":0,"mRunTime":0,"mStartTime":66600000,"mTimeUnit":600000,"mWalkTime":112723,"runStep":0,"walkStep":169},{"distance":128.96,"mCalorie":5.27,"mOthersTime":0,"mRunTime":0,"mStartTime":67200000,"mTimeUnit":600000,"mWalkTime":107357,"runStep":0,"walkStep":174},{"distance":89.87,"mCalorie":3.6699998,"mOthersTime":0,"mRunTime":0,"mStartTime":67800000,"mTimeUnit":600000,"mWalkTime":80707,"runStep":0,"walkStep":121},{"distance":20.960098,"mCalorie":1.3199848,"mOthersTime":0,"mRunTime":4400,"mStartTime":68400000,"mTimeUnit":600000,"mWalkTime":8671,"runStep":11,"walkStep":13},{"distance":43.47,"mCalorie":1.94,"mOthersTime":0,"mRunTime":0,"mStartTime":69600000,"mTimeUnit":600000,"mWalkTime":38686,"runStep":0,"walkStep":58},{"distance":19.93,"mCalorie":0.9,"mOthersTime":0,"mRunTime":0,"mStartTime":70200000,"mTimeUnit":600000,"mWalkTime":18009,"runStep":0,"walkStep":27},{"distance":20.1,"mCalorie":1.0700006,"mOthersTime":0,"mRunTime":0,"mStartTime":75600000,"mTimeUnit":600000,"mWalkTime":18009,"runStep":0,"walkStep":27},{"distance":39.69,"mCalorie":1.8399999,"mOthersTime":0,"mRunTime":0,"mStartTime":76200000,"mTimeUnit":600000,"mWalkTime":36685,"runStep":0,"walkStep":55}],"version":1}