{"mAdaptiveGoal":0,"mIsGoalAchieved":false,"mIsMostActiveAchieved":false,"mMostActiveMinutes":0,"mStreakDayCount":0,"mUnitDataList":[{"distance":57.629982,"mCalorie":3.7699993,"mOthersTime":0,"mRunTime":0,"mStartTime":0,"mTimeUnit":600000,"mWalkTime":51359,"runStep":0,"walkStep":77},{"distance":146.56001,"mCalorie":9.72,"mOthersTime":0,"mRunTime":0,"mStartTime":600000,"mTimeUnit":600000,"mWalkTime":132733,"runStep":0,"walkStep":199},{"distance":29.02,"mCalorie":2.02,"mOthersTime":0,"mRunTime":0,"mStartTime":1200000,"mTimeUnit":600000,"mWalkTime":26680,"runStep":0,"walkStep":40},{"distance":13.63,"mCalorie":0.92,"mOthersTime":0,"mRunTime":0,"mStartTime":5400000,"mTimeUnit":600000,"mWalkTime":12673,"runStep":0,"walkStep":19},{"distance":37.73,"mCalorie":2.65,"mOthersTime":0,"mRunTime":0,"mStartTime":8400000,"mTimeUnit":600000,"mWalkTime":34017,"runStep":0,"walkStep":51},{"distance":33.640003,"mCalorie":2.2200003,"mOthersTime":0,"mRunTime":0,"mStartTime":9000000,"mTimeUnit":600000,"mWalkTime":30682,"runStep":0,"walkStep":46},{"distance":29.63,"mCalorie":2.09,"mOthersTime":0,"mRunTime":0,"mStartTime":9600000,"mTimeUnit":600000,"mWalkTime":27347,"runStep":0,"walkStep":41},{"distance":8.299995,"mCalorie":0.5,"mOthersTime":0,"mRunTime":0,"mStartTime":14400000,"mTimeUnit":600000,"mWalkTime":7337,"runStep":0,"walkStep":11},{"distance":17.51,"mCalorie":1.3,"mOthersTime":0,"mRunTime":0,"mStartTime":33000000,"mTimeUnit":600000,"mWalkTime":16675,"runStep":0,"walkStep":25},{"distance":8.26,"mCalorie":0.66,"mOthersTime":0,"mRunTime":0,"mStartTime":33600000,"mTimeUnit":600000,"mWalkTime":8004,"runStep":0,"walkStep":12},{"distance":10.190001,"mCalorie":0.86,"mOthersTime":0,"mRunTime":400,"mStartTime":37800000,"mTimeUnit":600000,"mWalkTime":6670,"runStep":1,"walkStep":10},{"distance":38.129997,"mCalorie":2.51,"mOthersTime":0,"mRunTime":0,"mStartTime":50400000,"mTimeUnit":600000,"mWalkTime":34684,"runStep":0,"walkStep":52},{"distance":8.19,"mCalorie":0.51,"mOthersTime":0,"mRunTime":0,"mStartTime":51000000,"mTimeUnit":600000,"mWalkTime":7337,"runStep":0,"walkStep":11},{"distance":8.54,"mCalorie":0.54,"mOthersTime":0,"mRunTime":0,"mStartTime":52800000,"mTimeUnit":600000,"mWalkTime":7337,"runStep":0,"walkStep":11},{"distance":18.93,"mCalorie":1.21,"mOthersTime":0,"mRunTime":0,"mStartTime":54000000,"mTimeUnit":600000,"mWalkTime":16675,"runStep":0,"walkStep":25},{"distance":15.08,"mCalorie":1.13,"mOthersTime":0,"mRunTime":0,"mStartTime":55200000,"mTimeUnit":600000,"mWalkTime":14007,"runStep":0,"walkStep":21},{"distance":7.62,"mCalorie":0.44,"mOthersTime":0,"mRunTime":0,"mStartTime":58200000,"mTimeUnit":600000,"mWalkTime":6670,"runStep":0,"walkStep":10},{"distance":24.77,"mCalorie":1.57,"mOthersTime":0,"mRunTime":0,"mStartTime":61200000,"mTimeUnit":600000,"mWalkTime":22011,"runStep":0,"walkStep":33},{"distance":8.15,"mCalorie":0.49,"mOthersTime":0,"mRunTime":0,"mStartTime":66000000,"mTimeUnit":600000,"mWalkTime":7337,"runStep":0,"walkStep":11},{"distance":19.77,"mCalorie":1.35,"mOthersTime":0,"mRunTime":0,"mStartTime":69000000,"mTimeUnit":600000,"mWalkTime":18009,"runStep":0,"walkStep":27},{"distance":27.220001,"mCalorie":1.83,"mOthersTime":0,"mRunTime":0,"mStartTime":69600000,"mTimeUnit":600000,"mWalkTime":25346,"runStep":0,"walkStep":38},{"distance":42.66,"mCalorie":2.9,"mOthersTime":0,"mRunTime":0,"mStartTime":70200000,"mTimeUnit":600000,"mWalkTime":38686,"runStep":0,"walkStep":58},{"distance":20.53,"mCalorie":1.34,"mOthersTime":0,"mRunTime":0,"mStartTime":70800000,"mTimeUnit":600000,"mWalkTime":18009,"runStep":0,"walkStep":27},{"distance":28.139997,"mCalorie":1.8599987,"mOthersTime":0,"mRunTime":0,"mStartTime":71400000,"mTimeUnit":600000,"mWalkTime":25346,"runStep":0,"walkStep":38},{"distance":7.1,"mCalorie":0.51,"mOthersTime":0,"mRunTime":0,"mStartTime":72000000,"mTimeUnit":600000,"mWalkTime":6670,"runStep":0,"walkStep":10},{"distance":8.4,"mCalorie":0.6,"mOthersTime":0,"mRunTime":0,"mStartTime":75000000,"mTimeUnit":600000,"mWalkTime":8004,"runStep":0,"walkStep":12},{"distance":7.02,"mCalorie":0.49,"mOthersTime":0,"mRunTime":0,"mStartTime":75600000,"mTimeUnit":600000,"mWalkTime":6670,"runStep":0,"walkStep":10},{"distance":21.09,"mCalorie":1.44,"mOthersTime":0,"mRunTime":0,"mStartTime":77400000,"mTimeUnit":600000,"mWalkTime":19343,"runStep":0,"walkStep":29},{"distance":15.289999,"mCalorie":1.15,"mOthersTime":0,"mRunTime":0,"mStartTime":78000000,"mTimeUnit":600000,"mWalkTime":14007,"runStep":0,"walkStep":21},{"distance":7.1,"mCalorie":0.5,"mOthersTime":0,"mRunTime":0,"mStartTime":78600000,"mTimeUnit":600000,"mWalkTime":6670,"runStep":0,"walkStep":10},{"distance":8.199982,"mCalorie":0.5999985,"mOthersTime":0,"mRunTime":0,"mStartTime":79200000,"mTimeUnit":600000,"mWalkTime":8004,"runStep":0,"walkStep":12},{"distance":15.86,"mCalorie":1.07,"mOthersTime":0,"mRunTime":0,"mStartTime":82800000,"mTimeUnit":600000,"mWalkTime":14674,"runStep":0,"walkStep":22},{"distance":19.6,"mCalorie":1.24,"mOthersTime":0,"mRunTime":0,"mStartTime":83400000,"mTimeUnit":600000,"mWalkTime":17342,"runStep":0,"walkStep":26}],"version":1}