com.samsung.shealth.sleep,6227003,5
original_efficiency,mental_recovery,factor_01,factor_02,factor_03,factor_04,factor_05,factor_06,factor_07,factor_08,factor_09,factor_10,has_sleep_data,combined_id,data_version,physical_recovery,original_wake_up_time,movement_awakening,original_bed_time,quality,extra_data,sleep_cycle,efficiency,sleep_score,sleep_duration,com.samsung.health.sleep.start_time,com.samsung.health.sleep.custom,com.samsung.health.sleep.update_time,com.samsung.health.sleep.create_time,com.samsung.health.sleep.time_offset,com.samsung.health.sleep.deviceuuid,com.samsung.health.sleep.comment,com.samsung.health.sleep.pkg_name,com.samsung.health.sleep.end_time,com.samsung.health.sleep.datauuid
,62.0,0,12,18,8,28,157,58,1,22,0,0,,3,23.0,,63.0,,,70402197-4f1d-4e21-b350-bd39cb3a1fca.extra_data.json,2,82.0,45,157,2023-01-25 16:52:00.000,,2023-01-25 19:34:20.340,2023-01-25 19:34:17.341,UTC-0600,iRIQdWw88T,,com.sec.android.app.shealth,2023-01-25 19:29:00.000,70402197-4f1d-4e21-b350-bd39cb3a1fca,
,70.0,0,0,0,0,17,75,0,0,13,0,0,,3,8.0,,40.0,,,068dbd38-0fea-46b9-9196-40996718c637.extra_data.json,0,77.0,41,75,2023-01-25 22:30:00.000,,2023-01-25 23:58:52.524,2023-01-25 23:58:49.790,UTC-0600,iRIQdWw88T,,com.sec.android.app.shealth,2023-01-25 23:45:00.000,068dbd38-0fea-46b9-9196-40996718c637,
,65.0,1,9,3,0,17,199,116,1,13,0,0,,3,25.0,,18.0,,,eec1a87f-b76a-4d49-aef7-3373e8f6ac51.extra_data.json,1,91.0,60,199,2023-01-23 12:19:00.000,,2023-01-24 03:05:50.277,2023-01-23 15:43:28.122,UTC-0600,iRIQdWw88T,,com.sec.android.app.shealth,2023-01-23 15:38:00.000,eec1a87f-b76a-4d49-aef7-3373e8f6ac51,
,47.0,19,34,3,18,28,298,91,2,20,0,0,,3,50.0,,19.0,,,1777a9db-3222-41a0-8bf0-f4442dfb2bc3.extra_data.json,3,90.0,58,298,2023-01-24 10:14:00.000,,2023-01-24 15:34:46.026,2023-01-24 15:29:15.372,UTC-0600,iRIQdWw88T,,com.sec.android.app.shealth,2023-01-24 15:12:00.000,1777a9db-3222-41a0-8bf0-f4442dfb2bc3,
,52.0,22,72,4,13,38,288,68,2,29,0,0,,3,67.0,,29.0,,,7beb11a0-7de2-4de3-8b7b-6c00cf479250.extra_data.json,3,86.0,64,288,2023-01-25 10:16:00.000,,2023-01-25 15:14:42.010,2023-01-25 15:12:45.947,UTC-0600,iRIQdWw88T,,com.sec.android.app.shealth,2023-01-25 15:04:00.000,7beb11a0-7de2-4de3-8b7b-6c00cf479250,
,30.0,43,57,0,25,38,255,72,3,30,0,0,,3,72.0,,27.0,,,2717c4e5-c787-4f95-a6c1-8c0270e6f1f9.extra_data.json,3,85.0,63,255,2023-01-26 10:42:00.000,,2023-01-26 15:16:04.483,2023-01-26 15:15:14.487,UTC-0600,iRIQdWw88T,,com.sec.android.app.shealth,2023-01-26 14:57:00.000,2717c4e5-c787-4f95-a6c1-8c0270e6f1f9,
