com.samsung.shealth.tracker.oxygen_saturation,6227003,3
source,tag_id,com.samsung.health.oxygen_saturation.start_time,com.samsung.health.oxygen_saturation.custom,com.samsung.health.oxygen_saturation.update_time,com.samsung.health.oxygen_saturation.create_time,com.samsung.health.oxygen_saturation.low_duration,com.samsung.health.oxygen_saturation.binning,com.samsung.health.oxygen_saturation.max,com.samsung.health.oxygen_saturation.min,com.samsung.health.oxygen_saturation.spo2,com.samsung.health.oxygen_saturation.time_offset,com.samsung.health.oxygen_saturation.deviceuuid,com.samsung.health.oxygen_saturation.comment,com.samsung.health.oxygen_saturation.pkg_name,com.samsung.health.oxygen_saturation.end_time,com.samsung.health.oxygen_saturation.datauuid,com.samsung.health.oxygen_saturation.heart_rate
,31000,2023-01-26 10:30:33.014,,2023-01-26 10:30:33.024,2023-01-26 10:30:33.024,,,,,93.0,UTC-0600,iRIQdWw88T,,com.sec.android.app.shealth,2023-01-26 10:30:33.014,555b5d27-0775-47ca-985e-ef55104f6593,70.0,
,31301,2023-01-25 22:30:00.000,,2023-01-25 23:58:50.729,2023-01-25 23:58:50.729,13,00609956-16a9-4071-be23-3ced1fde171c.com.samsung.health.oxygen_saturation.binning.json,96.0,88.0,91.0,UTC-0600,iRIQdWw88T,,com.sec.android.app.shealth,2023-01-25 23:45:00.000,00609956-16a9-4071-be23-3ced1fde171c,,
,31301,2023-01-26 10:42:00.000,,2023-01-26 15:16:03.478,2023-01-26 15:16:03.478,2022,f9e22bd4-9d1d-454d-a92a-704a0e455ce5.com.samsung.health.oxygen_saturation.binning.json,95.0,81.0,89.0,UTC-0600,iRIQdWw88T,,com.sec.android.app.shealth,2023-01-26 14:57:00.000,f9e22bd4-9d1d-454d-a92a-704a0e455ce5,,
