com.samsung.shealth.tracker.pedometer_day_summary,6227003,5
step_count,binning_data,active_time,recommendation,run_step_count,update_time,source_package_name,create_time,source_info,speed,distance,calorie,walk_step_count,deviceuuid,pkg_name,healthy_step,achievement,datauuid,day_time
1926,f6030075-8ece-45f6-bc53-6d353d5b7843.binning_data.json,1113535,6000,18,2023-01-26 17:10:35.186,com.sec.android.app.shealth,2023-01-26 17:10:35.186,f6030075-8ece-45f6-bc53-6d353d5b7843.source_info.json,1.3062984,1454.6101,98.06003,1908,VfS0qUERdZ,com.sec.android.app.shealth,0,f6030075-8ece-45f6-bc53-6d353d5b7843.achievement.json,f6030075-8ece-45f6-bc53-6d353d5b7843,1674518400000,
2554,60df5626-abd5-4a60-953d-5e989477354f.binning_data.json,1451411,6000,35,2023-01-26 17:10:35.236,com.sec.android.app.shealth,2023-01-26 17:10:35.236,60df5626-abd5-4a60-953d-5e989477354f.source_info.json,1.3336122,1935.6199,82.289955,2519,VfS0qUERdZ,com.sec.android.app.shealth,0,60df5626-abd5-4a60-953d-5e989477354f.achievement.json,60df5626-abd5-4a60-953d-5e989477354f,1674432000000,
1046,18a458ea-2899-4245-8055-b6138c401dcd.binning_data.json,655350,6000,1,2023-01-26 17:10:35.207,com.sec.android.app.shealth,2023-01-26 17:10:35.207,18a458ea-2899-4245-8055-b6138c401dcd.source_info.json,1.1741658,769.49,51.989998,1045,VfS0qUERdZ,com.sec.android.app.shealth,0,18a458ea-2899-4245-8055-b6138c401dcd.achievement.json,18a458ea-2899-4245-8055-b6138c401dcd,1674604800000,
1813,b56df413-db3f-4e58-a28e-630f240d9337.binning_data.json,1093725,6000,14,2023-01-26 17:10:35.410,com.sec.android.app.shealth,2023-01-26 17:10:35.410,b56df413-db3f-4e58-a28e-630f240d9337.source_info.json,1.2261393,1341.0599,65.95001,1799,VfS0qUERdZ,com.sec.android.app.shealth,0,b56df413-db3f-4e58-a28e-630f240d9337.achievement.json,b56df413-db3f-4e58-a28e-630f240d9337,1674345600000,
939,e25ef611-9864-44aa-a45d-e65f42c95acb.binning_data.json,576086,6000,0,2023-01-26 20:01:46.151,com.sec.android.app.shealth,2023-01-26 17:11:01.942,e25ef611-9864-44aa-a45d-e65f42c95acb.source_info.json,1.2126133,698.5701,51.06999,939,VfS0qUERdZ,com.sec.android.app.shealth,0,e25ef611-9864-44aa-a45d-e65f42c95acb.achievement.json,e25ef611-9864-44aa-a45d-e65f42c95acb,1674691200000,
