com.samsung.health.user_profile,6227003,8
text_value,float_value,update_time,create_time,long_value,key,blob_value,int_value,deviceuuid,pkg_name,double_value,datauuid
mg/dL,,1970-01-01 00:00:00.001,1970-01-01 00:00:00.001,,blood_glucose_unit,,,aZEautf6/t,com.sec.android.app.shealth,,00000000-0000-0000-0000-00000000000e,
%,,1970-01-01 00:00:00.001,1970-01-01 00:00:00.001,,hba1c_unit,,,aZEautf6/t,com.sec.android.app.shealth,,00000000-0000-0000-0000-000000000012,
C,,1970-01-01 00:00:00.001,1970-01-01 00:00:00.001,,temperature_unit,,,aZEautf6/t,com.sec.android.app.shealth,,00000000-0000-0000-0000-00000000000d,
kg,,1970-01-01 00:00:00.001,1970-01-01 00:00:00.001,,weight_unit,,,aZEautf6/t,com.sec.android.app.shealth,,00000000-0000-0000-0000-000000000007,
522281368328,,2023-01-26 17:10:28.851,2023-01-26 17:10:28.863,,phone_number,,,aZEautf6/t,com.sec.android.app.shealth,,00000000-0000-0000-0000-000000000021,
108876423,,2023-01-26 17:10:30.114,2023-01-26 17:10:30.126,,social_id,,,aZEautf6/t,com.sec.android.app.shealth,,00000000-0000-0000-0000-000000000015,
,88.0,2023-01-25 19:31:27.618,2023-01-26 17:10:34.655,,weight,,,iRIQdWw88T,com.sec.android.app.shealth,,00000000-0000-0000-0000-000000000006,
cm,,1970-01-01 00:00:00.001,1970-01-01 00:00:00.001,,height_unit,,,aZEautf6/t,com.sec.android.app.shealth,,00000000-0000-0000-0000-000000000009,
km,,1970-01-01 00:00:00.001,1970-01-01 00:00:00.001,,distance_unit,,,aZEautf6/t,com.sec.android.app.shealth,,00000000-0000-0000-0000-00000000000c,
19920912,,2023-01-26 17:10:03.764,2023-01-26 17:10:03.774,,birth_date,,,aZEautf6/t,com.sec.android.app.shealth,,00000000-0000-0000-0000-00000000000a,
ml,,1970-01-01 00:00:00.001,1970-01-01 00:00:00.001,,water_unit,,,aZEautf6/t,com.sec.android.app.shealth,,00000000-0000-0000-0000-000000000014,
mmHg,,1970-01-01 00:00:00.001,1970-01-01 00:00:00.001,,blood_pressure_unit,,,aZEautf6/t,com.sec.android.app.shealth,,00000000-0000-0000-0000-000000000013,
M,,2023-01-23 02:31:06.777,2023-01-23 02:31:06.766,,gender,,,iRIQdWw88T,com.sec.android.app.shealth,,00000000-0000-0000-0000-000000000005,
MEX,,2023-01-26 17:10:03.755,2023-01-26 17:10:03.761,,country,,,aZEautf6/t,com.sec.android.app.shealth,,00000000-0000-0000-0000-000000000001,
,175.0,2023-01-23 02:31:06.805,2023-01-26 17:10:34.641,,height,,,iRIQdWw88T,com.sec.android.app.shealth,,00000000-0000-0000-0000-000000000008,
M,,2023-01-23 02:31:06.777,2023-01-23 02:31:06.777,,gender_extended,,,iRIQdWw88T,com.sec.android.app.shealth,,00000000-0000-0000-0000-000000000022,
,,2023-01-26 17:10:31.633,2023-01-26 17:10:31.646,,dashboard_config,00000000-0000-0000-0000-000000000016.dashboard_config.json,,aZEautf6/t,com.sec.android.app.shealth,,00000000-0000-0000-0000-000000000016,
