[{"score":1,"score_max":2,"score_min":1,"flag":1,"level":1,"start_time":1674575940000,"end_time":1674575999000},{"score":2,"score_max":6,"score_min":1,"flag":1,"level":1,"start_time":1674575880000,"end_time":1674575939000},{"score":3,"score_max":7,"score_min":1,"flag":1,"level":1,"start_time":1674575820000,"end_time":1674575879000},{"score":1,"score_max":1,"score_min":1,"flag":1,"level":1,"start_time":1674575760000,"end_time":1674575819000},{"score":6,"score_max":13,"score_min":1,"flag":1,"level":1,"start_time":1674575700000,"end_time":1674575759000},{"score":7,"score_max":14,"score_min":5,"flag":1,"level":1,"start_time":1674575640000,"end_time":1674575699000},{"score":7,"score_max":15,"score_min":5,"flag":1,"level":1,"start_time":1674575580000,"end_time":1674575639000},{"score":12,"score_max":18,"score_min":3,"flag":1,"level":1,"start_time":1674575520000,"end_time":1674575579000},{"score":1,"score_max":3,"score_min":1,"flag":1,"level":1,"start_time":1674575460000,"end_time":1674575519000},{"score":5,"score_max":8,"score_min":2,"flag":1,"level":1,"start_time":1674575400000,"end_time":1674575459000},{"score":2,"score_max":4,"score_min":2,"flag":1,"level":1,"start_time":1674575340000,"end_time":1674575399000},{"score":2,"score_max":4,"score_min":1,"flag":1,"level":1,"start_time":1674575280000,"end_time":1674575339000},{"score":1,"score_max":2,"score_min":1,"flag":1,"level":1,"start_time":1674575220000,"end_time":1674575279000},{"score":1,"score_max":2,"score_min":1,"flag":1,"level":1,"start_time":1674575160000,"end_time":1674575219000},{"score":3,"score_max":15,"score_min":1,"flag":1,"level":1,"start_time":1674575100000,"end_time":1674575159000},{"score":11,"score_max":20,"score_min":3,"flag":1,"level":1,"start_time":1674575040000,"end_time":1674575099000},{"score":1,"score_max":2,"score_min":1,"flag":1,"level":1,"start_time":1674574980000,"end_time":1674575039000},{"score":1,"score_max":1,"score_min":1,"flag":1,"level":1,"start_time":1674574920000,"end_time":1674574979000},{"score":1,"score_max":3,"score_min":1,"flag":1,"level":1,"start_time":1674574860000,"end_time":1674574919000},{"score":6,"score_max":13,"score_min":3,"flag":1,"level":1,"start_time":1674574800000,"end_time":1674574859000},{"score":17,"score_max":25,"score_min":7,"flag":1,"level":1,"start_time":1674574740000,"end_time":1674574799000},{"score":3,"score_max":6,"score_min":2,"flag":1,"level":1,"start_time":1674574680000,"end_time":1674574739000},{"score":4,"score_max":8,"score_min":3,"flag":1,"level":1,"start_time":1674574620000,"end_time":1674574679000},{"score":14,"score_max":52,"score_min":3,"flag":1,"level":1,"start_time":1674574560000,"end_time":1674574619000},{"score":60,"score_max":68,"score_min":49,"flag":1,"level":1,"start_time":1674574500000,"end_time":1674574559000},{"score":59,"score_max":64,"score_min":55,"flag":1,"level":1,"start_time":1674574440000,"end_time":1674574499000}]