[{"heart_rate":81,"heart_rate_max":85,"heart_rate_min":79,"start_time":1674637140000,"end_time":1674637199000},{"heart_rate":82,"heart_rate_max":85,"heart_rate_min":80,"start_time":1674637080000,"end_time":1674637139000},{"heart_rate":86,"heart_rate_max":91,"heart_rate_min":82,"start_time":1674637020000,"end_time":1674637079000},{"heart_rate":83,"heart_rate_max":87,"heart_rate_min":79,"start_time":1674636960000,"end_time":1674637019000},{"heart_rate":84,"heart_rate_max":99,"heart_rate_min":76,"start_time":1674636900000,"end_time":1674636959000},{"heart_rate":86,"heart_rate_max":98,"heart_rate_min":82,"start_time":1674636840000,"end_time":1674636899000},{"heart_rate":84,"heart_rate_max":91,"heart_rate_min":81,"start_time":1674636780000,"end_time":1674636839000},{"heart_rate":85,"heart_rate_max":92,"heart_rate_min":82,"start_time":1674636720000,"end_time":1674636779000},{"heart_rate":83,"heart_rate_max":85,"heart_rate_min":83,"start_time":1674636660000,"end_time":1674636719000},{"heart_rate":85,"heart_rate_max":87,"heart_rate_min":84,"start_time":1674636600000,"end_time":1674636659000},{"heart_rate":83,"heart_rate_max":85,"heart_rate_min":78,"start_time":1674636540000,"end_time":1674636599000},{"heart_rate":85,"heart_rate_max":89,"heart_rate_min":80,"start_time":1674636480000,"end_time":1674636539000},{"heart_rate":85,"heart_rate_max":87,"heart_rate_min":84,"start_time":1674636420000,"end_time":1674636479000},{"heart_rate":84,"heart_rate_max":88,"heart_rate_min":82,"start_time":1674636360000,"end_time":1674636419000},{"heart_rate":88,"heart_rate_max":99,"heart_rate_min":81,"start_time":1674636300000,"end_time":1674636359000},{"heart_rate":85,"heart_rate_max":89,"heart_rate_min":82,"start_time":1674636240000,"end_time":1674636299000},{"heart_rate":83,"heart_rate_max":90,"heart_rate_min":79,"start_time":1674636180000,"end_time":1674636239000},{"heart_rate":83,"heart_rate_max":87,"heart_rate_min":81,"start_time":1674636120000,"end_time":1674636179000},{"heart_rate":87,"heart_rate_max":91,"heart_rate_min":84,"start_time":1674636000000,"end_time":1674636059000},{"heart_rate":93,"heart_rate_max":97,"heart_rate_min":89,"start_time":1674635940000,"end_time":1674635999000},{"heart_rate":94,"heart_rate_max":96,"heart_rate_min":92,"start_time":1674635880000,"end_time":1674635939000},{"heart_rate":89,"heart_rate_max":92,"heart_rate_min":86,"start_time":1674635760000,"end_time":1674635819000},{"heart_rate":87,"heart_rate_max":92,"heart_rate_min":82,"start_time":1674635700000,"end_time":1674635759000},{"heart_rate":90,"heart_rate_max":102,"heart_rate_min":86,"start_time":1674635640000,"end_time":1674635699000},{"heart_rate":85,"heart_rate_max":97,"heart_rate_min":83,"start_time":1674635580000,"end_time":1674635639000},{"heart_rate":85,"heart_rate_max":88,"heart_rate_min":84,"start_time":1674635520000,"end_time":1674635579000},{"heart_rate":81,"heart_rate_max":85,"heart_rate_min":79,"start_time":1674635460000,"end_time":1674635519000},{"heart_rate":86,"heart_rate_max":96,"heart_rate_min":82,"start_time":1674635400000,"end_time":1674635459000},{"heart_rate":90,"heart_rate_max":95,"heart_rate_min":85,"start_time":1674635340000,"end_time":1674635399000},{"heart_rate":96,"heart_rate_max":99,"heart_rate_min":94,"start_time":1674635280000,"end_time":1674635339000},{"heart_rate":99,"heart_rate_max":102,"heart_rate_min":98,"start_time":1674635220000,"end_time":1674635279000},{"heart_rate":90,"heart_rate_max":99,"heart_rate_min":88,"start_time":1674635160000,"end_time":1674635219000},{"heart_rate":87,"heart_rate_max":93,"heart_rate_min":83,"start_time":1674635100000,"end_time":1674635159000},{"heart_rate":86,"heart_rate_max":89,"heart_rate_min":83,"start_time":1674635040000,"end_time":1674635099000},{"heart_rate":84,"heart_rate_max":87,"heart_rate_min":82,"start_time":1674634980000,"end_time":1674635039000},{"heart_rate":66,"heart_rate_max":71,"heart_rate_min":64,"start_time":1674634740000,"end_time":1674634799000},{"heart_rate":60,"heart_rate_max":65,"heart_rate_min":57,"start_time":1674634680000,"end_time":1674634739000},{"heart_rate":86,"heart_rate_max":86,"heart_rate_min":86,"start_time":1674634260000,"end_time":1674634319000},{"heart_rate":87,"heart_rate_max":91,"heart_rate_min":83,"start_time":1674633960000,"end_time":1674634019000},{"heart_rate":90,"heart_rate_max":94,"heart_rate_min":85,"start_time":1674633900000,"end_time":1674633959000},{"heart_rate":88,"heart_rate_max":93,"heart_rate_min":86,"start_time":1674633840000,"end_time":1674633899000},{"heart_rate":89,"heart_rate_max":92,"heart_rate_min":88,"start_time":1674633780000,"end_time":1674633839000},{"heart_rate":90,"heart_rate_max":94,"heart_rate_min":87,"start_time":1674633720000,"end_time":1674633779000},{"heart_rate":91,"heart_rate_max":95,"heart_rate_min":89,"start_time":1674633660000,"end_time":1674633719000},{"heart_rate":93,"heart_rate_max":100,"heart_rate_min":89,"start_time":1674633600000,"end_time":1674633659000}]