[{"heart_rate":97,"heart_rate_max":98,"heart_rate_min":97,"start_time":1674547140000,"end_time":1674547199000},{"heart_rate":103,"heart_rate_max":103,"heart_rate_min":103,"start_time":1674547080000,"end_time":1674547139000},{"heart_rate":96,"heart_rate_max":100,"heart_rate_min":91,"start_time":1674547020000,"end_time":1674547079000},{"heart_rate":101,"heart_rate_max":106,"heart_rate_min":95,"start_time":1674546960000,"end_time":1674547019000},{"heart_rate":99,"heart_rate_max":108,"heart_rate_min":95,"start_time":1674546660000,"end_time":1674546719000},{"heart_rate":101,"heart_rate_max":104,"heart_rate_min":98,"start_time":1674546600000,"end_time":1674546659000},{"heart_rate":85,"heart_rate_max":86,"heart_rate_min":85,"start_time":1674546540000,"end_time":1674546599000},{"heart_rate":82,"heart_rate_max":86,"heart_rate_min":80,"start_time":1674546480000,"end_time":1674546539000},{"heart_rate":101,"heart_rate_max":102,"heart_rate_min":100,"start_time":1674546300000,"end_time":1674546359000},{"heart_rate":85,"heart_rate_max":92,"heart_rate_min":79,"start_time":1674546240000,"end_time":1674546299000},{"heart_rate":97,"heart_rate_max":99,"heart_rate_min":92,"start_time":1674546180000,"end_time":1674546239000},{"heart_rate":106,"heart_rate_max":107,"heart_rate_min":105,"start_time":1674546000000,"end_time":1674546059000},{"heart_rate":101,"heart_rate_max":105,"heart_rate_min":99,"start_time":1674545940000,"end_time":1674545999000},{"heart_rate":102,"heart_rate_max":104,"heart_rate_min":101,"start_time":1674545880000,"end_time":1674545939000},{"heart_rate":102,"heart_rate_max":104,"heart_rate_min":100,"start_time":1674545820000,"end_time":1674545879000},{"heart_rate":103,"heart_rate_max":105,"heart_rate_min":102,"start_time":1674545760000,"end_time":1674545819000},{"heart_rate":103,"heart_rate_max":106,"heart_rate_min":101,"start_time":1674545700000,"end_time":1674545759000},{"heart_rate":102,"heart_rate_max":104,"heart_rate_min":101,"start_time":1674545640000,"end_time":1674545699000},{"heart_rate":105,"heart_rate_max":116,"heart_rate_min":103,"start_time":1674545580000,"end_time":1674545639000},{"heart_rate":99,"heart_rate_max":103,"heart_rate_min":96,"start_time":1674545520000,"end_time":1674545579000},{"heart_rate":100,"heart_rate_max":102,"heart_rate_min":98,"start_time":1674545460000,"end_time":1674545519000},{"heart_rate":99,"heart_rate_max":101,"heart_rate_min":98,"start_time":1674545400000,"end_time":1674545459000},{"heart_rate":97,"heart_rate_max":102,"heart_rate_min":96,"start_time":1674545340000,"end_time":1674545399000},{"heart_rate":99,"heart_rate_max":102,"heart_rate_min":97,"start_time":1674545280000,"end_time":1674545339000},{"heart_rate":101,"heart_rate_max":103,"heart_rate_min":98,"start_time":1674545220000,"end_time":1674545279000},{"heart_rate":99,"heart_rate_max":103,"heart_rate_min":98,"start_time":1674545160000,"end_time":1674545219000},{"heart_rate":99,"heart_rate_max":104,"heart_rate_min":98,"start_time":1674545100000,"end_time":1674545159000},{"heart_rate":100,"heart_rate_max":105,"heart_rate_min":98,"start_time":1674545040000,"end_time":1674545099000},{"heart_rate":98,"heart_rate_max":101,"heart_rate_min":95,"start_time":1674544980000,"end_time":1674545039000},{"heart_rate":98,"heart_rate_max":100,"heart_rate_min":96,"start_time":1674544920000,"end_time":1674544979000},{"heart_rate":100,"heart_rate_max":104,"heart_rate_min":97,"start_time":1674544860000,"end_time":1674544919000},{"heart_rate":97,"heart_rate_max":99,"heart_rate_min":96,"start_time":1674544800000,"end_time":1674544859000},{"heart_rate":101,"heart_rate_max":111,"heart_rate_min":95,"start_time":1674544740000,"end_time":1674544799000},{"heart_rate":100,"heart_rate_max":102,"heart_rate_min":99,"start_time":1674544680000,"end_time":1674544739000},{"heart_rate":101,"heart_rate_max":103,"heart_rate_min":99,"start_time":1674544620000,"end_time":1674544679000},{"heart_rate":99,"heart_rate_max":103,"heart_rate_min":97,"start_time":1674544560000,"end_time":1674544619000},{"heart_rate":100,"heart_rate_max":104,"heart_rate_min":97,"start_time":1674544500000,"end_time":1674544559000},{"heart_rate":100,"heart_rate_max":105,"heart_rate_min":98,"start_time":1674544440000,"end_time":1674544499000},{"heart_rate":100,"heart_rate_max":106,"heart_rate_min":95,"start_time":1674544380000,"end_time":1674544439000},{"heart_rate":97,"heart_rate_max":100,"heart_rate_min":95,"start_time":1674544320000,"end_time":1674544379000},{"heart_rate":97,"heart_rate_max":99,"heart_rate_min":94,"start_time":1674544260000,"end_time":1674544319000},{"heart_rate":97,"heart_rate_max":105,"heart_rate_min":93,"start_time":1674544200000,"end_time":1674544259000},{"heart_rate":103,"heart_rate_max":104,"heart_rate_min":95,"start_time":1674544140000,"end_time":1674544199000},{"heart_rate":98,"heart_rate_max":100,"heart_rate_min":97,"start_time":1674544080000,"end_time":1674544139000},{"heart_rate":97,"heart_rate_max":104,"heart_rate_min":95,"start_time":1674544020000,"end_time":1674544079000},{"heart_rate":101,"heart_rate_max":108,"heart_rate_min":99,"start_time":1674543960000,"end_time":1674544019000},{"heart_rate":101,"heart_rate_max":105,"heart_rate_min":100,"start_time":1674543900000,"end_time":1674543959000},{"heart_rate":103,"heart_rate_max":115,"heart_rate_min":100,"start_time":1674543840000,"end_time":1674543899000},{"heart_rate":103,"heart_rate_max":110,"heart_rate_min":100,"start_time":1674543780000,"end_time":1674543839000},{"heart_rate":100,"heart_rate_max":104,"heart_rate_min":98,"start_time":1674543720000,"end_time":1674543779000},{"heart_rate":101,"heart_rate_max":106,"heart_rate_min":98,"start_time":1674543660000,"end_time":1674543719000},{"heart_rate":102,"heart_rate_max":104,"heart_rate_min":99,"start_time":1674543600000,"end_time":1674543659000}]