{"mHServiceIdList":[{"mClient":"tracker.daily_activity","mProvider":"com.sec.android.app.shealth","mUniqueStringOfId":"com.sec.android.app.shealth|tracker.daily_activity"},{"mClient":"tracker.pedometer","mProvider":"com.sec.android.app.shealth","mUniqueStringOfId":"com.sec.android.app.shealth|tracker.pedometer"},{"mClient":"tracker.exercise","mProvider":"com.sec.android.app.shealth","mUniqueStringOfId":"com.sec.android.app.shealth|tracker.exercise"},{"mClient":"tracker.food","mProvider":"com.sec.android.app.shealth","mUniqueStringOfId":"com.sec.android.app.shealth|tracker.food"},{"mClient":"tracker.sleep","mProvider":"com.sec.android.app.shealth","mUniqueStringOfId":"com.sec.android.app.shealth|tracker.sleep"},{"mClient":"tracker.heartrate","mProvider":"com.sec.android.app.shealth","mUniqueStringOfId":"com.sec.android.app.shealth|tracker.heartrate"},{"mClient":"tracker.stress","mProvider":"com.sec.android.app.shealth","mUniqueStringOfId":"com.sec.android.app.shealth|tracker.stress"},{"mClient":"tracker.weight","mProvider":"com.sec.android.app.shealth","mUniqueStringOfId":"com.sec.android.app.shealth|tracker.weight"},{"mClient":"tracker.water","mProvider":"com.sec.android.app.shealth","mUniqueStringOfId":"com.sec.android.app.shealth|tracker.water"},{"mClient":"tracker.spo2","mProvider":"com.sec.android.app.shealth","mUniqueStringOfId":"com.sec.android.app.shealth|tracker.spo2"}],"mUpdateTime":1674753031630,"mWebPluginInfoList":[]}