com.samsung.shealth.tracker.pedometer_day_summary,6233003,5
step_count,binning_data,active_time,recommendation,run_step_count,update_time,source_package_name,create_time,source_info,speed,distance,calorie,walk_step_count,deviceuuid,pkg_name,healthy_step,achievement,datauuid,day_time
1926,f6030075-8ece-45f6-bc53-6d353d5b7843.binning_data.json,1113535,6000,18,2023-01-26 17:10:35.186,com.sec.android.app.shealth,2023-01-26 17:10:35.186,f6030075-8ece-45f6-bc53-6d353d5b7843.source_info.json,1.3062984,1454.6101,98.06003,1908,VfS0qUERdZ,com.sec.android.app.shealth,0,f6030075-8ece-45f6-bc53-6d353d5b7843.achievement.json,f6030075-8ece-45f6-bc53-6d353d5b7843,1674518400000,
1813,b56df413-db3f-4e58-a28e-630f240d9337.binning_data.json,1093725,6000,14,2023-01-26 17:10:35.410,com.sec.android.app.shealth,2023-01-26 17:10:35.410,b56df413-db3f-4e58-a28e-630f240d9337.source_info.json,1.2261393,1341.0599,65.95001,1799,VfS0qUERdZ,com.sec.android.app.shealth,0,b56df413-db3f-4e58-a28e-630f240d9337.achievement.json,b56df413-db3f-4e58-a28e-630f240d9337,1674345600000,
2554,60df5626-abd5-4a60-953d-5e989477354f.binning_data.json,1451411,6000,35,2023-01-26 17:10:35.236,com.sec.android.app.shealth,2023-01-26 17:10:35.236,60df5626-abd5-4a60-953d-5e989477354f.source_info.json,1.3336122,1935.6199,82.289955,2519,VfS0qUERdZ,com.sec.android.app.shealth,0,60df5626-abd5-4a60-953d-5e989477354f.achievement.json,60df5626-abd5-4a60-953d-5e989477354f,1674432000000,
2792,e25ef611-9864-44aa-a45d-e65f42c95acb.binning_data.json,1630589,6000,17,2023-01-27 08:28:27.347,com.sec.android.app.shealth,2023-01-26 17:11:01.942,e25ef611-9864-44aa-a45d-e65f42c95acb.source_info.json,1.2920175,2106.7502,144.31,2775,VfS0qUERdZ,com.sec.android.app.shealth,0,e25ef611-9864-44aa-a45d-e65f42c95acb.achievement.json,e25ef611-9864-44aa-a45d-e65f42c95acb,1674691200000,
1836,1c8a9ada-049c-438c-bdc6-8672ca253214.binning_data.json,1077418,6000,0,2023-01-27 06:00:01.138,com.sec.android.app.shealth,2023-01-27 06:00:01.138,,1.2878559,1387.5599,90.759995,1836,aZEautf6/t,com.sec.android.app.shealth,0,1c8a9ada-049c-438c-bdc6-8672ca253214.achievement.json,1c8a9ada-049c-438c-bdc6-8672ca253214,1674691200000,
2360,54d17b19-7d41-4e56-8676-b6bf836eb5a8.binning_data.json,1352004,6000,17,2023-01-28 06:00:28.453,com.sec.android.app.shealth,2023-01-27 06:00:02.282,,1.3234801,1789.3506,127.26004,2343,iRIQdWw88T,com.sec.android.app.shealth,0,54d17b19-7d41-4e56-8676-b6bf836eb5a8.achievement.json,54d17b19-7d41-4e56-8676-b6bf836eb5a8,1674691200000,
1046,18a458ea-2899-4245-8055-b6138c401dcd.binning_data.json,655350,6000,1,2023-01-26 17:10:35.207,com.sec.android.app.shealth,2023-01-26 17:10:35.207,18a458ea-2899-4245-8055-b6138c401dcd.source_info.json,1.1741658,769.49,51.989998,1045,VfS0qUERdZ,com.sec.android.app.shealth,0,18a458ea-2899-4245-8055-b6138c401dcd.achievement.json,18a458ea-2899-4245-8055-b6138c401dcd,1674604800000,
1046,8b76dc3b-3675-4888-aea0-a50b70e83da1.binning_data.json,655350,6000,1,2023-01-27 06:00:02.418,com.sec.android.app.shealth,2023-01-27 06:00:02.418,,1.1741658,769.49,51.989998,1045,iRIQdWw88T,com.sec.android.app.shealth,0,8b76dc3b-3675-4888-aea0-a50b70e83da1.achievement.json,8b76dc3b-3675-4888-aea0-a50b70e83da1,1674604800000,
2554,12715b15-fc1b-4e5e-bbd5-77028934a7ac.binning_data.json,1451411,6000,35,2023-01-27 06:00:02.316,com.sec.android.app.shealth,2023-01-27 06:00:02.316,,1.3336122,1935.6199,82.289955,2519,iRIQdWw88T,com.sec.android.app.shealth,0,12715b15-fc1b-4e5e-bbd5-77028934a7ac.achievement.json,12715b15-fc1b-4e5e-bbd5-77028934a7ac,1674432000000,
1926,82d19f9f-7583-4cf2-ad43-b798f4981a82.binning_data.json,1113535,6000,18,2023-01-27 06:00:02.290,com.sec.android.app.shealth,2023-01-27 06:00:02.290,,1.3062984,1454.6101,98.06003,1908,iRIQdWw88T,com.sec.android.app.shealth,0,82d19f9f-7583-4cf2-ad43-b798f4981a82.achievement.json,82d19f9f-7583-4cf2-ad43-b798f4981a82,1674518400000,
1813,4a28f330-8458-4696-a2ca-d4053da15630.binning_data.json,1093725,6000,14,2023-01-27 06:00:02.288,com.sec.android.app.shealth,2023-01-27 06:00:02.288,,1.2261393,1341.0599,65.95001,1799,iRIQdWw88T,com.sec.android.app.shealth,0,4a28f330-8458-4696-a2ca-d4053da15630.achievement.json,4a28f330-8458-4696-a2ca-d4053da15630,1674345600000,
139,e32d1698-a7d9-4c08-b2ba-a47b28e0a8f3.binning_data.json,84899,6000,0,2023-01-28 06:00:27.348,com.sec.android.app.shealth,2023-01-28 06:00:27.348,,1.2194368,103.53,6.81,139,aZEautf6/t,com.sec.android.app.shealth,0,e32d1698-a7d9-4c08-b2ba-a47b28e0a8f3.achievement.json,e32d1698-a7d9-4c08-b2ba-a47b28e0a8f3,1674777600000,
3052,f0fdbf28-4bc8-4180-b604-20bf63ffce6a.binning_data.json,1800080,6000,3,2023-01-30 06:00:02.290,com.sec.android.app.shealth,2023-01-29 06:00:02.759,,1.2702211,2286.5,151.92978,3049,iRIQdWw88T,com.sec.android.app.shealth,0,f0fdbf28-4bc8-4180-b604-20bf63ffce6a.achievement.json,f0fdbf28-4bc8-4180-b604-20bf63ffce6a,1674864000000,
2437,6974c1eb-b722-4c2b-96ce-cb702e952af4.binning_data.json,1428969,6000,0,2023-01-29 06:00:01.584,com.sec.android.app.shealth,2023-01-29 06:00:01.584,,1.2891458,1842.15,121.21,2437,aZEautf6/t,com.sec.android.app.shealth,0,6974c1eb-b722-4c2b-96ce-cb702e952af4.achievement.json,6974c1eb-b722-4c2b-96ce-cb702e952af4,1674864000000,
836,ef099e25-69d4-4a6b-96db-e2c54ace535f.binning_data.json,516421,6000,5,2023-01-28 19:16:10.446,com.sec.android.app.shealth,2023-01-27 08:27:14.571,ef099e25-69d4-4a6b-96db-e2c54ace535f.source_info.json,1.1987317,619.0504,41.63001,831,VfS0qUERdZ,com.sec.android.app.shealth,0,ef099e25-69d4-4a6b-96db-e2c54ace535f.achievement.json,ef099e25-69d4-4a6b-96db-e2c54ace535f,1674777600000,
807,466ece32-d5eb-41be-9f56-3033255f9cd2.binning_data.json,494454,6000,5,2023-01-29 06:00:02.766,com.sec.android.app.shealth,2023-01-28 06:00:28.462,,1.2111543,598.8604,40.140007,802,iRIQdWw88T,com.sec.android.app.shealth,0,466ece32-d5eb-41be-9f56-3033255f9cd2.achievement.json,466ece32-d5eb-41be-9f56-3033255f9cd2,1674777600000,
3478,b2bcb609-62e2-4d96-9466-a97649d991c8.binning_data.json,2067560,6000,3,2023-01-29 09:29:24.415,com.sec.android.app.shealth,2023-01-28 19:16:10.135,b2bcb609-62e2-4d96-9466-a97649d991c8.source_info.json,1.2625602,2610.4197,173.65,3475,VfS0qUERdZ,com.sec.android.app.shealth,0,b2bcb609-62e2-4d96-9466-a97649d991c8.achievement.json,b2bcb609-62e2-4d96-9466-a97649d991c8,1674864000000,
1867,670b37cb-8689-4f67-aff1-f85a5375a536.binning_data.json,1078787,6000,20,2023-02-01 06:00:02.197,com.sec.android.app.shealth,2023-01-31 06:00:01.894,,1.3073003,1410.2994,93.559875,1847,iRIQdWw88T,com.sec.android.app.shealth,0,670b37cb-8689-4f67-aff1-f85a5375a536.achievement.json,670b37cb-8689-4f67-aff1-f85a5375a536,1675036800000,
73,eab75dba-c469-4d69-828f-59c0dd25ab21.binning_data.json,47493,6000,0,2023-01-30 06:00:01.297,com.sec.android.app.shealth,2023-01-30 06:00:01.297,,1.1388888,54.09,3.6,73,aZEautf6/t,com.sec.android.app.shealth,0,eab75dba-c469-4d69-828f-59c0dd25ab21.achievement.json,eab75dba-c469-4d69-828f-59c0dd25ab21,1674950400000,
801,5bdfe755-bae6-4895-8ca5-765cf6f7ad57.binning_data.json,480935,6000,4,2023-01-31 06:00:01.901,com.sec.android.app.shealth,2023-01-30 06:00:02.311,,1.2385648,595.67,39.00992,797,iRIQdWw88T,com.sec.android.app.shealth,0,5bdfe755-bae6-4895-8ca5-765cf6f7ad57.achievement.json,5bdfe755-bae6-4895-8ca5-765cf6f7ad57,1674950400000,
812,dfcd0ed6-4cd2-44e2-acf0-205111b06a04.binning_data.json,489416,6000,4,2023-01-30 15:26:44.052,com.sec.android.app.shealth,2023-01-29 09:29:24.123,dfcd0ed6-4cd2-44e2-acf0-205111b06a04.source_info.json,1.2357378,604.79,39.59992,808,VfS0qUERdZ,com.sec.android.app.shealth,0,dfcd0ed6-4cd2-44e2-acf0-205111b06a04.achievement.json,dfcd0ed6-4cd2-44e2-acf0-205111b06a04,1674950400000,
2071,eb93f97f-922a-449a-836d-3a6971ce4994.binning_data.json,1267325,6000,0,2023-01-31 06:00:00.971,com.sec.android.app.shealth,2023-01-31 06:00:00.971,,1.2256676,1553.32,102.75001,2071,aZEautf6/t,com.sec.android.app.shealth,0,eb93f97f-922a-449a-836d-3a6971ce4994.achievement.json,eb93f97f-922a-449a-836d-3a6971ce4994,1675036800000,
2847,2c10c72f-a72b-49a9-931a-fdbdb65841ef.binning_data.json,1675224,6000,17,2023-02-03 06:00:03.048,com.sec.android.app.shealth,2023-02-02 06:00:03.663,,1.2737736,2133.8567,143.34966,2830,iRIQdWw88T,com.sec.android.app.shealth,0,2c10c72f-a72b-49a9-931a-fdbdb65841ef.achievement.json,2c10c72f-a72b-49a9-931a-fdbdb65841ef,1675209600000,
340,103d0d5f-09a1-4bb2-9cd8-a05be0ea9559.binning_data.json,212064,6000,0,2023-02-01 06:00:01.031,com.sec.android.app.shealth,2023-02-01 06:00:01.031,,1.18799,251.93001,10.88,340,aZEautf6/t,com.sec.android.app.shealth,0,103d0d5f-09a1-4bb2-9cd8-a05be0ea9559.achievement.json,103d0d5f-09a1-4bb2-9cd8-a05be0ea9559,1675123200000,
2822,a69baa0b-ff12-4dc1-8a5c-1732fa89a24c.binning_data.json,1723089,6000,18,2023-01-31 14:49:58.658,com.sec.android.app.shealth,2023-01-30 15:26:43.803,a69baa0b-ff12-4dc1-8a5c-1732fa89a24c.source_info.json,1.2253802,2111.4397,140.92987,2804,VfS0qUERdZ,com.sec.android.app.shealth,0,a69baa0b-ff12-4dc1-8a5c-1732fa89a24c.achievement.json,a69baa0b-ff12-4dc1-8a5c-1732fa89a24c,1675036800000,
1090,5a967fc1-9179-42a1-a653-30ac114ec6df.binning_data.json,652300,6000,7,2023-02-02 06:00:03.673,com.sec.android.app.shealth,2023-02-01 06:00:02.225,,1.2455146,812.4503,54.419807,1083,iRIQdWw88T,com.sec.android.app.shealth,0,5a967fc1-9179-42a1-a653-30ac114ec6df.achievement.json,5a967fc1-9179-42a1-a653-30ac114ec6df,1675123200000,
609,08698471-f4f2-441c-9772-71caaa7167de.binning_data.json,370400,6000,0,2023-02-03 06:00:01.955,com.sec.android.app.shealth,2023-02-03 06:00:01.955,,1.2296406,455.46,21.509996,609,aZEautf6/t,com.sec.android.app.shealth,0,08698471-f4f2-441c-9772-71caaa7167de.achievement.json,08698471-f4f2-441c-9772-71caaa7167de,1675296000000,
1235,dea87e1a-f38d-461f-9932-51ad083c3016.binning_data.json,746832,6000,7,2023-02-01 08:16:50.538,com.sec.android.app.shealth,2023-01-31 10:11:56.643,dea87e1a-f38d-461f-9932-51ad083c3016.source_info.json,1.2317629,919.9199,57.079845,1228,VfS0qUERdZ,com.sec.android.app.shealth,0,dea87e1a-f38d-461f-9932-51ad083c3016.achievement.json,dea87e1a-f38d-461f-9932-51ad083c3016,1675123200000,
2593,56c89361-066e-42d2-a287-0d64c4ff816b.binning_data.json,1560727,6000,0,2023-02-02 06:00:02.529,com.sec.android.app.shealth,2023-02-02 06:00:02.529,,1.2388265,1933.47,79.569984,2593,aZEautf6/t,com.sec.android.app.shealth,0,56c89361-066e-42d2-a287-0d64c4ff816b.achievement.json,56c89361-066e-42d2-a287-0d64c4ff816b,1675209600000,
841,9db5dfb8-780e-421e-949f-249fccf7d817.binning_data.json,519350,6000,2,2023-02-04 06:00:02.271,com.sec.android.app.shealth,2023-02-04 06:00:02.271,,1.2000381,623.2407,42.059933,839,iRIQdWw88T,com.sec.android.app.shealth,0,9db5dfb8-780e-421e-949f-249fccf7d817.achievement.json,9db5dfb8-780e-421e-949f-249fccf7d817,1675382400000,
1235,bbb97157-4318-492c-a954-2e3e5e5153c1.binning_data.json,618968,6000,29,2023-02-03 06:00:03.069,com.sec.android.app.shealth,2023-02-03 06:00:03.069,,1.5241662,943.4113,63.859806,1206,iRIQdWw88T,com.sec.android.app.shealth,0,bbb97157-4318-492c-a954-2e3e5e5153c1.achievement.json,bbb97157-4318-492c-a954-2e3e5e5153c1,1675296000000,
737,a61b54d3-9922-4b09-a9c2-42aa58dad2cb.binning_data.json,453075,6000,6,2023-02-05 06:00:02.434,com.sec.android.app.shealth,2023-02-05 06:00:02.434,,1.21823,551.94995,23.719997,731,aZEautf6/t,com.sec.android.app.shealth,0,a61b54d3-9922-4b09-a9c2-42aa58dad2cb.achievement.json,a61b54d3-9922-4b09-a9c2-42aa58dad2cb,1675468800000,
159,0c84e6e9-7387-4bbb-bd03-f615170702cc.binning_data.json,99614,6000,0,2023-02-04 06:00:01.339,com.sec.android.app.shealth,2023-02-04 06:00:01.339,,1.1816571,117.71,4.9599996,159,aZEautf6/t,com.sec.android.app.shealth,0,0c84e6e9-7387-4bbb-bd03-f615170702cc.achievement.json,0c84e6e9-7387-4bbb-bd03-f615170702cc,1675382400000,
1069,735e2886-89ea-485e-8cb6-23bf7afd73e9.binning_data.json,629371,6000,7,2023-02-06 06:00:02.744,com.sec.android.app.shealth,2023-02-06 06:00:02.744,,1.2735875,801.5599,52.89002,1062,iRIQdWw88T,com.sec.android.app.shealth,0,735e2886-89ea-485e-8cb6-23bf7afd73e9.achievement.json,735e2886-89ea-485e-8cb6-23bf7afd73e9,1675555200000,
1064,f3148470-1fa7-414e-9f27-20458e218e8d.binning_data.json,614165,6000,38,2023-02-06 06:00:02.722,com.sec.android.app.shealth,2023-02-05 06:00:03.572,,1.3096827,804.3618,55.499825,1026,iRIQdWw88T,com.sec.android.app.shealth,0,f3148470-1fa7-414e-9f27-20458e218e8d.achievement.json,f3148470-1fa7-414e-9f27-20458e218e8d,1675468800000,
3449,9e039e36-68e5-473a-a2ad-c94e44a84f92.binning_data.json,2037574,6000,11,2023-02-02 09:38:07.809,com.sec.android.app.shealth,2023-02-01 08:16:50.293,9e039e36-68e5-473a-a2ad-c94e44a84f92.source_info.json,1.265303,2578.1487,137.8399,3438,VfS0qUERdZ,com.sec.android.app.shealth,0,9e039e36-68e5-473a-a2ad-c94e44a84f92.achievement.json,9e039e36-68e5-473a-a2ad-c94e44a84f92,1675209600000,
136,bc1f0dc1-2e96-47d0-9f65-c2da9081c80d.binning_data.json,86235,6000,0,2023-02-06 06:00:01.774,com.sec.android.app.shealth,2023-02-06 06:00:01.774,,1.1645979,100.43,4.33,136,aZEautf6/t,com.sec.android.app.shealth,0,bc1f0dc1-2e96-47d0-9f65-c2da9081c80d.achievement.json,bc1f0dc1-2e96-47d0-9f65-c2da9081c80d,1675555200000,
1926,709070b5-bf8a-4491-abc1-bdd6ce654fe9.binning_data.json,1161645,6000,7,2023-02-08 06:00:03.047,com.sec.android.app.shealth,2023-02-07 06:00:02.761,,1.2330351,1432.35,95.550026,1919,iRIQdWw88T,com.sec.android.app.shealth,0,709070b5-bf8a-4491-abc1-bdd6ce654fe9.achievement.json,709070b5-bf8a-4491-abc1-bdd6ce654fe9,1675641600000,
2575,c04656ee-0000-4796-b960-377278947891.binning_data.json,1524795,6000,23,2023-02-09 06:00:02.064,com.sec.android.app.shealth,2023-02-08 06:00:03.030,,1.2673244,1932.4104,130.50996,2552,iRIQdWw88T,com.sec.android.app.shealth,0,c04656ee-0000-4796-b960-377278947891.achievement.json,c04656ee-0000-4796-b960-377278947891,1675728000000,
1458,9b1ef779-b4e2-4156-86a2-440336e0c562.binning_data.json,768310,6000,29,2023-02-03 05:49:55.244,com.sec.android.app.shealth,2023-02-02 19:06:19.049,9b1ef779-b4e2-4156-86a2-440336e0c562.source_info.json,1.4399916,1106.361,67.729866,1429,VfS0qUERdZ,com.sec.android.app.shealth,0,9b1ef779-b4e2-4156-86a2-440336e0c562.achievement.json,9b1ef779-b4e2-4156-86a2-440336e0c562,1675296000000,
234,2138ea38-5568-4070-8b85-d97da24469a8.binning_data.json,143416,6000,0,2023-02-07 06:00:01.832,com.sec.android.app.shealth,2023-02-07 06:00:01.832,,1.2167374,174.5,7.4199996,234,aZEautf6/t,com.sec.android.app.shealth,0,2138ea38-5568-4070-8b85-d97da24469a8.achievement.json,2138ea38-5568-4070-8b85-d97da24469a8,1675641600000,
1844,e796d090-3e3b-49e9-90db-4311f609246b.binning_data.json,1131838,6000,0,2023-02-08 06:00:02.121,com.sec.android.app.shealth,2023-02-08 06:00:02.121,,1.2082379,1367.5298,56.599995,1844,aZEautf6/t,com.sec.android.app.shealth,0,e796d090-3e3b-49e9-90db-4311f609246b.achievement.json,e796d090-3e3b-49e9-90db-4311f609246b,1675728000000,
618,c7521a99-ea0c-452b-98a9-444e8a21af8d.binning_data.json,371342,6000,5,2023-02-09 06:00:02.042,com.sec.android.app.shealth,2023-02-09 06:00:02.042,,1.2368928,459.31064,31.199953,613,iRIQdWw88T,com.sec.android.app.shealth,0,c7521a99-ea0c-452b-98a9-444e8a21af8d.achievement.json,c7521a99-ea0c-452b-98a9-444e8a21af8d,1675814400000,
878,2c747a5e-7da7-4be2-b654-f19017acce53.binning_data.json,546195,6000,2,2023-02-04 03:37:06.352,com.sec.android.app.shealth,2023-02-03 10:44:21.436,2c747a5e-7da7-4be2-b654-f19017acce53.source_info.json,1.188935,649.3907,41.549934,876,VfS0qUERdZ,com.sec.android.app.shealth,0,2c747a5e-7da7-4be2-b654-f19017acce53.achievement.json,2c747a5e-7da7-4be2-b654-f19017acce53,1675382400000,
1195,ca0ca75e-cd1e-4945-997d-7fb3532fce92.binning_data.json,721480,6000,9,2023-02-10 06:00:01.558,com.sec.android.app.shealth,2023-02-10 06:00:01.558,,1.2383704,893.4601,37.919994,1186,aZEautf6/t,com.sec.android.app.shealth,0,ca0ca75e-cd1e-4945-997d-7fb3532fce92.achievement.json,ca0ca75e-cd1e-4945-997d-7fb3532fce92,1675900800000,
1928,21c451e3-3fad-4e77-8a6b-44af5bf072fb.binning_data.json,1139815,6000,17,2023-02-11 06:00:02.856,com.sec.android.app.shealth,2023-02-10 06:00:02.493,,1.2669506,1444.09,99.299995,1911,iRIQdWw88T,com.sec.android.app.shealth,0,21c451e3-3fad-4e77-8a6b-44af5bf072fb.achievement.json,21c451e3-3fad-4e77-8a6b-44af5bf072fb,1675900800000,
104,4e475f8d-f3cc-4e68-acfe-aa8b1a6c053b.binning_data.json,66154,6000,0,2023-02-09 06:00:01.080,com.sec.android.app.shealth,2023-02-09 06:00:01.080,,1.1492854,76.03,3.34,104,aZEautf6/t,com.sec.android.app.shealth,0,4e475f8d-f3cc-4e68-acfe-aa8b1a6c053b.achievement.json,4e475f8d-f3cc-4e68-acfe-aa8b1a6c053b,1675814400000,
5196,fecee7c7-536a-4230-9e62-10ea23ed9ba4.binning_data.json,3311128,6000,0,2023-02-12 06:00:02.133,com.sec.android.app.shealth,2023-02-12 06:00:02.133,,1.1670372,3864.21,258.19,5196,aZEautf6/t,com.sec.android.app.shealth,0,fecee7c7-536a-4230-9e62-10ea23ed9ba4.achievement.json,fecee7c7-536a-4230-9e62-10ea23ed9ba4,1676073600000,
1322,473d2122-9a62-4891-9deb-a24730607013.binning_data.json,780024,6000,38,2023-02-05 15:24:11.511,com.sec.android.app.shealth,2023-02-04 07:15:54.641,473d2122-9a62-4891-9deb-a24730607013.source_info.json,1.2754099,994.85114,58.629852,1284,VfS0qUERdZ,com.sec.android.app.shealth,0,473d2122-9a62-4891-9deb-a24730607013.achievement.json,473d2122-9a62-4891-9deb-a24730607013,1675468800000,
4364,6a1969d7-8063-479a-bb2f-af40f7079423.binning_data.json,2610806,6000,5,2023-02-13 06:00:03.376,com.sec.android.app.shealth,2023-02-12 06:00:03.305,,1.245929,3252.88,218.05,4359,iRIQdWw88T,com.sec.android.app.shealth,0,6a1969d7-8063-479a-bb2f-af40f7079423.achievement.json,6a1969d7-8063-479a-bb2f-af40f7079423,1676073600000,
815,43f2ed90-0e70-4431-875a-b34fc4df92a3.binning_data.json,496151,6000,1,2023-02-12 06:00:03.271,com.sec.android.app.shealth,2023-02-11 06:00:02.874,,1.2156373,603.13983,40.140022,814,iRIQdWw88T,com.sec.android.app.shealth,0,43f2ed90-0e70-4431-875a-b34fc4df92a3.achievement.json,43f2ed90-0e70-4431-875a-b34fc4df92a3,1675987200000,
546,2e967da3-9309-46f4-814a-f394018bb6d3.binning_data.json,332249,6000,0,2023-02-11 06:00:01.905,com.sec.android.app.shealth,2023-02-11 06:00:01.905,,1.2220321,406.02,17.23,546,aZEautf6/t,com.sec.android.app.shealth,0,2e967da3-9309-46f4-814a-f394018bb6d3.achievement.json,2e967da3-9309-46f4-814a-f394018bb6d3,1675987200000,
1106,0ee4fed6-3567-4276-8f14-00e88df20d1f.binning_data.json,654200,6000,7,2023-02-06 05:27:54.952,com.sec.android.app.shealth,2023-02-05 15:24:11.281,0ee4fed6-3567-4276-8f14-00e88df20d1f.source_info.json,1.2676694,829.3099,53.45002,1099,VfS0qUERdZ,com.sec.android.app.shealth,0,0ee4fed6-3567-4276-8f14-00e88df20d1f.achievement.json,0ee4fed6-3567-4276-8f14-00e88df20d1f,1675555200000,
916,35e10103-15c1-446d-bf4e-bbb2db9152b6.binning_data.json,558628,6000,0,2023-02-14 06:00:01.710,com.sec.android.app.shealth,2023-02-14 06:00:01.710,,1.2345582,689.66,45.329998,916,aZEautf6/t,com.sec.android.app.shealth,0,35e10103-15c1-446d-bf4e-bbb2db9152b6.achievement.json,35e10103-15c1-446d-bf4e-bbb2db9152b6,1676246400000,
3099,f4f28c33-7838-44c5-9cb4-4030c08413b2.binning_data.json,1781240,6000,39,2023-02-15 06:01:02.143,com.sec.android.app.shealth,2023-02-14 06:00:02.972,,1.3142712,2341.0337,159.08987,3060,iRIQdWw88T,com.sec.android.app.shealth,0,f4f28c33-7838-44c5-9cb4-4030c08413b2.achievement.json,f4f28c33-7838-44c5-9cb4-4030c08413b2,1676246400000,
1955,77f73043-f3ec-479b-b29f-6058ec32fecc.binning_data.json,1130414,6000,18,2023-02-14 06:00:02.984,com.sec.android.app.shealth,2023-02-13 06:00:03.364,,1.3038402,1473.8805,98.699814,1937,iRIQdWw88T,com.sec.android.app.shealth,0,77f73043-f3ec-479b-b29f-6058ec32fecc.achievement.json,77f73043-f3ec-479b-b29f-6058ec32fecc,1676160000000,
2041,c4503878-4c31-4d59-8623-dd0a8343af95.binning_data.json,1230229,6000,7,2023-02-07 07:30:33.658,com.sec.android.app.shealth,2023-02-06 11:05:42.902,c4503878-4c31-4d59-8623-dd0a8343af95.source_info.json,1.2348588,1519.1599,98.39003,2034,VfS0qUERdZ,com.sec.android.app.shealth,0,c4503878-4c31-4d59-8623-dd0a8343af95.achievement.json,c4503878-4c31-4d59-8623-dd0a8343af95,1675641600000,
1620,66b6d788-e804-40b5-96c1-0b07ad3e75bb.binning_data.json,965885,6000,4,2023-02-13 06:00:02.302,com.sec.android.app.shealth,2023-02-13 06:00:02.302,,1.2715584,1228.18,80.97,1616,aZEautf6/t,com.sec.android.app.shealth,0,66b6d788-e804-40b5-96c1-0b07ad3e75bb.achievement.json,66b6d788-e804-40b5-96c1-0b07ad3e75bb,1676160000000,
292,0106c533-2030-40e3-8a6d-ae0a97f314b7.binning_data.json,183352,6000,0,2023-02-16 06:04:36.088,com.sec.android.app.shealth,2023-02-16 06:04:36.088,,1.1858603,217.43,14.33,292,aZEautf6/t,com.sec.android.app.shealth,0,0106c533-2030-40e3-8a6d-ae0a97f314b7.achievement.json,0106c533-2030-40e3-8a6d-ae0a97f314b7,1676419200000,
2883,b20b0a9e-b296-47ed-bd47-b445efd98a54.binning_data.json,1738341,6000,23,2023-02-08 07:26:13.309,com.sec.android.app.shealth,2023-02-07 07:30:33.341,b20b0a9e-b296-47ed-bd47-b445efd98a54.source_info.json,1.2366327,2149.6902,118.96996,2860,VfS0qUERdZ,com.sec.android.app.shealth,0,b20b0a9e-b296-47ed-bd47-b445efd98a54.achievement.json,b20b0a9e-b296-47ed-bd47-b445efd98a54,1675728000000,
1104,d09e6b28-e5f3-46be-8dee-d7ccdc766740.binning_data.json,684368,6000,8,2023-02-16 06:04:37.806,com.sec.android.app.shealth,2023-02-15 06:01:02.138,,1.1903248,814.6207,55.009846,1096,iRIQdWw88T,com.sec.android.app.shealth,0,d09e6b28-e5f3-46be-8dee-d7ccdc766740.achievement.json,d09e6b28-e5f3-46be-8dee-d7ccdc766740,1676332800000,
722,214ce446-e65d-4d96-867d-2aaed361a75f.binning_data.json,437496,6000,5,2023-02-09 05:23:28.343,com.sec.android.app.shealth,2023-02-08 07:26:13.065,214ce446-e65d-4d96-867d-2aaed361a75f.source_info.json,1.2236456,535.34064,34.539955,717,VfS0qUERdZ,com.sec.android.app.shealth,0,214ce446-e65d-4d96-867d-2aaed361a75f.achievement.json,214ce446-e65d-4d96-867d-2aaed361a75f,1675814400000,
1050,6f9eb0bf-eaa9-47cb-932d-315a823aada7.binning_data.json,633512,6000,17,2023-02-17 06:00:02.985,com.sec.android.app.shealth,2023-02-16 06:04:37.800,,1.2403674,785.7883,52.379707,1033,iRIQdWw88T,com.sec.android.app.shealth,0,6f9eb0bf-eaa9-47cb-932d-315a823aada7.achievement.json,6f9eb0bf-eaa9-47cb-932d-315a823aada7,1676419200000,
630,fb2d770d-db42-4ae4-82c1-c3a82befb81e.binning_data.json,388618,6000,0,2023-02-18 06:00:13.609,com.sec.android.app.shealth,2023-02-17 06:00:02.975,,1.197188,465.24997,31.459946,630,iRIQdWw88T,com.sec.android.app.shealth,0,fb2d770d-db42-4ae4-82c1-c3a82befb81e.achievement.json,fb2d770d-db42-4ae4-82c1-c3a82befb81e,1676505600000,
2863,686ecd84-2256-43e9-aafc-d5970178fffd.binning_data.json,1791996,6000,0,2023-02-18 06:00:12.610,com.sec.android.app.shealth,2023-02-18 06:00:12.610,,1.1919218,2135.92,142.48,2863,aZEautf6/t,com.sec.android.app.shealth,0,686ecd84-2256-43e9-aafc-d5970178fffd.achievement.json,686ecd84-2256-43e9-aafc-d5970178fffd,1676592000000,
584,da1fc641-cf9f-4412-83d9-8b0c7691b65f.binning_data.json,361968,6000,0,2023-02-15 06:00:01.790,com.sec.android.app.shealth,2023-02-15 06:00:01.790,,1.2043303,435.93,28.74,584,aZEautf6/t,com.sec.android.app.shealth,0,da1fc641-cf9f-4412-83d9-8b0c7691b65f.achievement.json,da1fc641-cf9f-4412-83d9-8b0c7691b65f,1676332800000,
3105,23e0b047-2b72-48e4-a961-8b5117983206.binning_data.json,1769306,6000,14,2023-02-19 06:00:02.602,com.sec.android.app.shealth,2023-02-18 06:00:13.629,,1.3300259,2353.2236,156.82977,3091,iRIQdWw88T,com.sec.android.app.shealth,0,23e0b047-2b72-48e4-a961-8b5117983206.achievement.json,23e0b047-2b72-48e4-a961-8b5117983206,1676592000000,
1139,3e4e42a7-6edc-46bc-a89e-90d251ed8344.binning_data.json,699077,6000,0,2023-02-11 11:00:41.754,com.sec.android.app.shealth,2023-02-10 16:08:29.471,3e4e42a7-6edc-46bc-a89e-90d251ed8344.source_info.json,1.206462,843.4098,46.530025,1139,VfS0qUERdZ,com.sec.android.app.shealth,0,3e4e42a7-6edc-46bc-a89e-90d251ed8344.achievement.json,3e4e42a7-6edc-46bc-a89e-90d251ed8344,1675987200000,
3008,1c36e071-e398-4a1b-adb7-b267379f112b.binning_data.json,1791860,6000,76,2023-02-20 06:29:04.194,com.sec.android.app.shealth,2023-02-19 06:00:02.582,,1.2560182,2250.6099,154.79013,2932,iRIQdWw88T,com.sec.android.app.shealth,0,1c36e071-e398-4a1b-adb7-b267379f112b.achievement.json,1c36e071-e398-4a1b-adb7-b267379f112b,1676678400000,
2209,db4357c9-183a-4308-9780-c90ea298a57a.binning_data.json,1320578,6000,26,2023-02-10 16:08:29.811,com.sec.android.app.shealth,2023-02-09 10:15:47.515,db4357c9-183a-4308-9780-c90ea298a57a.source_info.json,1.2522469,1653.69,97.03,2183,VfS0qUERdZ,com.sec.android.app.shealth,0,db4357c9-183a-4308-9780-c90ea298a57a.achievement.json,db4357c9-183a-4308-9780-c90ea298a57a,1675900800000,
1864,49f6d340-fb8d-4008-be28-9d333a71e201.binning_data.json,1185360,6000,0,2023-02-20 06:29:03.196,com.sec.android.app.shealth,2023-02-20 06:29:03.196,,1.1674924,1383.8998,92.74,1864,aZEautf6/t,com.sec.android.app.shealth,0,49f6d340-fb8d-4008-be28-9d333a71e201.achievement.json,49f6d340-fb8d-4008-be28-9d333a71e201,1676764800000,
111,ad47db88-efb7-434d-9d61-eddee9a1a3ee.binning_data.json,65676,6000,0,2023-02-17 06:00:01.757,com.sec.android.app.shealth,2023-02-17 06:00:01.757,,1.2742774,83.69,5.29,111,aZEautf6/t,com.sec.android.app.shealth,0,ad47db88-efb7-434d-9d61-eddee9a1a3ee.achievement.json,ad47db88-efb7-434d-9d61-eddee9a1a3ee,1676505600000,
2832,e9003458-c7c6-4337-9fb1-53d8cbe77938.binning_data.json,1727022,6000,29,2023-02-20 06:29:04.188,com.sec.android.app.shealth,2023-02-20 06:29:04.188,,1.2201313,2107.1943,142.91054,2803,iRIQdWw88T,com.sec.android.app.shealth,0,e9003458-c7c6-4337-9fb1-53d8cbe77938.achievement.json,e9003458-c7c6-4337-9fb1-53d8cbe77938,1676764800000,
1073,a536e879-dbe0-4984-8d93-b89d1298be9a.binning_data.json,622046,6000,45,2023-02-19 06:00:01.325,com.sec.android.app.shealth,2023-02-19 06:00:01.325,,1.3484204,838.77997,56.739998,1028,aZEautf6/t,com.sec.android.app.shealth,0,a536e879-dbe0-4984-8d93-b89d1298be9a.achievement.json,a536e879-dbe0-4984-8d93-b89d1298be9a,1676678400000,
2541,8385246e-da17-4a88-8ce3-5896ea7bbebd.binning_data.json,1466500,6000,22,2023-02-13 10:25:17.641,com.sec.android.app.shealth,2023-02-12 06:35:54.201,8385246e-da17-4a88-8ce3-5896ea7bbebd.source_info.json,1.3159363,1929.8206,128.99982,2519,VfS0qUERdZ,com.sec.android.app.shealth,0,8385246e-da17-4a88-8ce3-5896ea7bbebd.achievement.json,8385246e-da17-4a88-8ce3-5896ea7bbebd,1676160000000,
1294,e7f5699b-1038-4e77-9fbd-9e00039f003f.binning_data.json,808951,6000,9,2023-02-22 06:19:52.517,com.sec.android.app.shealth,2023-02-21 07:16:19.633,,1.1811353,955.4806,64.270744,1285,iRIQdWw88T,com.sec.android.app.shealth,0,e7f5699b-1038-4e77-9fbd-9e00039f003f.achievement.json,e7f5699b-1038-4e77-9fbd-9e00039f003f,1676851200000,
1006,cf55e24f-a42a-47eb-aa28-56211fb609f2.binning_data.json,567817,6000,0,2023-02-22 06:19:49.563,com.sec.android.app.shealth,2023-02-22 06:19:49.563,,1.3557693,769.82996,50.089996,1006,aZEautf6/t,com.sec.android.app.shealth,0,cf55e24f-a42a-47eb-aa28-56211fb609f2.achievement.json,cf55e24f-a42a-47eb-aa28-56211fb609f2,1676937600000,
2398,4c80370d-f6f5-46e5-a018-dbf87d07ff3d.binning_data.json,1366990,6000,57,2023-02-23 06:41:06.003,com.sec.android.app.shealth,2023-02-22 06:19:52.510,,1.3330681,1822.292,122.2209,2341,iRIQdWw88T,com.sec.android.app.shealth,0,4c80370d-f6f5-46e5-a018-dbf87d07ff3d.achievement.json,4c80370d-f6f5-46e5-a018-dbf87d07ff3d,1676937600000,
6110,c9e9844c-974d-4129-b13b-db9d67fddc96.binning_data.json,3810496,6000,5,2023-02-12 13:06:51.885,com.sec.android.app.shealth,2023-02-11 08:00:36.686,c9e9844c-974d-4129-b13b-db9d67fddc96.source_info.json,1.1923697,4543.52,304.38,6105,VfS0qUERdZ,com.sec.android.app.shealth,0,c9e9844c-974d-4129-b13b-db9d67fddc96.achievement.json,c9e9844c-974d-4129-b13b-db9d67fddc96,1676073600000,
377,b634e8be-ec8c-4640-8cc5-3e477ebd622a.binning_data.json,236124,6000,0,2023-02-21 07:16:18.649,com.sec.android.app.shealth,2023-02-21 07:16:18.649,,1.1918709,281.43,18.380001,377,aZEautf6/t,com.sec.android.app.shealth,0,b634e8be-ec8c-4640-8cc5-3e477ebd622a.achievement.json,b634e8be-ec8c-4640-8cc5-3e477ebd622a,1676851200000,
916,af5f5bf8-77e1-4d00-9368-1ede1f02fbf2.binning_data.json,542804,6000,0,2023-02-24 06:00:01.214,com.sec.android.app.shealth,2023-02-24 06:00:01.214,,1.271543,690.1999,45.210003,916,aZEautf6/t,com.sec.android.app.shealth,0,af5f5bf8-77e1-4d00-9368-1ede1f02fbf2.achievement.json,af5f5bf8-77e1-4d00-9368-1ede1f02fbf2,1677110400000,
1368,6f7e2a66-25e1-4d3f-8620-6904c0517ee0.binning_data.json,851792,6000,8,2023-02-15 13:38:55.222,com.sec.android.app.shealth,2023-02-14 10:25:40.709,6f7e2a66-25e1-4d3f-8620-6904c0517ee0.source_info.json,1.1883996,1012.27,67.99988,1360,VfS0qUERdZ,com.sec.android.app.shealth,0,6f7e2a66-25e1-4d3f-8620-6904c0517ee0.achievement.json,6f7e2a66-25e1-4d3f-8620-6904c0517ee0,1676332800000,
1863,7a1c3a4a-ada4-4580-86a5-e38d31704bfc.binning_data.json,1115363,6000,3,2023-02-25 06:00:03.456,com.sec.android.app.shealth,2023-02-24 06:00:02.159,,1.2463512,1390.1348,92.54996,1860,iRIQdWw88T,com.sec.android.app.shealth,0,7a1c3a4a-ada4-4580-86a5-e38d31704bfc.achievement.json,7a1c3a4a-ada4-4580-86a5-e38d31704bfc,1677110400000,
1416,bd7e3472-fde0-4691-b5f8-9175c68677f3.binning_data.json,857315,6000,24,2023-02-24 06:00:02.173,com.sec.android.app.shealth,2023-02-23 06:41:06.024,,1.2289081,1053.562,72.240364,1392,iRIQdWw88T,com.sec.android.app.shealth,0,bd7e3472-fde0-4691-b5f8-9175c68677f3.achievement.json,bd7e3472-fde0-4691-b5f8-9175c68677f3,1677024000000,
3438,813f8819-0741-4e3e-b460-46fec7b592cd.binning_data.json,1994215,6000,37,2023-02-14 10:25:40.959,com.sec.android.app.shealth,2023-02-13 10:25:17.481,813f8819-0741-4e3e-b460-46fec7b592cd.source_info.json,1.3031809,2598.823,174.6199,3401,VfS0qUERdZ,com.sec.android.app.shealth,0,813f8819-0741-4e3e-b460-46fec7b592cd.achievement.json,813f8819-0741-4e3e-b460-46fec7b592cd,1676246400000,
3039,a16785cd-db6c-4a97-b780-7688efdc052f.binning_data.json,1935481,6000,0,2023-02-26 06:35:26.359,com.sec.android.app.shealth,2023-02-26 06:35:26.359,,1.1657408,2256.27,150.25,3039,aZEautf6/t,com.sec.android.app.shealth,0,a16785cd-db6c-4a97-b780-7688efdc052f.achievement.json,a16785cd-db6c-4a97-b780-7688efdc052f,1677283200000,
3323,feeb3cce-9989-4ef3-8875-4b5c239790d5.binning_data.json,2058580,6000,14,2023-02-27 06:02:40.993,com.sec.android.app.shealth,2023-02-26 06:35:27.375,,1.1917486,2453.3105,166.021,3309,iRIQdWw88T,com.sec.android.app.shealth,0,feeb3cce-9989-4ef3-8875-4b5c239790d5.achievement.json,feeb3cce-9989-4ef3-8875-4b5c239790d5,1677283200000,
213,e06d9d67-2040-4a27-8bdc-2f4fac0e8b5d.binning_data.json,131719,6000,0,2023-02-23 06:41:05.064,com.sec.android.app.shealth,2023-02-23 06:41:05.064,,1.1968632,157.65,10.54,213,aZEautf6/t,com.sec.android.app.shealth,0,e06d9d67-2040-4a27-8bdc-2f4fac0e8b5d.achievement.json,e06d9d67-2040-4a27-8bdc-2f4fac0e8b5d,1677024000000,
3027,e3904f29-d82e-4057-bae0-b13516b06c8b.binning_data.json,1804368,6000,27,2023-02-26 06:35:27.346,com.sec.android.app.shealth,2023-02-25 06:00:03.438,,1.2540325,2262.7373,152.95056,3000,iRIQdWw88T,com.sec.android.app.shealth,0,e3904f29-d82e-4057-bae0-b13516b06c8b.achievement.json,e3904f29-d82e-4057-bae0-b13516b06c8b,1677196800000,
4267,0a9cc9fe-9af0-4981-814e-145cb75e3e54.binning_data.json,2546165,6000,13,2023-03-01 06:00:03.096,com.sec.android.app.shealth,2023-02-28 06:00:07.774,,1.2543578,3193.8018,213.87296,4254,iRIQdWw88T,com.sec.android.app.shealth,0,0a9cc9fe-9af0-4981-814e-145cb75e3e54.achievement.json,0a9cc9fe-9af0-4981-814e-145cb75e3e54,1677456000000,
698,cf7f6269-3249-4d46-8b45-1f0ab921b0f1.binning_data.json,427924,6000,0,2023-02-17 13:13:43.438,com.sec.android.app.shealth,2023-02-16 07:30:09.683,cf7f6269-3249-4d46-8b45-1f0ab921b0f1.source_info.json,1.208717,517.24,34.609947,698,VfS0qUERdZ,com.sec.android.app.shealth,0,cf7f6269-3249-4d46-8b45-1f0ab921b0f1.achievement.json,cf7f6269-3249-4d46-8b45-1f0ab921b0f1,1676505600000,
834,52efaa5b-51db-43eb-bb2c-e339ed0dd6da.binning_data.json,482630,6000,0,2023-02-25 06:00:01.872,com.sec.android.app.shealth,2023-02-25 06:00:01.872,,1.3113545,632.9,41.43,834,aZEautf6/t,com.sec.android.app.shealth,0,52efaa5b-51db-43eb-bb2c-e339ed0dd6da.achievement.json,52efaa5b-51db-43eb-bb2c-e339ed0dd6da,1677196800000,
1163,abc87ba8-1b7d-43b3-9020-39f8abee8568.binning_data.json,708935,6000,17,2023-02-16 08:30:42.636,com.sec.android.app.shealth,2023-02-15 06:13:22.162,abc87ba8-1b7d-43b3-9020-39f8abee8568.source_info.json,1.2249475,868.4084,58.049706,1146,VfS0qUERdZ,com.sec.android.app.shealth,0,abc87ba8-1b7d-43b3-9020-39f8abee8568.achievement.json,abc87ba8-1b7d-43b3-9020-39f8abee8568,1676419200000,
3536,853b5637-da6f-4ad0-853c-7feac1e8f827.binning_data.json,2128430,6000,15,2023-02-28 06:00:07.742,com.sec.android.app.shealth,2023-02-27 06:02:41.013,,1.2365856,2631.9868,176.3011,3521,iRIQdWw88T,com.sec.android.app.shealth,0,853b5637-da6f-4ad0-853c-7feac1e8f827.achievement.json,853b5637-da6f-4ad0-853c-7feac1e8f827,1677369600000,
2496,c19b0169-aa3b-4b9a-bcfb-ad55b7d34a9c.binning_data.json,1450936,6000,31,2023-02-28 06:02:11.140,com.sec.android.app.shealth,2023-02-28 06:00:06.618,,1.314406,1907.12,125.759995,2465,aZEautf6/t,com.sec.android.app.shealth,0,c19b0169-aa3b-4b9a-bcfb-ad55b7d34a9c.achievement.json,c19b0169-aa3b-4b9a-bcfb-ad55b7d34a9c,1677456000000,
1391,0bafc882-838d-4271-8827-22e80e192f91.binning_data.json,808195,6000,9,2023-03-03 06:00:02.896,com.sec.android.app.shealth,2023-03-02 06:00:04.243,,1.3003076,1050.9031,68.73072,1382,iRIQdWw88T,com.sec.android.app.shealth,0,0bafc882-838d-4271-8827-22e80e192f91.achievement.json,0bafc882-838d-4271-8827-22e80e192f91,1677628800000,
1992,65e2f773-099d-43e8-9e03-7ebe590f0258.binning_data.json,1165752,6000,5,2023-02-27 06:02:39.362,com.sec.android.app.shealth,2023-02-27 06:02:39.362,,1.2975136,1512.5801,98.32,1987,aZEautf6/t,com.sec.android.app.shealth,0,65e2f773-099d-43e8-9e03-7ebe590f0258.achievement.json,65e2f773-099d-43e8-9e03-7ebe590f0258,1677369600000,
1863,a02a6e07-136f-4f7e-b4c2-8da9fc7a0593.binning_data.json,1199055,6000,0,2023-03-02 06:00:02.419,com.sec.android.app.shealth,2023-03-02 06:00:02.419,,1.15023,1379.19,92.44999,1863,aZEautf6/t,com.sec.android.app.shealth,0,a02a6e07-136f-4f7e-b4c2-8da9fc7a0593.achievement.json,a02a6e07-136f-4f7e-b4c2-8da9fc7a0593,1677628800000,
3516,4f090f4f-a8bd-431d-a145-c5285ee615c7.binning_data.json,2079009,6000,121,2023-02-19 08:34:27.410,com.sec.android.app.shealth,2023-02-18 09:37:46.298,4f090f4f-a8bd-431d-a145-c5285ee615c7.source_info.json,1.2827454,2666.84,183.07011,3395,VfS0qUERdZ,com.sec.android.app.shealth,0,4f090f4f-a8bd-431d-a145-c5285ee615c7.achievement.json,4f090f4f-a8bd-431d-a145-c5285ee615c7,1676678400000,
2201,2c81d0c5-a5d5-4c17-854f-28bf97271e07.binning_data.json,1315296,6000,0,2023-03-01 06:00:01.692,com.sec.android.app.shealth,2023-03-01 06:00:01.692,,1.2608105,1658.34,109.049995,2201,aZEautf6/t,com.sec.android.app.shealth,0,2c81d0c5-a5d5-4c17-854f-28bf97271e07.achievement.json,2c81d0c5-a5d5-4c17-854f-28bf97271e07,1677542400000,
3596,87e080cc-5a25-4f4a-b647-86431ac82e0d.binning_data.json,2076114,6000,23,2023-03-02 06:00:04.253,com.sec.android.app.shealth,2023-03-01 06:00:03.087,,1.303384,2705.974,180.80183,3573,iRIQdWw88T,com.sec.android.app.shealth,0,87e080cc-5a25-4f4a-b647-86431ac82e0d.achievement.json,87e080cc-5a25-4f4a-b647-86431ac82e0d,1677542400000,
914,4ec4bf04-6853-4ec3-9b45-979b9b41e0df.binning_data.json,552564,6000,10,2023-03-05 06:01:30.387,com.sec.android.app.shealth,2023-03-04 06:00:03.462,,1.2319624,680.7389,45.31044,904,iRIQdWw88T,com.sec.android.app.shealth,0,4ec4bf04-6853-4ec3-9b45-979b9b41e0df.achievement.json,4ec4bf04-6853-4ec3-9b45-979b9b41e0df,1677801600000,
4035,801802b5-44f1-496a-9e17-c98f7fed9860.binning_data.json,2441025,6000,13,2023-02-18 09:21:26.592,com.sec.android.app.shealth,2023-02-17 13:13:43.211,801802b5-44f1-496a-9e17-c98f7fed9860.source_info.json,1.2400218,3026.9246,202.5798,4022,VfS0qUERdZ,com.sec.android.app.shealth,0,801802b5-44f1-496a-9e17-c98f7fed9860.achievement.json,801802b5-44f1-496a-9e17-c98f7fed9860,1676592000000,
178,a0d81a74-0a45-44ce-b94f-1f66be99ea58.binning_data.json,111785,6000,0,2023-03-04 06:00:01.601,com.sec.android.app.shealth,2023-03-04 06:00:01.601,,1.1860222,132.58,8.79,178,aZEautf6/t,com.sec.android.app.shealth,0,a0d81a74-0a45-44ce-b94f-1f66be99ea58.achievement.json,a0d81a74-0a45-44ce-b94f-1f66be99ea58,1677801600000,
609,65f05be3-cb5f-4520-bccc-ed047fa4178c.binning_data.json,341619,6000,0,2023-03-03 06:00:01.775,com.sec.android.app.shealth,2023-03-03 06:00:01.775,,1.3626276,465.50006,30.199999,609,aZEautf6/t,com.sec.android.app.shealth,0,65f05be3-cb5f-4520-bccc-ed047fa4178c.achievement.json,65f05be3-cb5f-4520-bccc-ed047fa4178c,1677715200000,
1633,5694ace8-8888-443e-9d78-d4d73569285d.binning_data.json,936784,6000,9,2023-03-04 06:00:03.476,com.sec.android.app.shealth,2023-03-03 06:00:02.920,,1.3187122,1235.3486,82.0904,1624,iRIQdWw88T,com.sec.android.app.shealth,0,5694ace8-8888-443e-9d78-d4d73569285d.achievement.json,5694ace8-8888-443e-9d78-d4d73569285d,1677715200000,
1224,d25256a9-5d39-43dd-9e44-e1b1158727f4.binning_data.json,723998,6000,62,2023-03-07 06:00:03.560,com.sec.android.app.shealth,2023-03-06 06:41:44.370,,1.2704115,919.77576,66.610176,1162,iRIQdWw88T,com.sec.android.app.shealth,0,d25256a9-5d39-43dd-9e44-e1b1158727f4.achievement.json,d25256a9-5d39-43dd-9e44-e1b1158727f4,1677974400000,
1560,618ca2f3-5994-4658-8a0d-2d9afc668d7f.binning_data.json,981027,6000,0,2023-03-05 06:00:01.876,com.sec.android.app.shealth,2023-03-05 06:00:01.876,,1.1822606,1159.83,76.07,1560,aZEautf6/t,com.sec.android.app.shealth,0,618ca2f3-5994-4658-8a0d-2d9afc668d7f.achievement.json,618ca2f3-5994-4658-8a0d-2d9afc668d7f,1677888000000,
184,3db79488-0037-4173-9bba-86f06922a4da.binning_data.json,115121,6000,0,2023-03-07 06:00:02.665,com.sec.android.app.shealth,2023-03-07 06:00:02.665,,1.1810178,135.96,5.8,184,aZEautf6/t,com.sec.android.app.shealth,0,3db79488-0037-4173-9bba-86f06922a4da.achievement.json,3db79488-0037-4173-9bba-86f06922a4da,1678060800000,
80,408c8fa2-1297-418e-ac89-643bfc26e361.binning_data.json,47098,6000,0,2023-03-06 06:41:43.392,com.sec.android.app.shealth,2023-03-06 06:41:43.392,,1.256083,59.16,2.56,80,aZEautf6/t,com.sec.android.app.shealth,0,408c8fa2-1297-418e-ac89-643bfc26e361.achievement.json,408c8fa2-1297-418e-ac89-643bfc26e361,1677974400000,
1397,4b3675b2-76d5-4a6c-9dda-37c291772ed5.binning_data.json,876504,6000,9,2023-02-21 08:42:54.973,com.sec.android.app.shealth,2023-02-20 08:34:46.825,4b3675b2-76d5-4a6c-9dda-37c291772ed5.source_info.json,1.1794226,1033.7694,69.31052,1388,VfS0qUERdZ,com.sec.android.app.shealth,0,4b3675b2-76d5-4a6c-9dda-37c291772ed5.achievement.json,4b3675b2-76d5-4a6c-9dda-37c291772ed5,1676851200000,
2974,48935b4f-3fea-4098-8f54-0417d7485860.binning_data.json,1834072,6000,24,2023-02-20 04:25:23.512,com.sec.android.app.shealth,2023-02-19 13:43:15.043,48935b4f-3fea-4098-8f54-0417d7485860.source_info.json,1.2049538,2209.972,149.87021,2950,VfS0qUERdZ,com.sec.android.app.shealth,0,48935b4f-3fea-4098-8f54-0417d7485860.achievement.json,48935b4f-3fea-4098-8f54-0417d7485860,1676764800000,
2940,4c9b729a-5a4d-457f-9bbd-d4d02eec9822.binning_data.json,1831648,6000,1,2023-03-06 06:41:44.376,com.sec.android.app.shealth,2023-03-05 06:01:30.380,,1.1842608,2169.1497,145.54114,2939,iRIQdWw88T,com.sec.android.app.shealth,0,4c9b729a-5a4d-457f-9bbd-d4d02eec9822.achievement.json,4c9b729a-5a4d-457f-9bbd-d4d02eec9822,1677888000000,
527,198bcddf-fccf-42ef-a53f-401c62bcee86.binning_data.json,320491,6000,2,2023-03-07 06:00:03.555,com.sec.android.app.shealth,2023-03-07 06:00:03.555,,1.2264179,393.05704,25.851603,525,iRIQdWw88T,com.sec.android.app.shealth,0,198bcddf-fccf-42ef-a53f-401c62bcee86.achievement.json,198bcddf-fccf-42ef-a53f-401c62bcee86,1678060800000,
1534,baf62718-038c-4706-921f-8bfe9f521db9.binning_data.json,927576,6000,24,2023-02-23 08:09:20.077,com.sec.android.app.shealth,2023-02-22 08:25:06.332,baf62718-038c-4706-921f-8bfe9f521db9.source_info.json,1.2312967,1142.122,78.05037,1510,VfS0qUERdZ,com.sec.android.app.shealth,0,baf62718-038c-4706-921f-8bfe9f521db9.achievement.json,baf62718-038c-4706-921f-8bfe9f521db9,1677024000000,
2523,bd22e0ad-7c7c-48c5-a2d6-cac6fba896cb.binning_data.json,1449828,6000,57,2023-02-22 08:25:06.577,com.sec.android.app.shealth,2023-02-21 08:42:54.722,bd22e0ad-7c7c-48c5-a2d6-cac6fba896cb.source_info.json,1.3218799,1916.4991,128.36028,2466,VfS0qUERdZ,com.sec.android.app.shealth,0,bd22e0ad-7c7c-48c5-a2d6-cac6fba896cb.achievement.json,bd22e0ad-7c7c-48c5-a2d6-cac6fba896cb,1676937600000,
1958,3d9b8837-ab73-47f2-b375-290263b60ab5.binning_data.json,1176540,6000,3,2023-02-24 06:57:13.910,com.sec.android.app.shealth,2023-02-23 08:09:20.629,3d9b8837-ab73-47f2-b375-290263b60ab5.source_info.json,1.2422991,1461.6147,97.149956,1955,VfS0qUERdZ,com.sec.android.app.shealth,0,3d9b8837-ab73-47f2-b375-290263b60ab5.achievement.json,3d9b8837-ab73-47f2-b375-290263b60ab5,1677110400000,
3178,cda83103-4ba5-4e81-ab08-8436e10f0006.binning_data.json,1912036,6000,12,2023-02-25 13:39:46.336,com.sec.android.app.shealth,2023-02-24 06:57:13.677,cda83103-4ba5-4e81-ab08-8436e10f0006.source_info.json,1.2399596,2370.8472,158.76056,3166,VfS0qUERdZ,com.sec.android.app.shealth,0,cda83103-4ba5-4e81-ab08-8436e10f0006.achievement.json,cda83103-4ba5-4e81-ab08-8436e10f0006,1677196800000,
4218,48c2cee0-d9e6-4f19-b364-52de1cb458de.binning_data.json,2678305,6000,14,2023-02-26 09:54:26.795,com.sec.android.app.shealth,2023-02-25 10:21:23.393,48c2cee0-d9e6-4f19-b364-52de1cb458de.source_info.json,1.1621071,3112.4778,210.89041,4204,VfS0qUERdZ,com.sec.android.app.shealth,0,48c2cee0-d9e6-4f19-b364-52de1cb458de.achievement.json,48c2cee0-d9e6-4f19-b364-52de1cb458de,1677283200000,
3837,4fde5924-c658-4a6e-a492-7bf7658a978f.binning_data.json,2296614,6000,18,2023-02-27 08:36:49.778,com.sec.android.app.shealth,2023-02-26 09:54:26.447,4fde5924-c658-4a6e-a492-7bf7658a978f.source_info.json,1.250841,2872.6995,190.46033,3819,VfS0qUERdZ,com.sec.android.app.shealth,0,4fde5924-c658-4a6e-a492-7bf7658a978f.achievement.json,4fde5924-c658-4a6e-a492-7bf7658a978f,1677369600000,
5018,0b9ab327-f01f-4edf-a95f-2cc573fec08d.binning_data.json,3004531,6000,41,2023-02-28 12:43:02.035,com.sec.android.app.shealth,2023-02-27 08:36:49.487,0b9ab327-f01f-4edf-a95f-2cc573fec08d.source_info.json,1.2547745,3770.0095,252.19193,4977,VfS0qUERdZ,com.sec.android.app.shealth,0,0b9ab327-f01f-4edf-a95f-2cc573fec08d.achievement.json,0b9ab327-f01f-4edf-a95f-2cc573fec08d,1677456000000,
4273,d0e89afa-9186-424a-86c7-ef34b74b794e.binning_data.json,2513158,6000,23,2023-03-01 09:41:24.681,com.sec.android.app.shealth,2023-02-28 06:24:30.059,d0e89afa-9186-424a-86c7-ef34b74b794e.source_info.json,1.2779915,3211.795,212.52168,4250,VfS0qUERdZ,com.sec.android.app.shealth,0,d0e89afa-9186-424a-86c7-ef34b74b794e.achievement.json,d0e89afa-9186-424a-86c7-ef34b74b794e,1677542400000,
2485,6aecaa40-6ada-44e2-8f4f-5506c7101c73.binning_data.json,1571157,6000,9,2023-03-02 14:53:12.081,com.sec.android.app.shealth,2023-03-01 09:41:24.320,6aecaa40-6ada-44e2-8f4f-5506c7101c73.source_info.json,1.1750069,1846.1215,123.13049,2476,VfS0qUERdZ,com.sec.android.app.shealth,0,6aecaa40-6ada-44e2-8f4f-5506c7101c73.achievement.json,6aecaa40-6ada-44e2-8f4f-5506c7101c73,1677628800000,
1740,ec5d9e32-747d-464d-99dc-25e32b858d80.binning_data.json,1006243,6000,9,2023-03-03 10:53:08.792,com.sec.android.app.shealth,2023-03-02 07:25:35.649,ec5d9e32-747d-464d-99dc-25e32b858d80.source_info.json,1.3060342,1314.1888,87.560425,1731,VfS0qUERdZ,com.sec.android.app.shealth,0,ec5d9e32-747d-464d-99dc-25e32b858d80.achievement.json,ec5d9e32-747d-464d-99dc-25e32b858d80,1677715200000,
994,ffcabcc9-60e7-4c08-afdf-acb0fa2783d4.binning_data.json,602980,6000,10,2023-03-04 16:10:32.330,com.sec.android.app.shealth,2023-03-03 10:53:08.505,ffcabcc9-60e7-4c08-afdf-acb0fa2783d4.source_info.json,1.2279956,740.45764,49.250458,984,VfS0qUERdZ,com.sec.android.app.shealth,0,ffcabcc9-60e7-4c08-afdf-acb0fa2783d4.achievement.json,ffcabcc9-60e7-4c08-afdf-acb0fa2783d4,1677801600000,
3143,f34f5c71-1973-488b-add2-207d907ec333.binning_data.json,1964312,6000,1,2023-03-05 11:53:08.711,com.sec.android.app.shealth,2023-03-04 08:57:43.752,f34f5c71-1973-488b-add2-207d907ec333.source_info.json,1.1822813,2322.3704,154.85056,3142,VfS0qUERdZ,com.sec.android.app.shealth,0,f34f5c71-1973-488b-add2-207d907ec333.achievement.json,f34f5c71-1973-488b-add2-207d907ec333,1677888000000,
1304,cdfbd660-963f-4943-bb28-58a86d80f28f.binning_data.json,771097,6000,62,2023-03-06 12:57:52.943,com.sec.android.app.shealth,2023-03-05 11:53:08.404,cdfbd660-963f-4943-bb28-58a86d80f28f.source_info.json,1.2695364,978.9358,69.17017,1242,VfS0qUERdZ,com.sec.android.app.shealth,0,cdfbd660-963f-4943-bb28-58a86d80f28f.achievement.json,cdfbd660-963f-4943-bb28-58a86d80f28f,1677974400000,
883,6f72b961-8595-44e3-b6e4-d184e8ba6f01.binning_data.json,540084,6000,2,2023-03-07 06:16:48.660,com.sec.android.app.shealth,2023-03-06 12:57:52.659,6f72b961-8595-44e3-b6e4-d184e8ba6f01.source_info.json,1.2162799,656.8942,40.171688,881,VfS0qUERdZ,com.sec.android.app.shealth,0,6f72b961-8595-44e3-b6e4-d184e8ba6f01.achievement.json,6f72b961-8595-44e3-b6e4-d184e8ba6f01,1678060800000,
941,8e3eecfc-d199-4089-97f6-dd31e6b7b90c.binning_data.json,600955,6000,0,2023-03-08 05:22:11.147,com.sec.android.app.shealth,2023-03-07 16:19:56.413,8e3eecfc-d199-4089-97f6-dd31e6b7b90c.source_info.json,1.1441876,687.6061,43.920998,941,VfS0qUERdZ,com.sec.android.app.shealth,0,8e3eecfc-d199-4089-97f6-dd31e6b7b90c.achievement.json,8e3eecfc-d199-4089-97f6-dd31e6b7b90c,1678147200000,
