[{"score":62,"score_max":66,"score_min":61,"flag":1,"level":1,"start_time":1674633540000,"end_time":1674633599000},{"score":71,"score_max":76,"score_min":66,"flag":1,"level":1,"start_time":1674633480000,"end_time":1674633539000},{"score":50,"score_max":67,"score_min":42,"flag":1,"level":1,"start_time":1674633420000,"end_time":1674633479000},{"score":47,"score_max":51,"score_min":43,"flag":1,"level":1,"start_time":1674633360000,"end_time":1674633419000},{"score":61,"score_max":71,"score_min":51,"flag":1,"level":1,"start_time":1674633300000,"end_time":1674633359000},{"score":58,"score_max":61,"score_min":56,"flag":1,"level":1,"start_time":1674633240000,"end_time":1674633299000},{"score":59,"score_max":67,"score_min":55,"flag":1,"level":1,"start_time":1674633180000,"end_time":1674633239000},{"score":73,"score_max":78,"score_min":68,"flag":1,"level":1,"start_time":1674633120000,"end_time":1674633179000},{"score":75,"score_max":80,"score_min":73,"flag":1,"level":1,"start_time":1674633060000,"end_time":1674633119000},{"score":70,"score_max":82,"score_min":56,"flag":1,"level":1,"start_time":1674633000000,"end_time":1674633059000},{"score":70,"score_max":89,"score_min":55,"flag":1,"level":1,"start_time":1674632940000,"end_time":1674632999000},{"score":83,"score_max":91,"score_min":71,"flag":1,"level":0,"start_time":1674632880000,"end_time":1674632939000},{"score":76,"score_max":88,"score_min":68,"flag":1,"level":0,"start_time":1674632820000,"end_time":1674632879000},{"score":88,"score_max":90,"score_min":87,"flag":1,"level":0,"start_time":1674632760000,"end_time":1674632819000},{"score":85,"score_max":88,"score_min":81,"flag":1,"level":0,"start_time":1674632700000,"end_time":1674632759000},{"score":70,"score_max":81,"score_min":67,"flag":1,"level":1,"start_time":1674632640000,"end_time":1674632699000},{"score":66,"score_max":71,"score_min":62,"flag":1,"level":1,"start_time":1674632580000,"end_time":1674632639000},{"score":50,"score_max":71,"score_min":28,"flag":1,"level":1,"start_time":1674632520000,"end_time":1674632579000},{"score":54,"score_max":78,"score_min":28,"flag":1,"level":1,"start_time":1674632460000,"end_time":1674632519000},{"score":70,"score_max":77,"score_min":66,"flag":1,"level":1,"start_time":1674632340000,"end_time":1674632399000},{"score":0,"score_max":1,"score_min":0,"flag":1,"level":1,"start_time":1674632280000,"end_time":1674632339000},{"score":0,"score_max":1,"score_min":0,"flag":1,"level":1,"start_time":1674632160000,"end_time":1674632219000},{"score":30,"score_max":39,"score_min":24,"flag":1,"level":1,"start_time":1674632100000,"end_time":1674632159000},{"score":41,"score_max":71,"score_min":27,"flag":1,"level":1,"start_time":1674632040000,"end_time":1674632099000},{"score":70,"score_max":70,"score_min":70,"flag":1,"level":1,"start_time":1674631980000,"end_time":1674632039000},{"score":53,"score_max":71,"score_min":47,"flag":1,"level":1,"start_time":1674631920000,"end_time":1674631979000},{"score":57,"score_max":67,"score_min":40,"flag":1,"level":1,"start_time":1674631860000,"end_time":1674631919000},{"score":19,"score_max":40,"score_min":5,"flag":1,"level":1,"start_time":1674631800000,"end_time":1674631859000},{"score":0,"score_max":5,"score_min":0,"flag":1,"level":1,"start_time":1674631740000,"end_time":1674631799000},{"score":13,"score_max":32,"score_min":0,"flag":1,"level":1,"start_time":1674631680000,"end_time":1674631739000},{"score":32,"score_max":39,"score_min":23,"flag":1,"level":1,"start_time":1674631620000,"end_time":1674631679000},{"score":40,"score_max":63,"score_min":25,"flag":1,"level":1,"start_time":1674631560000,"end_time":1674631619000},{"score":64,"score_max":72,"score_min":51,"flag":1,"level":1,"start_time":1674631500000,"end_time":1674631559000},{"score":19,"score_max":50,"score_min":5,"flag":1,"level":1,"start_time":1674631440000,"end_time":1674631499000},{"score":2,"score_max":5,"score_min":1,"flag":1,"level":1,"start_time":1674631380000,"end_time":1674631439000},{"score":4,"score_max":6,"score_min":2,"flag":1,"level":1,"start_time":1674631320000,"end_time":1674631379000},{"score":10,"score_max":27,"score_min":3,"flag":1,"level":1,"start_time":1674631260000,"end_time":1674631319000},{"score":20,"score_max":34,"score_min":15,"flag":1,"level":1,"start_time":1674631200000,"end_time":1674631259000},{"score":9,"score_max":15,"score_min":5,"flag":1,"level":1,"start_time":1674631140000,"end_time":1674631199000},{"score":11,"score_max":20,"score_min":5,"flag":1,"level":1,"start_time":1674631080000,"end_time":1674631139000},{"score":14,"score_max":18,"score_min":12,"flag":1,"level":1,"start_time":1674631020000,"end_time":1674631079000},{"score":19,"score_max":24,"score_min":13,"flag":1,"level":1,"start_time":1674630960000,"end_time":1674631019000},{"score":15,"score_max":20,"score_min":11,"flag":1,"level":1,"start_time":1674630900000,"end_time":1674630959000},{"score":7,"score_max":18,"score_min":3,"flag":1,"level":1,"start_time":1674630840000,"end_time":1674630899000},{"score":10,"score_max":15,"score_min":4,"flag":1,"level":1,"start_time":1674630780000,"end_time":1674630839000},{"score":11,"score_max":16,"score_min":8,"flag":1,"level":1,"start_time":1674630720000,"end_time":1674630779000},{"score":6,"score_max":9,"score_min":4,"flag":1,"level":1,"start_time":1674630660000,"end_time":1674630719000},{"score":13,"score_max":32,"score_min":4,"flag":1,"level":1,"start_time":1674630600000,"end_time":1674630659000},{"score":27,"score_max":37,"score_min":11,"flag":1,"level":1,"start_time":1674630540000,"end_time":1674630599000},{"score":5,"score_max":10,"score_min":4,"flag":1,"level":1,"start_time":1674630480000,"end_time":1674630539000},{"score":10,"score_max":13,"score_min":6,"flag":1,"level":1,"start_time":1674630420000,"end_time":1674630479000},{"score":7,"score_max":9,"score_min":5,"flag":1,"level":1,"start_time":1674630360000,"end_time":1674630419000},{"score":37,"score_max":72,"score_min":7,"flag":1,"level":1,"start_time":1674630300000,"end_time":1674630359000},{"score":7,"score_max":13,"score_min":4,"flag":1,"level":1,"start_time":1674630240000,"end_time":1674630299000},{"score":30,"score_max":41,"score_min":19,"flag":1,"level":1,"start_time":1674630180000,"end_time":1674630239000},{"score":9,"score_max":18,"score_min":6,"flag":1,"level":1,"start_time":1674630120000,"end_time":1674630179000},{"score":8,"score_max":14,"score_min":4,"flag":1,"level":1,"start_time":1674630060000,"end_time":1674630119000}]