[{"score":1,"score_max":2,"score_min":1,"flag":1,"level":1,"start_time":1674626220000,"end_time":1674626279000},{"score":5,"score_max":6,"score_min":4,"flag":1,"level":1,"start_time":1674626160000,"end_time":1674626219000},{"score":17,"score_max":28,"score_min":6,"flag":1,"level":1,"start_time":1674626100000,"end_time":1674626159000},{"score":9,"score_max":20,"score_min":2,"flag":1,"level":1,"start_time":1674626040000,"end_time":1674626099000},{"score":4,"score_max":8,"score_min":3,"flag":1,"level":1,"start_time":1674625980000,"end_time":1674626039000},{"score":12,"score_max":25,"score_min":6,"flag":1,"level":1,"start_time":1674625920000,"end_time":1674625979000},{"score":22,"score_max":32,"score_min":7,"flag":1,"level":1,"start_time":1674625860000,"end_time":1674625919000},{"score":6,"score_max":9,"score_min":4,"flag":1,"level":1,"start_time":1674625800000,"end_time":1674625859000},{"score":5,"score_max":9,"score_min":3,"flag":1,"level":1,"start_time":1674625740000,"end_time":1674625799000},{"score":20,"score_max":34,"score_min":4,"flag":1,"level":1,"start_time":1674625680000,"end_time":1674625739000},{"score":11,"score_max":29,"score_min":7,"flag":1,"level":1,"start_time":1674625620000,"end_time":1674625679000},{"score":8,"score_max":15,"score_min":6,"flag":1,"level":1,"start_time":1674625560000,"end_time":1674625619000},{"score":27,"score_max":32,"score_min":15,"flag":1,"level":1,"start_time":1674625500000,"end_time":1674625559000},{"score":8,"score_max":22,"score_min":2,"flag":1,"level":1,"start_time":1674625440000,"end_time":1674625499000},{"score":2,"score_max":3,"score_min":2,"flag":1,"level":1,"start_time":1674625380000,"end_time":1674625439000},{"score":4,"score_max":5,"score_min":3,"flag":1,"level":1,"start_time":1674625320000,"end_time":1674625379000},{"score":4,"score_max":9,"score_min":4,"flag":1,"level":1,"start_time":1674625260000,"end_time":1674625319000},{"score":6,"score_max":10,"score_min":3,"flag":1,"level":1,"start_time":1674625200000,"end_time":1674625259000},{"score":2,"score_max":4,"score_min":2,"flag":1,"level":1,"start_time":1674625140000,"end_time":1674625199000},{"score":4,"score_max":5,"score_min":3,"flag":1,"level":1,"start_time":1674625080000,"end_time":1674625139000},{"score":5,"score_max":10,"score_min":2,"flag":1,"level":1,"start_time":1674625020000,"end_time":1674625079000},{"score":7,"score_max":13,"score_min":1,"flag":1,"level":1,"start_time":1674624960000,"end_time":1674625019000},{"score":0,"score_max":1,"score_min":0,"flag":1,"level":1,"start_time":1674624900000,"end_time":1674624959000},{"score":0,"score_max":2,"score_min":0,"flag":1,"level":1,"start_time":1674624840000,"end_time":1674624899000},{"score":2,"score_max":4,"score_min":2,"flag":1,"level":1,"start_time":1674624780000,"end_time":1674624839000},{"score":10,"score_max":19,"score_min":4,"flag":1,"level":1,"start_time":1674624720000,"end_time":1674624779000},{"score":17,"score_max":24,"score_min":7,"flag":1,"level":1,"start_time":1674624660000,"end_time":1674624719000},{"score":7,"score_max":16,"score_min":5,"flag":1,"level":1,"start_time":1674624600000,"end_time":1674624659000},{"score":15,"score_max":20,"score_min":11,"flag":1,"level":1,"start_time":1674624540000,"end_time":1674624599000},{"score":19,"score_max":24,"score_min":14,"flag":1,"level":1,"start_time":1674624480000,"end_time":1674624539000},{"score":26,"score_max":34,"score_min":18,"flag":1,"level":1,"start_time":1674624420000,"end_time":1674624479000},{"score":21,"score_max":32,"score_min":12,"flag":1,"level":1,"start_time":1674624360000,"end_time":1674624419000},{"score":7,"score_max":12,"score_min":6,"flag":1,"level":1,"start_time":1674624300000,"end_time":1674624359000},{"score":14,"score_max":16,"score_min":11,"flag":1,"level":1,"start_time":1674624240000,"end_time":1674624299000},{"score":25,"score_max":31,"score_min":16,"flag":1,"level":1,"start_time":1674624180000,"end_time":1674624239000},{"score":25,"score_max":31,"score_min":19,"flag":1,"level":1,"start_time":1674624120000,"end_time":1674624179000},{"score":26,"score_max":38,"score_min":11,"flag":1,"level":1,"start_time":1674624060000,"end_time":1674624119000},{"score":13,"score_max":18,"score_min":11,"flag":1,"level":1,"start_time":1674624000000,"end_time":1674624059000},{"score":23,"score_max":35,"score_min":15,"flag":1,"level":1,"start_time":1674623940000,"end_time":1674623999000},{"score":22,"score_max":33,"score_min":17,"flag":1,"level":1,"start_time":1674623880000,"end_time":1674623939000},{"score":3,"score_max":4,"score_min":3,"flag":1,"level":1,"start_time":1674623820000,"end_time":1674623879000},{"score":6,"score_max":19,"score_min":3,"flag":1,"level":1,"start_time":1674623760000,"end_time":1674623819000},{"score":54,"score_max":77,"score_min":20,"flag":1,"level":1,"start_time":1674623700000,"end_time":1674623759000},{"score":34,"score_max":40,"score_min":28,"flag":1,"level":1,"start_time":1674623640000,"end_time":1674623699000},{"score":18,"score_max":27,"score_min":13,"flag":1,"level":1,"start_time":1674623580000,"end_time":1674623639000},{"score":15,"score_max":19,"score_min":12,"flag":1,"level":1,"start_time":1674623520000,"end_time":1674623579000},{"score":20,"score_max":23,"score_min":17,"flag":1,"level":1,"start_time":1674623460000,"end_time":1674623519000},{"score":20,"score_max":34,"score_min":13,"flag":1,"level":1,"start_time":1674623400000,"end_time":1674623459000},{"score":20,"score_max":33,"score_min":11,"flag":1,"level":1,"start_time":1674623340000,"end_time":1674623399000},{"score":28,"score_max":63,"score_min":12,"flag":1,"level":1,"start_time":1674623280000,"end_time":1674623339000},{"score":74,"score_max":83,"score_min":64,"flag":1,"level":1,"start_time":1674623220000,"end_time":1674623279000},{"score":63,"score_max":72,"score_min":54,"flag":1,"level":1,"start_time":1674623160000,"end_time":1674623219000},{"score":64,"score_max":79,"score_min":49,"flag":1,"level":1,"start_time":1674623100000,"end_time":1674623159000},{"score":18,"score_max":47,"score_min":6,"flag":1,"level":1,"start_time":1674623040000,"end_time":1674623099000},{"score":19,"score_max":30,"score_min":11,"flag":1,"level":1,"start_time":1674622980000,"end_time":1674623039000},{"score":10,"score_max":20,"score_min":3,"flag":1,"level":1,"start_time":1674622920000,"end_time":1674622979000},{"score":2,"score_max":3,"score_min":2,"flag":1,"level":1,"start_time":1674622860000,"end_time":1674622919000}]