[{"score":42,"score_max":44,"score_min":37,"flag":1,"level":1,"start_time":1674593880000,"end_time":1674593939000},{"score":23,"score_max":37,"score_min":11,"flag":1,"level":1,"start_time":1674593820000,"end_time":1674593879000},{"score":10,"score_max":11,"score_min":10,"flag":1,"level":1,"start_time":1674593760000,"end_time":1674593819000},{"score":4,"score_max":9,"score_min":2,"flag":1,"level":1,"start_time":1674593700000,"end_time":1674593759000},{"score":24,"score_max":33,"score_min":9,"flag":1,"level":1,"start_time":1674593580000,"end_time":1674593639000},{"score":1,"score_max":8,"score_min":0,"flag":1,"level":1,"start_time":1674593520000,"end_time":1674593579000},{"score":0,"score_max":0,"score_min":0,"flag":1,"level":1,"start_time":1674593460000,"end_time":1674593519000},{"score":0,"score_max":0,"score_min":0,"flag":1,"level":1,"start_time":1674593400000,"end_time":1674593459000},{"score":0,"score_max":1,"score_min":0,"flag":1,"level":1,"start_time":1674593340000,"end_time":1674593399000},{"score":1,"score_max":1,"score_min":1,"flag":1,"level":1,"start_time":1674593280000,"end_time":1674593339000},{"score":44,"score_max":44,"score_min":44,"flag":1,"level":1,"start_time":1674593220000,"end_time":1674593279000},{"score":35,"score_max":50,"score_min":4,"flag":1,"level":1,"start_time":1674593160000,"end_time":1674593219000},{"score":0,"score_max":4,"score_min":0,"flag":1,"level":1,"start_time":1674593100000,"end_time":1674593159000},{"score":0,"score_max":0,"score_min":0,"flag":1,"level":1,"start_time":1674593040000,"end_time":1674593099000},{"score":0,"score_max":0,"score_min":0,"flag":1,"level":1,"start_time":1674592980000,"end_time":1674593039000},{"score":0,"score_max":0,"score_min":0,"flag":1,"level":1,"start_time":1674592860000,"end_time":1674592919000},{"score":58,"score_max":72,"score_min":50,"flag":1,"level":1,"start_time":1674592800000,"end_time":1674592859000},{"score":61,"score_max":70,"score_min":45,"flag":1,"level":1,"start_time":1674592740000,"end_time":1674592799000},{"score":72,"score_max":77,"score_min":70,"flag":1,"level":1,"start_time":1674592680000,"end_time":1674592739000},{"score":33,"score_max":58,"score_min":26,"flag":1,"level":1,"start_time":1674592620000,"end_time":1674592679000},{"score":35,"score_max":46,"score_min":22,"flag":1,"level":1,"start_time":1674592560000,"end_time":1674592619000},{"score":10,"score_max":20,"score_min":7,"flag":1,"level":1,"start_time":1674592440000,"end_time":1674592499000},{"score":15,"score_max":24,"score_min":11,"flag":1,"level":1,"start_time":1674592380000,"end_time":1674592439000},{"score":43,"score_max":65,"score_min":24,"flag":1,"level":1,"start_time":1674592320000,"end_time":1674592379000},{"score":62,"score_max":67,"score_min":39,"flag":1,"level":1,"start_time":1674592260000,"end_time":1674592319000},{"score":31,"score_max":38,"score_min":25,"flag":1,"level":1,"start_time":1674592200000,"end_time":1674592259000},{"score":49,"score_max":77,"score_min":32,"flag":1,"level":1,"start_time":1674592140000,"end_time":1674592199000},{"score":77,"score_max":82,"score_min":75,"flag":1,"level":1,"start_time":1674592080000,"end_time":1674592139000},{"score":68,"score_max":83,"score_min":49,"flag":1,"level":1,"start_time":1674592020000,"end_time":1674592079000},{"score":27,"score_max":52,"score_min":17,"flag":1,"level":1,"start_time":1674591960000,"end_time":1674592019000},{"score":6,"score_max":16,"score_min":2,"flag":1,"level":1,"start_time":1674591900000,"end_time":1674591959000},{"score":9,"score_max":16,"score_min":2,"flag":1,"level":1,"start_time":1674591840000,"end_time":1674591899000},{"score":14,"score_max":16,"score_min":12,"flag":1,"level":1,"start_time":1674591780000,"end_time":1674591839000},{"score":91,"score_max":92,"score_min":91,"flag":1,"level":1,"start_time":1674591720000,"end_time":1674591779000},{"score":84,"score_max":91,"score_min":78,"flag":1,"level":1,"start_time":1674591360000,"end_time":1674591419000},{"score":3,"score_max":6,"score_min":2,"flag":1,"level":1,"start_time":1674591300000,"end_time":1674591359000},{"score":5,"score_max":22,"score_min":2,"flag":1,"level":1,"start_time":1674591240000,"end_time":1674591299000},{"score":19,"score_max":26,"score_min":15,"flag":1,"level":1,"start_time":1674591180000,"end_time":1674591239000},{"score":29,"score_max":37,"score_min":15,"flag":1,"level":1,"start_time":1674591120000,"end_time":1674591179000},{"score":26,"score_max":33,"score_min":21,"flag":1,"level":1,"start_time":1674591060000,"end_time":1674591119000},{"score":22,"score_max":26,"score_min":19,"flag":1,"level":1,"start_time":1674591000000,"end_time":1674591059000},{"score":8,"score_max":19,"score_min":2,"flag":1,"level":1,"start_time":1674590940000,"end_time":1674590999000},{"score":3,"score_max":8,"score_min":2,"flag":1,"level":1,"start_time":1674590880000,"end_time":1674590939000},{"score":9,"score_max":12,"score_min":6,"flag":1,"level":1,"start_time":1674590820000,"end_time":1674590879000},{"score":2,"score_max":6,"score_min":1,"flag":1,"level":1,"start_time":1674590760000,"end_time":1674590819000},{"score":0,"score_max":0,"score_min":0,"flag":1,"level":1,"start_time":1674590700000,"end_time":1674590759000},{"score":1,"score_max":5,"score_min":0,"flag":1,"level":1,"start_time":1674590640000,"end_time":1674590699000},{"score":1,"score_max":4,"score_min":0,"flag":1,"level":1,"start_time":1674590580000,"end_time":1674590639000},{"score":0,"score_max":0,"score_min":0,"flag":1,"level":1,"start_time":1674590520000,"end_time":1674590579000},{"score":0,"score_max":1,"score_min":0,"flag":1,"level":1,"start_time":1674590460000,"end_time":1674590519000},{"score":1,"score_max":1,"score_min":1,"flag":1,"level":1,"start_time":1674590400000,"end_time":1674590459000}]