[{"score":2,"score_max":6,"score_min":1,"flag":1,"level":1,"start_time":1674709140000,"end_time":1674709199000},{"score":1,"score_max":2,"score_min":1,"flag":1,"level":1,"start_time":1674709080000,"end_time":1674709139000},{"score":3,"score_max":6,"score_min":2,"flag":1,"level":1,"start_time":1674709020000,"end_time":1674709079000},{"score":2,"score_max":5,"score_min":1,"flag":1,"level":1,"start_time":1674708960000,"end_time":1674709019000},{"score":0,"score_max":1,"score_min":0,"flag":1,"level":1,"start_time":1674708900000,"end_time":1674708959000},{"score":0,"score_max":1,"score_min":0,"flag":1,"level":1,"start_time":1674708840000,"end_time":1674708899000},{"score":1,"score_max":1,"score_min":1,"flag":1,"level":1,"start_time":1674708780000,"end_time":1674708839000},{"score":3,"score_max":8,"score_min":1,"flag":1,"level":1,"start_time":1674708720000,"end_time":1674708779000},{"score":1,"score_max":1,"score_min":1,"flag":1,"level":1,"start_time":1674708660000,"end_time":1674708719000},{"score":1,"score_max":2,"score_min":1,"flag":1,"level":1,"start_time":1674708600000,"end_time":1674708659000},{"score":2,"score_max":3,"score_min":2,"flag":1,"level":1,"start_time":1674708540000,"end_time":1674708599000},{"score":2,"score_max":3,"score_min":2,"flag":1,"level":1,"start_time":1674708480000,"end_time":1674708539000},{"score":0,"score_max":2,"score_min":0,"flag":1,"level":1,"start_time":1674708420000,"end_time":1674708479000},{"score":0,"score_max":1,"score_min":0,"flag":1,"level":1,"start_time":1674708360000,"end_time":1674708419000},{"score":0,"score_max":1,"score_min":0,"flag":1,"level":1,"start_time":1674708300000,"end_time":1674708359000},{"score":0,"score_max":0,"score_min":0,"flag":1,"level":1,"start_time":1674708240000,"end_time":1674708299000},{"score":0,"score_max":0,"score_min":0,"flag":1,"level":1,"start_time":1674708180000,"end_time":1674708239000},{"score":0,"score_max":3,"score_min":0,"flag":1,"level":1,"start_time":1674708120000,"end_time":1674708179000},{"score":3,"score_max":6,"score_min":3,"flag":1,"level":1,"start_time":1674708060000,"end_time":1674708119000},{"score":2,"score_max":6,"score_min":1,"flag":1,"level":1,"start_time":1674708000000,"end_time":1674708059000},{"score":8,"score_max":31,"score_min":1,"flag":1,"level":1,"start_time":1674707940000,"end_time":1674707999000},{"score":32,"score_max":39,"score_min":29,"flag":1,"level":1,"start_time":1674707880000,"end_time":1674707939000},{"score":35,"score_max":48,"score_min":18,"flag":1,"level":1,"start_time":1674707820000,"end_time":1674707879000},{"score":7,"score_max":17,"score_min":2,"flag":1,"level":1,"start_time":1674707760000,"end_time":1674707819000},{"score":1,"score_max":3,"score_min":1,"flag":1,"level":1,"start_time":1674707700000,"end_time":1674707759000},{"score":1,"score_max":2,"score_min":1,"flag":1,"level":1,"start_time":1674707640000,"end_time":1674707699000},{"score":2,"score_max":8,"score_min":1,"flag":1,"level":1,"start_time":1674707580000,"end_time":1674707639000},{"score":4,"score_max":9,"score_min":0,"flag":1,"level":1,"start_time":1674707520000,"end_time":1674707579000},{"score":1,"score_max":2,"score_min":0,"flag":1,"level":1,"start_time":1674707460000,"end_time":1674707519000},{"score":4,"score_max":12,"score_min":2,"flag":1,"level":1,"start_time":1674707400000,"end_time":1674707459000},{"score":12,"score_max":14,"score_min":10,"flag":1,"level":1,"start_time":1674707340000,"end_time":1674707399000},{"score":20,"score_max":30,"score_min":13,"flag":1,"level":1,"start_time":1674707280000,"end_time":1674707339000},{"score":5,"score_max":14,"score_min":2,"flag":1,"level":1,"start_time":1674707220000,"end_time":1674707279000},{"score":1,"score_max":6,"score_min":1,"flag":1,"level":1,"start_time":1674707160000,"end_time":1674707219000},{"score":17,"score_max":26,"score_min":6,"flag":1,"level":1,"start_time":1674707100000,"end_time":1674707159000},{"score":3,"score_max":13,"score_min":1,"flag":1,"level":1,"start_time":1674707040000,"end_time":1674707099000},{"score":2,"score_max":3,"score_min":2,"flag":1,"level":1,"start_time":1674706980000,"end_time":1674707039000},{"score":10,"score_max":21,"score_min":4,"flag":1,"level":1,"start_time":1674706920000,"end_time":1674706979000},{"score":3,"score_max":4,"score_min":3,"flag":1,"level":1,"start_time":1674706860000,"end_time":1674706919000},{"score":0,"score_max":0,"score_min":0,"flag":1,"level":1,"start_time":1674706800000,"end_time":1674706859000},{"score":0,"score_max":0,"score_min":0,"flag":1,"level":1,"start_time":1674706740000,"end_time":1674706799000},{"score":0,"score_max":0,"score_min":0,"flag":1,"level":1,"start_time":1674706680000,"end_time":1674706739000},{"score":0,"score_max":0,"score_min":0,"flag":1,"level":1,"start_time":1674706620000,"end_time":1674706679000},{"score":0,"score_max":0,"score_min":0,"flag":1,"level":1,"start_time":1674706560000,"end_time":1674706619000},{"score":0,"score_max":1,"score_min":0,"flag":1,"level":1,"start_time":1674706500000,"end_time":1674706559000},{"score":0,"score_max":1,"score_min":0,"flag":1,"level":1,"start_time":1674706440000,"end_time":1674706499000},{"score":2,"score_max":5,"score_min":1,"flag":1,"level":1,"start_time":1674706380000,"end_time":1674706439000},{"score":3,"score_max":7,"score_min":1,"flag":1,"level":1,"start_time":1674706320000,"end_time":1674706379000},{"score":1,"score_max":6,"score_min":0,"flag":1,"level":1,"start_time":1674706260000,"end_time":1674706319000},{"score":10,"score_max":20,"score_min":3,"flag":1,"level":1,"start_time":1674706200000,"end_time":1674706259000},{"score":2,"score_max":3,"score_min":2,"flag":1,"level":1,"start_time":1674706140000,"end_time":1674706199000},{"score":1,"score_max":3,"score_min":1,"flag":1,"level":1,"start_time":1674706080000,"end_time":1674706139000},{"score":1,"score_max":3,"score_min":1,"flag":1,"level":1,"start_time":1674706020000,"end_time":1674706079000},{"score":1,"score_max":3,"score_min":0,"flag":1,"level":1,"start_time":1674705960000,"end_time":1674706019000},{"score":0,"score_max":0,"score_min":0,"flag":1,"level":1,"start_time":1674705900000,"end_time":1674705959000},{"score":0,"score_max":1,"score_min":0,"flag":1,"level":1,"start_time":1674705840000,"end_time":1674705899000},{"score":0,"score_max":0,"score_min":0,"flag":1,"level":1,"start_time":1674705780000,"end_time":1674705839000},{"score":0,"score_max":0,"score_min":0,"flag":1,"level":1,"start_time":1674705720000,"end_time":1674705779000},{"score":0,"score_max":0,"score_min":0,"flag":1,"level":1,"start_time":1674705660000,"end_time":1674705719000},{"score":0,"score_max":0,"score_min":0,"flag":1,"level":1,"start_time":1674705600000,"end_time":1674705659000}]