[{"score":96,"score_max":98,"score_min":95,"flag":1,"level":1,"start_time":1674683940000,"end_time":1674683999000},{"score":96,"score_max":98,"score_min":91,"flag":1,"level":1,"start_time":1674683880000,"end_time":1674683939000},{"score":92,"score_max":95,"score_min":91,"flag":1,"level":1,"start_time":1674683820000,"end_time":1674683879000},{"score":95,"score_max":99,"score_min":93,"flag":1,"level":1,"start_time":1674683760000,"end_time":1674683819000},{"score":99,"score_max":100,"score_min":99,"flag":1,"level":1,"start_time":1674683700000,"end_time":1674683759000},{"score":88,"score_max":98,"score_min":73,"flag":1,"level":1,"start_time":1674683640000,"end_time":1674683699000},{"score":96,"score_max":98,"score_min":93,"flag":1,"level":1,"start_time":1674683580000,"end_time":1674683639000},{"score":90,"score_max":94,"score_min":88,"flag":1,"level":1,"start_time":1674683520000,"end_time":1674683579000},{"score":86,"score_max":88,"score_min":83,"flag":1,"level":1,"start_time":1674683460000,"end_time":1674683519000},{"score":90,"score_max":93,"score_min":85,"flag":1,"level":1,"start_time":1674683400000,"end_time":1674683459000},{"score":86,"score_max":92,"score_min":79,"flag":1,"level":1,"start_time":1674683340000,"end_time":1674683399000},{"score":93,"score_max":95,"score_min":90,"flag":1,"level":1,"start_time":1674683280000,"end_time":1674683339000},{"score":95,"score_max":96,"score_min":95,"flag":1,"level":1,"start_time":1674683220000,"end_time":1674683279000},{"score":89,"score_max":96,"score_min":73,"flag":1,"level":1,"start_time":1674683160000,"end_time":1674683219000},{"score":89,"score_max":96,"score_min":79,"flag":1,"level":1,"start_time":1674683100000,"end_time":1674683159000},{"score":80,"score_max":96,"score_min":65,"flag":1,"level":1,"start_time":1674683040000,"end_time":1674683099000},{"score":74,"score_max":81,"score_min":65,"flag":1,"level":1,"start_time":1674682980000,"end_time":1674683039000},{"score":73,"score_max":82,"score_min":65,"flag":1,"level":1,"start_time":1674682920000,"end_time":1674682979000},{"score":80,"score_max":85,"score_min":75,"flag":1,"level":1,"start_time":1674682860000,"end_time":1674682919000},{"score":78,"score_max":82,"score_min":76,"flag":1,"level":1,"start_time":1674682800000,"end_time":1674682859000},{"score":76,"score_max":80,"score_min":75,"flag":1,"level":1,"start_time":1674682740000,"end_time":1674682799000},{"score":77,"score_max":81,"score_min":74,"flag":1,"level":1,"start_time":1674682680000,"end_time":1674682739000},{"score":85,"score_max":95,"score_min":76,"flag":1,"level":1,"start_time":1674682620000,"end_time":1674682679000},{"score":95,"score_max":97,"score_min":94,"flag":1,"level":1,"start_time":1674682560000,"end_time":1674682619000},{"score":95,"score_max":97,"score_min":92,"flag":1,"level":1,"start_time":1674682500000,"end_time":1674682559000},{"score":91,"score_max":95,"score_min":89,"flag":1,"level":1,"start_time":1674682440000,"end_time":1674682499000},{"score":88,"score_max":95,"score_min":83,"flag":1,"level":1,"start_time":1674682380000,"end_time":1674682439000},{"score":85,"score_max":92,"score_min":82,"flag":1,"level":1,"start_time":1674682320000,"end_time":1674682379000},{"score":93,"score_max":96,"score_min":91,"flag":1,"level":1,"start_time":1674682260000,"end_time":1674682319000},{"score":81,"score_max":91,"score_min":73,"flag":1,"level":1,"start_time":1674682200000,"end_time":1674682259000},{"score":69,"score_max":89,"score_min":15,"flag":1,"level":1,"start_time":1674682140000,"end_time":1674682199000},{"score":11,"score_max":14,"score_min":8,"flag":1,"level":1,"start_time":1674682080000,"end_time":1674682139000},{"score":34,"score_max":37,"score_min":33,"flag":1,"level":1,"start_time":1674682020000,"end_time":1674682079000},{"score":53,"score_max":68,"score_min":37,"flag":1,"level":1,"start_time":1674681960000,"end_time":1674682019000},{"score":68,"score_max":70,"score_min":67,"flag":1,"level":1,"start_time":1674681900000,"end_time":1674681959000},{"score":94,"score_max":95,"score_min":94,"flag":1,"level":1,"start_time":1674681840000,"end_time":1674681899000},{"score":95,"score_max":98,"score_min":94,"flag":1,"level":1,"start_time":1674681780000,"end_time":1674681839000},{"score":98,"score_max":99,"score_min":98,"flag":1,"level":1,"start_time":1674681720000,"end_time":1674681779000},{"score":98,"score_max":98,"score_min":98,"flag":1,"level":1,"start_time":1674681660000,"end_time":1674681719000},{"score":58,"score_max":69,"score_min":53,"flag":1,"level":1,"start_time":1674681600000,"end_time":1674681659000},{"score":88,"score_max":97,"score_min":70,"flag":1,"level":1,"start_time":1674681480000,"end_time":1674681539000},{"score":98,"score_max":98,"score_min":98,"flag":1,"level":1,"start_time":1674681360000,"end_time":1674681419000},{"score":97,"score_max":97,"score_min":97,"flag":1,"level":1,"start_time":1674681300000,"end_time":1674681359000},{"score":97,"score_max":97,"score_min":97,"flag":1,"level":1,"start_time":1674681240000,"end_time":1674681299000},{"score":91,"score_max":92,"score_min":90,"flag":1,"level":1,"start_time":1674681180000,"end_time":1674681239000},{"score":84,"score_max":91,"score_min":81,"flag":1,"level":1,"start_time":1674681120000,"end_time":1674681179000},{"score":87,"score_max":94,"score_min":78,"flag":1,"level":1,"start_time":1674681060000,"end_time":1674681119000},{"score":21,"score_max":75,"score_min":3,"flag":1,"level":1,"start_time":1674681000000,"end_time":1674681059000},{"score":7,"score_max":10,"score_min":4,"flag":1,"level":1,"start_time":1674680940000,"end_time":1674680999000},{"score":23,"score_max":61,"score_min":7,"flag":1,"level":1,"start_time":1674680880000,"end_time":1674680939000},{"score":52,"score_max":68,"score_min":29,"flag":1,"level":1,"start_time":1674680820000,"end_time":1674680879000},{"score":26,"score_max":28,"score_min":25,"flag":1,"level":1,"start_time":1674680700000,"end_time":1674680759000},{"score":32,"score_max":36,"score_min":29,"flag":1,"level":1,"start_time":1674680640000,"end_time":1674680699000},{"score":37,"score_max":50,"score_min":33,"flag":1,"level":1,"start_time":1674680580000,"end_time":1674680639000},{"score":56,"score_max":63,"score_min":24,"flag":1,"level":1,"start_time":1674680520000,"end_time":1674680579000},{"score":2,"score_max":21,"score_min":0,"flag":1,"level":1,"start_time":1674680460000,"end_time":1674680519000},{"score":4,"score_max":7,"score_min":0,"flag":1,"level":1,"start_time":1674680400000,"end_time":1674680459000}]