[{"score":99,"score_max":100,"score_min":99,"flag":1,"level":1,"start_time":1674547080000,"end_time":1674547139000},{"score":97,"score_max":99,"score_min":96,"flag":1,"level":1,"start_time":1674546780000,"end_time":1674546839000},{"score":98,"score_max":98,"score_min":98,"flag":1,"level":1,"start_time":1674546720000,"end_time":1674546779000},{"score":99,"score_max":100,"score_min":98,"flag":1,"level":1,"start_time":1674546060000,"end_time":1674546119000},{"score":99,"score_max":100,"score_min":99,"flag":1,"level":1,"start_time":1674546000000,"end_time":1674546059000},{"score":99,"score_max":100,"score_min":99,"flag":1,"level":1,"start_time":1674545940000,"end_time":1674545999000},{"score":99,"score_max":100,"score_min":99,"flag":1,"level":1,"start_time":1674545880000,"end_time":1674545939000},{"score":99,"score_max":100,"score_min":99,"flag":1,"level":1,"start_time":1674545820000,"end_time":1674545879000},{"score":100,"score_max":100,"score_min":100,"flag":1,"level":1,"start_time":1674545760000,"end_time":1674545819000},{"score":100,"score_max":100,"score_min":100,"flag":1,"level":1,"start_time":1674545700000,"end_time":1674545759000},{"score":100,"score_max":100,"score_min":100,"flag":1,"level":1,"start_time":1674545640000,"end_time":1674545699000},{"score":99,"score_max":99,"score_min":99,"flag":1,"level":1,"start_time":1674545580000,"end_time":1674545639000},{"score":99,"score_max":99,"score_min":99,"flag":1,"level":1,"start_time":1674545520000,"end_time":1674545579000},{"score":98,"score_max":99,"score_min":98,"flag":1,"level":1,"start_time":1674545460000,"end_time":1674545519000},{"score":97,"score_max":98,"score_min":97,"flag":1,"level":1,"start_time":1674545400000,"end_time":1674545459000},{"score":98,"score_max":99,"score_min":97,"flag":1,"level":1,"start_time":1674545340000,"end_time":1674545399000},{"score":98,"score_max":99,"score_min":98,"flag":1,"level":1,"start_time":1674545280000,"end_time":1674545339000},{"score":99,"score_max":99,"score_min":99,"flag":1,"level":1,"start_time":1674545220000,"end_time":1674545279000},{"score":99,"score_max":99,"score_min":99,"flag":1,"level":1,"start_time":1674545160000,"end_time":1674545219000},{"score":99,"score_max":99,"score_min":99,"flag":1,"level":1,"start_time":1674545100000,"end_time":1674545159000},{"score":98,"score_max":99,"score_min":98,"flag":1,"level":1,"start_time":1674545040000,"end_time":1674545099000},{"score":97,"score_max":98,"score_min":97,"flag":1,"level":1,"start_time":1674544980000,"end_time":1674545039000},{"score":98,"score_max":99,"score_min":98,"flag":1,"level":1,"start_time":1674544920000,"end_time":1674544979000},{"score":97,"score_max":99,"score_min":96,"flag":1,"level":1,"start_time":1674544860000,"end_time":1674544919000},{"score":97,"score_max":99,"score_min":96,"flag":1,"level":1,"start_time":1674544800000,"end_time":1674544859000},{"score":99,"score_max":100,"score_min":99,"flag":1,"level":1,"start_time":1674544740000,"end_time":1674544799000},{"score":99,"score_max":99,"score_min":99,"flag":1,"level":1,"start_time":1674544680000,"end_time":1674544739000},{"score":99,"score_max":99,"score_min":99,"flag":1,"level":1,"start_time":1674544620000,"end_time":1674544679000},{"score":98,"score_max":99,"score_min":98,"flag":1,"level":1,"start_time":1674544560000,"end_time":1674544619000},{"score":99,"score_max":99,"score_min":99,"flag":1,"level":1,"start_time":1674544500000,"end_time":1674544559000},{"score":98,"score_max":99,"score_min":98,"flag":1,"level":1,"start_time":1674544440000,"end_time":1674544499000},{"score":98,"score_max":99,"score_min":97,"flag":1,"level":1,"start_time":1674544380000,"end_time":1674544439000},{"score":95,"score_max":97,"score_min":95,"flag":1,"level":1,"start_time":1674544320000,"end_time":1674544379000},{"score":95,"score_max":97,"score_min":94,"flag":1,"level":1,"start_time":1674544260000,"end_time":1674544319000},{"score":97,"score_max":98,"score_min":96,"flag":1,"level":1,"start_time":1674544200000,"end_time":1674544259000},{"score":97,"score_max":98,"score_min":97,"flag":1,"level":1,"start_time":1674544140000,"end_time":1674544199000},{"score":96,"score_max":98,"score_min":96,"flag":1,"level":1,"start_time":1674544080000,"end_time":1674544139000},{"score":98,"score_max":99,"score_min":97,"flag":1,"level":1,"start_time":1674544020000,"end_time":1674544079000},{"score":99,"score_max":99,"score_min":99,"flag":1,"level":1,"start_time":1674543960000,"end_time":1674544019000},{"score":99,"score_max":100,"score_min":99,"flag":1,"level":1,"start_time":1674543900000,"end_time":1674543959000},{"score":100,"score_max":100,"score_min":100,"flag":1,"level":1,"start_time":1674543840000,"end_time":1674543899000},{"score":99,"score_max":100,"score_min":99,"flag":1,"level":1,"start_time":1674543780000,"end_time":1674543839000},{"score":99,"score_max":99,"score_min":99,"flag":1,"level":1,"start_time":1674543720000,"end_time":1674543779000},{"score":99,"score_max":100,"score_min":99,"flag":1,"level":1,"start_time":1674543660000,"end_time":1674543719000},{"score":62,"score_max":100,"score_min":2,"flag":1,"level":1,"start_time":1674543600000,"end_time":1674543659000}]