[{"heart_rate":94,"heart_rate_max":97,"heart_rate_min":93,"start_time":1674550740000,"end_time":1674550799000},{"heart_rate":97,"heart_rate_max":98,"heart_rate_min":96,"start_time":1674550680000,"end_time":1674550739000},{"heart_rate":95,"heart_rate_max":97,"heart_rate_min":94,"start_time":1674550620000,"end_time":1674550679000},{"heart_rate":96,"heart_rate_max":100,"heart_rate_min":93,"start_time":1674550560000,"end_time":1674550619000},{"heart_rate":92,"heart_rate_max":98,"heart_rate_min":87,"start_time":1674550500000,"end_time":1674550559000},{"heart_rate":90,"heart_rate_max":93,"heart_rate_min":87,"start_time":1674550440000,"end_time":1674550499000},{"heart_rate":96,"heart_rate_max":100,"heart_rate_min":93,"start_time":1674550380000,"end_time":1674550439000},{"heart_rate":97,"heart_rate_max":102,"heart_rate_min":94,"start_time":1674550320000,"end_time":1674550379000},{"heart_rate":94,"heart_rate_max":96,"heart_rate_min":93,"start_time":1674550260000,"end_time":1674550319000},{"heart_rate":93,"heart_rate_max":105,"heart_rate_min":88,"start_time":1674550200000,"end_time":1674550259000},{"heart_rate":95,"heart_rate_max":99,"heart_rate_min":92,"start_time":1674550140000,"end_time":1674550199000},{"heart_rate":96,"heart_rate_max":100,"heart_rate_min":92,"start_time":1674550080000,"end_time":1674550139000},{"heart_rate":92,"heart_rate_max":94,"heart_rate_min":90,"start_time":1674550020000,"end_time":1674550079000},{"heart_rate":91,"heart_rate_max":94,"heart_rate_min":89,"start_time":1674549960000,"end_time":1674550019000},{"heart_rate":92,"heart_rate_max":94,"heart_rate_min":90,"start_time":1674549900000,"end_time":1674549959000},{"heart_rate":96,"heart_rate_max":102,"heart_rate_min":94,"start_time":1674549840000,"end_time":1674549899000},{"heart_rate":96,"heart_rate_max":99,"heart_rate_min":95,"start_time":1674549780000,"end_time":1674549839000},{"heart_rate":98,"heart_rate_max":104,"heart_rate_min":96,"start_time":1674549720000,"end_time":1674549779000},{"heart_rate":97,"heart_rate_max":102,"heart_rate_min":94,"start_time":1674549660000,"end_time":1674549719000},{"heart_rate":96,"heart_rate_max":101,"heart_rate_min":93,"start_time":1674549600000,"end_time":1674549659000},{"heart_rate":94,"heart_rate_max":100,"heart_rate_min":92,"start_time":1674549540000,"end_time":1674549599000},{"heart_rate":98,"heart_rate_max":100,"heart_rate_min":97,"start_time":1674549480000,"end_time":1674549539000},{"heart_rate":96,"heart_rate_max":98,"heart_rate_min":95,"start_time":1674549420000,"end_time":1674549479000},{"heart_rate":97,"heart_rate_max":100,"heart_rate_min":95,"start_time":1674549360000,"end_time":1674549419000},{"heart_rate":95,"heart_rate_max":98,"heart_rate_min":90,"start_time":1674549300000,"end_time":1674549359000},{"heart_rate":93,"heart_rate_max":95,"heart_rate_min":91,"start_time":1674549240000,"end_time":1674549299000},{"heart_rate":94,"heart_rate_max":96,"heart_rate_min":91,"start_time":1674549180000,"end_time":1674549239000},{"heart_rate":95,"heart_rate_max":100,"heart_rate_min":91,"start_time":1674549120000,"end_time":1674549179000},{"heart_rate":96,"heart_rate_max":102,"heart_rate_min":91,"start_time":1674549060000,"end_time":1674549119000},{"heart_rate":94,"heart_rate_max":99,"heart_rate_min":91,"start_time":1674549000000,"end_time":1674549059000},{"heart_rate":93,"heart_rate_max":97,"heart_rate_min":89,"start_time":1674548940000,"end_time":1674548999000},{"heart_rate":97,"heart_rate_max":104,"heart_rate_min":93,"start_time":1674548880000,"end_time":1674548939000},{"heart_rate":96,"heart_rate_max":101,"heart_rate_min":94,"start_time":1674548820000,"end_time":1674548879000},{"heart_rate":97,"heart_rate_max":104,"heart_rate_min":94,"start_time":1674548760000,"end_time":1674548819000},{"heart_rate":98,"heart_rate_max":101,"heart_rate_min":96,"start_time":1674548700000,"end_time":1674548759000},{"heart_rate":99,"heart_rate_max":102,"heart_rate_min":98,"start_time":1674548640000,"end_time":1674548699000},{"heart_rate":97,"heart_rate_max":101,"heart_rate_min":94,"start_time":1674548580000,"end_time":1674548639000},{"heart_rate":97,"heart_rate_max":100,"heart_rate_min":94,"start_time":1674548520000,"end_time":1674548579000},{"heart_rate":99,"heart_rate_max":101,"heart_rate_min":96,"start_time":1674548460000,"end_time":1674548519000},{"heart_rate":94,"heart_rate_max":96,"heart_rate_min":92,"start_time":1674548400000,"end_time":1674548459000},{"heart_rate":96,"heart_rate_max":101,"heart_rate_min":95,"start_time":1674548340000,"end_time":1674548399000},{"heart_rate":98,"heart_rate_max":101,"heart_rate_min":96,"start_time":1674548280000,"end_time":1674548339000},{"heart_rate":95,"heart_rate_max":100,"heart_rate_min":94,"start_time":1674548160000,"end_time":1674548219000},{"heart_rate":95,"heart_rate_max":97,"heart_rate_min":93,"start_time":1674548100000,"end_time":1674548159000},{"heart_rate":99,"heart_rate_max":112,"heart_rate_min":95,"start_time":1674548040000,"end_time":1674548099000},{"heart_rate":100,"heart_rate_max":104,"heart_rate_min":98,"start_time":1674547980000,"end_time":1674548039000},{"heart_rate":93,"heart_rate_max":105,"heart_rate_min":84,"start_time":1674547920000,"end_time":1674547979000},{"heart_rate":98,"heart_rate_max":103,"heart_rate_min":95,"start_time":1674547860000,"end_time":1674547919000},{"heart_rate":94,"heart_rate_max":101,"heart_rate_min":92,"start_time":1674547800000,"end_time":1674547859000},{"heart_rate":98,"heart_rate_max":114,"heart_rate_min":95,"start_time":1674547740000,"end_time":1674547799000},{"heart_rate":98,"heart_rate_max":100,"heart_rate_min":97,"start_time":1674547680000,"end_time":1674547739000},{"heart_rate":96,"heart_rate_max":99,"heart_rate_min":95,"start_time":1674547620000,"end_time":1674547679000},{"heart_rate":98,"heart_rate_max":104,"heart_rate_min":98,"start_time":1674547560000,"end_time":1674547619000},{"heart_rate":103,"heart_rate_max":106,"heart_rate_min":101,"start_time":1674547500000,"end_time":1674547559000},{"heart_rate":100,"heart_rate_max":102,"heart_rate_min":99,"start_time":1674547440000,"end_time":1674547499000},{"heart_rate":94,"heart_rate_max":97,"heart_rate_min":91,"start_time":1674547380000,"end_time":1674547439000},{"heart_rate":95,"heart_rate_max":98,"heart_rate_min":91,"start_time":1674547260000,"end_time":1674547319000},{"heart_rate":91,"heart_rate_max":94,"heart_rate_min":90,"start_time":1674547200000,"end_time":1674547259000}]