[{"heart_rate":88,"heart_rate_max":90,"heart_rate_min":87,"start_time":1674626340000,"end_time":1674626399000},{"heart_rate":94,"heart_rate_max":95,"heart_rate_min":93,"start_time":1674626220000,"end_time":1674626279000},{"heart_rate":93,"heart_rate_max":93,"heart_rate_min":93,"start_time":1674626160000,"end_time":1674626219000},{"heart_rate":82,"heart_rate_max":89,"heart_rate_min":78,"start_time":1674626100000,"end_time":1674626159000},{"heart_rate":85,"heart_rate_max":89,"heart_rate_min":80,"start_time":1674626040000,"end_time":1674626099000},{"heart_rate":80,"heart_rate_max":84,"heart_rate_min":77,"start_time":1674625980000,"end_time":1674626039000},{"heart_rate":83,"heart_rate_max":86,"heart_rate_min":79,"start_time":1674625920000,"end_time":1674625979000},{"heart_rate":86,"heart_rate_max":94,"heart_rate_min":82,"start_time":1674625860000,"end_time":1674625919000},{"heart_rate":83,"heart_rate_max":88,"heart_rate_min":79,"start_time":1674625800000,"end_time":1674625859000},{"heart_rate":83,"heart_rate_max":91,"heart_rate_min":79,"start_time":1674625740000,"end_time":1674625799000},{"heart_rate":81,"heart_rate_max":92,"heart_rate_min":77,"start_time":1674625680000,"end_time":1674625739000},{"heart_rate":87,"heart_rate_max":94,"heart_rate_min":83,"start_time":1674625620000,"end_time":1674625679000},{"heart_rate":82,"heart_rate_max":87,"heart_rate_min":79,"start_time":1674625560000,"end_time":1674625619000},{"heart_rate":84,"heart_rate_max":91,"heart_rate_min":77,"start_time":1674625500000,"end_time":1674625559000},{"heart_rate":86,"heart_rate_max":92,"heart_rate_min":81,"start_time":1674625440000,"end_time":1674625499000},{"heart_rate":79,"heart_rate_max":87,"heart_rate_min":76,"start_time":1674625380000,"end_time":1674625439000},{"heart_rate":80,"heart_rate_max":85,"heart_rate_min":78,"start_time":1674625320000,"end_time":1674625379000},{"heart_rate":81,"heart_rate_max":87,"heart_rate_min":78,"start_time":1674625260000,"end_time":1674625319000},{"heart_rate":83,"heart_rate_max":88,"heart_rate_min":81,"start_time":1674625200000,"end_time":1674625259000},{"heart_rate":81,"heart_rate_max":86,"heart_rate_min":78,"start_time":1674625140000,"end_time":1674625199000},{"heart_rate":81,"heart_rate_max":88,"heart_rate_min":78,"start_time":1674625080000,"end_time":1674625139000},{"heart_rate":80,"heart_rate_max":84,"heart_rate_min":78,"start_time":1674625020000,"end_time":1674625079000},{"heart_rate":84,"heart_rate_max":97,"heart_rate_min":78,"start_time":1674624960000,"end_time":1674625019000},{"heart_rate":78,"heart_rate_max":83,"heart_rate_min":65,"start_time":1674624900000,"end_time":1674624959000},{"heart_rate":74,"heart_rate_max":77,"heart_rate_min":72,"start_time":1674624840000,"end_time":1674624899000},{"heart_rate":79,"heart_rate_max":82,"heart_rate_min":76,"start_time":1674624780000,"end_time":1674624839000},{"heart_rate":81,"heart_rate_max":86,"heart_rate_min":76,"start_time":1674624720000,"end_time":1674624779000},{"heart_rate":85,"heart_rate_max":95,"heart_rate_min":81,"start_time":1674624660000,"end_time":1674624719000},{"heart_rate":82,"heart_rate_max":88,"heart_rate_min":76,"start_time":1674624600000,"end_time":1674624659000},{"heart_rate":85,"heart_rate_max":89,"heart_rate_min":80,"start_time":1674624540000,"end_time":1674624599000},{"heart_rate":84,"heart_rate_max":91,"heart_rate_min":80,"start_time":1674624480000,"end_time":1674624539000},{"heart_rate":85,"heart_rate_max":89,"heart_rate_min":83,"start_time":1674624420000,"end_time":1674624479000},{"heart_rate":87,"heart_rate_max":93,"heart_rate_min":83,"start_time":1674624360000,"end_time":1674624419000},{"heart_rate":84,"heart_rate_max":89,"heart_rate_min":80,"start_time":1674624300000,"end_time":1674624359000},{"heart_rate":84,"heart_rate_max":89,"heart_rate_min":79,"start_time":1674624240000,"end_time":1674624299000},{"heart_rate":85,"heart_rate_max":90,"heart_rate_min":82,"start_time":1674624180000,"end_time":1674624239000},{"heart_rate":86,"heart_rate_max":88,"heart_rate_min":85,"start_time":1674624120000,"end_time":1674624179000},{"heart_rate":87,"heart_rate_max":96,"heart_rate_min":84,"start_time":1674624060000,"end_time":1674624119000},{"heart_rate":84,"heart_rate_max":88,"heart_rate_min":81,"start_time":1674624000000,"end_time":1674624059000},{"heart_rate":85,"heart_rate_max":89,"heart_rate_min":81,"start_time":1674623940000,"end_time":1674623999000},{"heart_rate":87,"heart_rate_max":91,"heart_rate_min":83,"start_time":1674623880000,"end_time":1674623939000},{"heart_rate":85,"heart_rate_max":87,"heart_rate_min":83,"start_time":1674623820000,"end_time":1674623879000},{"heart_rate":81,"heart_rate_max":83,"heart_rate_min":77,"start_time":1674623760000,"end_time":1674623819000},{"heart_rate":85,"heart_rate_max":95,"heart_rate_min":79,"start_time":1674623700000,"end_time":1674623759000},{"heart_rate":91,"heart_rate_max":94,"heart_rate_min":89,"start_time":1674623640000,"end_time":1674623699000},{"heart_rate":86,"heart_rate_max":92,"heart_rate_min":81,"start_time":1674623580000,"end_time":1674623639000},{"heart_rate":84,"heart_rate_max":88,"heart_rate_min":77,"start_time":1674623520000,"end_time":1674623579000},{"heart_rate":85,"heart_rate_max":93,"heart_rate_min":82,"start_time":1674623460000,"end_time":1674623519000},{"heart_rate":85,"heart_rate_max":93,"heart_rate_min":80,"start_time":1674623400000,"end_time":1674623459000},{"heart_rate":87,"heart_rate_max":90,"heart_rate_min":85,"start_time":1674623340000,"end_time":1674623399000},{"heart_rate":84,"heart_rate_max":87,"heart_rate_min":81,"start_time":1674623280000,"end_time":1674623339000},{"heart_rate":90,"heart_rate_max":94,"heart_rate_min":86,"start_time":1674623220000,"end_time":1674623279000},{"heart_rate":92,"heart_rate_max":96,"heart_rate_min":92,"start_time":1674623160000,"end_time":1674623219000},{"heart_rate":89,"heart_rate_max":96,"heart_rate_min":86,"start_time":1674623100000,"end_time":1674623159000},{"heart_rate":88,"heart_rate_max":98,"heart_rate_min":79,"start_time":1674623040000,"end_time":1674623099000},{"heart_rate":84,"heart_rate_max":91,"heart_rate_min":79,"start_time":1674622980000,"end_time":1674623039000},{"heart_rate":85,"heart_rate_max":92,"heart_rate_min":82,"start_time":1674622920000,"end_time":1674622979000},{"heart_rate":80,"heart_rate_max":84,"heart_rate_min":76,"start_time":1674622860000,"end_time":1674622919000},{"heart_rate":79,"heart_rate_max":83,"heart_rate_min":76,"start_time":1674622800000,"end_time":1674622859000}]