[{"heart_rate":67,"heart_rate_max":72,"heart_rate_min":63,"start_time":1674561540000,"end_time":1674561599000},{"heart_rate":76,"heart_rate_max":84,"heart_rate_min":64,"start_time":1674561480000,"end_time":1674561539000},{"heart_rate":83,"heart_rate_max":89,"heart_rate_min":78,"start_time":1674561420000,"end_time":1674561479000},{"heart_rate":76,"heart_rate_max":86,"heart_rate_min":70,"start_time":1674561360000,"end_time":1674561419000},{"heart_rate":82,"heart_rate_max":87,"heart_rate_min":69,"start_time":1674561300000,"end_time":1674561359000},{"heart_rate":80,"heart_rate_max":84,"heart_rate_min":70,"start_time":1674561240000,"end_time":1674561299000},{"heart_rate":84,"heart_rate_max":86,"heart_rate_min":81,"start_time":1674561180000,"end_time":1674561239000},{"heart_rate":83,"heart_rate_max":87,"heart_rate_min":80,"start_time":1674561120000,"end_time":1674561179000},{"heart_rate":86,"heart_rate_max":90,"heart_rate_min":81,"start_time":1674561060000,"end_time":1674561119000},{"heart_rate":79,"heart_rate_max":92,"heart_rate_min":71,"start_time":1674561000000,"end_time":1674561059000},{"heart_rate":77,"heart_rate_max":91,"heart_rate_min":67,"start_time":1674560940000,"end_time":1674560999000},{"heart_rate":85,"heart_rate_max":89,"heart_rate_min":78,"start_time":1674560880000,"end_time":1674560939000},{"heart_rate":84,"heart_rate_max":94,"heart_rate_min":77,"start_time":1674560820000,"end_time":1674560879000},{"heart_rate":82,"heart_rate_max":88,"heart_rate_min":74,"start_time":1674560760000,"end_time":1674560819000},{"heart_rate":69,"heart_rate_max":79,"heart_rate_min":64,"start_time":1674560700000,"end_time":1674560759000},{"heart_rate":69,"heart_rate_max":80,"heart_rate_min":63,"start_time":1674560640000,"end_time":1674560699000},{"heart_rate":70,"heart_rate_max":78,"heart_rate_min":65,"start_time":1674560580000,"end_time":1674560639000},{"heart_rate":73,"heart_rate_max":80,"heart_rate_min":69,"start_time":1674560520000,"end_time":1674560579000},{"heart_rate":72,"heart_rate_max":76,"heart_rate_min":67,"start_time":1674560460000,"end_time":1674560519000},{"heart_rate":75,"heart_rate_max":79,"heart_rate_min":71,"start_time":1674560400000,"end_time":1674560459000},{"heart_rate":68,"heart_rate_max":74,"heart_rate_min":60,"start_time":1674560340000,"end_time":1674560399000},{"heart_rate":82,"heart_rate_max":94,"heart_rate_min":66,"start_time":1674560280000,"end_time":1674560339000},{"heart_rate":86,"heart_rate_max":92,"heart_rate_min":77,"start_time":1674560220000,"end_time":1674560279000},{"heart_rate":82,"heart_rate_max":87,"heart_rate_min":77,"start_time":1674560160000,"end_time":1674560219000},{"heart_rate":81,"heart_rate_max":85,"heart_rate_min":77,"start_time":1674560100000,"end_time":1674560159000},{"heart_rate":88,"heart_rate_max":91,"heart_rate_min":84,"start_time":1674560040000,"end_time":1674560099000},{"heart_rate":82,"heart_rate_max":91,"heart_rate_min":77,"start_time":1674559980000,"end_time":1674560039000},{"heart_rate":80,"heart_rate_max":89,"heart_rate_min":73,"start_time":1674559920000,"end_time":1674559979000},{"heart_rate":86,"heart_rate_max":92,"heart_rate_min":84,"start_time":1674559860000,"end_time":1674559919000},{"heart_rate":81,"heart_rate_max":86,"heart_rate_min":76,"start_time":1674559800000,"end_time":1674559859000},{"heart_rate":83,"heart_rate_max":91,"heart_rate_min":74,"start_time":1674559740000,"end_time":1674559799000},{"heart_rate":83,"heart_rate_max":88,"heart_rate_min":81,"start_time":1674559680000,"end_time":1674559739000},{"heart_rate":81,"heart_rate_max":87,"heart_rate_min":75,"start_time":1674559620000,"end_time":1674559679000},{"heart_rate":78,"heart_rate_max":87,"heart_rate_min":65,"start_time":1674559560000,"end_time":1674559619000},{"heart_rate":81,"heart_rate_max":86,"heart_rate_min":72,"start_time":1674559500000,"end_time":1674559559000},{"heart_rate":80,"heart_rate_max":87,"heart_rate_min":70,"start_time":1674559440000,"end_time":1674559499000},{"heart_rate":83,"heart_rate_max":89,"heart_rate_min":75,"start_time":1674559380000,"end_time":1674559439000},{"heart_rate":85,"heart_rate_max":88,"heart_rate_min":82,"start_time":1674559320000,"end_time":1674559379000},{"heart_rate":86,"heart_rate_max":89,"heart_rate_min":77,"start_time":1674559260000,"end_time":1674559319000},{"heart_rate":82,"heart_rate_max":87,"heart_rate_min":71,"start_time":1674559200000,"end_time":1674559259000},{"heart_rate":83,"heart_rate_max":90,"heart_rate_min":75,"start_time":1674559140000,"end_time":1674559199000},{"heart_rate":82,"heart_rate_max":89,"heart_rate_min":65,"start_time":1674559080000,"end_time":1674559139000},{"heart_rate":81,"heart_rate_max":88,"heart_rate_min":69,"start_time":1674559020000,"end_time":1674559079000},{"heart_rate":83,"heart_rate_max":90,"heart_rate_min":70,"start_time":1674558960000,"end_time":1674559019000},{"heart_rate":90,"heart_rate_max":96,"heart_rate_min":84,"start_time":1674558900000,"end_time":1674558959000},{"heart_rate":82,"heart_rate_max":90,"heart_rate_min":64,"start_time":1674558840000,"end_time":1674558899000},{"heart_rate":86,"heart_rate_max":90,"heart_rate_min":82,"start_time":1674558780000,"end_time":1674558839000},{"heart_rate":86,"heart_rate_max":89,"heart_rate_min":84,"start_time":1674558720000,"end_time":1674558779000},{"heart_rate":86,"heart_rate_max":88,"heart_rate_min":84,"start_time":1674558660000,"end_time":1674558719000},{"heart_rate":86,"heart_rate_max":88,"heart_rate_min":83,"start_time":1674558600000,"end_time":1674558659000},{"heart_rate":86,"heart_rate_max":89,"heart_rate_min":84,"start_time":1674558540000,"end_time":1674558599000},{"heart_rate":86,"heart_rate_max":88,"heart_rate_min":85,"start_time":1674558480000,"end_time":1674558539000},{"heart_rate":85,"heart_rate_max":88,"heart_rate_min":83,"start_time":1674558420000,"end_time":1674558479000},{"heart_rate":85,"heart_rate_max":89,"heart_rate_min":82,"start_time":1674558360000,"end_time":1674558419000},{"heart_rate":87,"heart_rate_max":90,"heart_rate_min":84,"start_time":1674558300000,"end_time":1674558359000},{"heart_rate":84,"heart_rate_max":87,"heart_rate_min":83,"start_time":1674558240000,"end_time":1674558299000},{"heart_rate":80,"heart_rate_max":85,"heart_rate_min":70,"start_time":1674558180000,"end_time":1674558239000},{"heart_rate":81,"heart_rate_max":87,"heart_rate_min":70,"start_time":1674558120000,"end_time":1674558179000},{"heart_rate":81,"heart_rate_max":88,"heart_rate_min":78,"start_time":1674558060000,"end_time":1674558119000},{"heart_rate":74,"heart_rate_max":88,"heart_rate_min":67,"start_time":1674558000000,"end_time":1674558059000}]