[{"heart_rate":78,"heart_rate_max":84,"heart_rate_min":73,"start_time":1674748740000,"end_time":1674748799000},{"heart_rate":80,"heart_rate_max":86,"heart_rate_min":77,"start_time":1674748680000,"end_time":1674748739000},{"heart_rate":78,"heart_rate_max":83,"heart_rate_min":71,"start_time":1674748620000,"end_time":1674748679000},{"heart_rate":80,"heart_rate_max":84,"heart_rate_min":77,"start_time":1674748560000,"end_time":1674748619000},{"heart_rate":77,"heart_rate_max":83,"heart_rate_min":73,"start_time":1674748500000,"end_time":1674748559000},{"heart_rate":78,"heart_rate_max":87,"heart_rate_min":72,"start_time":1674748440000,"end_time":1674748499000},{"heart_rate":81,"heart_rate_max":85,"heart_rate_min":79,"start_time":1674748380000,"end_time":1674748439000},{"heart_rate":81,"heart_rate_max":87,"heart_rate_min":79,"start_time":1674748320000,"end_time":1674748379000},{"heart_rate":80,"heart_rate_max":85,"heart_rate_min":77,"start_time":1674748260000,"end_time":1674748319000},{"heart_rate":74,"heart_rate_max":79,"heart_rate_min":71,"start_time":1674748200000,"end_time":1674748259000},{"heart_rate":77,"heart_rate_max":84,"heart_rate_min":74,"start_time":1674748140000,"end_time":1674748199000},{"heart_rate":80,"heart_rate_max":85,"heart_rate_min":76,"start_time":1674748080000,"end_time":1674748139000},{"heart_rate":77,"heart_rate_max":84,"heart_rate_min":74,"start_time":1674748020000,"end_time":1674748079000},{"heart_rate":84,"heart_rate_max":88,"heart_rate_min":78,"start_time":1674747960000,"end_time":1674748019000},{"heart_rate":76,"heart_rate_max":85,"heart_rate_min":69,"start_time":1674747900000,"end_time":1674747959000},{"heart_rate":81,"heart_rate_max":87,"heart_rate_min":76,"start_time":1674747840000,"end_time":1674747899000},{"heart_rate":80,"heart_rate_max":85,"heart_rate_min":78,"start_time":1674747780000,"end_time":1674747839000},{"heart_rate":82,"heart_rate_max":88,"heart_rate_min":78,"start_time":1674747720000,"end_time":1674747779000},{"heart_rate":78,"heart_rate_max":81,"heart_rate_min":76,"start_time":1674747660000,"end_time":1674747719000},{"heart_rate":75,"heart_rate_max":79,"heart_rate_min":71,"start_time":1674747600000,"end_time":1674747659000},{"heart_rate":76,"heart_rate_max":80,"heart_rate_min":75,"start_time":1674747540000,"end_time":1674747599000},{"heart_rate":74,"heart_rate_max":78,"heart_rate_min":71,"start_time":1674747480000,"end_time":1674747539000},{"heart_rate":75,"heart_rate_max":82,"heart_rate_min":72,"start_time":1674747420000,"end_time":1674747479000},{"heart_rate":76,"heart_rate_max":81,"heart_rate_min":73,"start_time":1674747360000,"end_time":1674747419000},{"heart_rate":77,"heart_rate_max":81,"heart_rate_min":71,"start_time":1674747300000,"end_time":1674747359000},{"heart_rate":75,"heart_rate_max":80,"heart_rate_min":73,"start_time":1674747240000,"end_time":1674747299000},{"heart_rate":76,"heart_rate_max":82,"heart_rate_min":73,"start_time":1674747180000,"end_time":1674747239000},{"heart_rate":75,"heart_rate_max":78,"heart_rate_min":72,"start_time":1674747120000,"end_time":1674747179000},{"heart_rate":76,"heart_rate_max":82,"heart_rate_min":73,"start_time":1674747060000,"end_time":1674747119000},{"heart_rate":75,"heart_rate_max":80,"heart_rate_min":72,"start_time":1674747000000,"end_time":1674747059000},{"heart_rate":86,"heart_rate_max":96,"heart_rate_min":71,"start_time":1674746940000,"end_time":1674746999000},{"heart_rate":98,"heart_rate_max":101,"heart_rate_min":92,"start_time":1674746760000,"end_time":1674746819000},{"heart_rate":82,"heart_rate_max":87,"heart_rate_min":76,"start_time":1674746700000,"end_time":1674746759000},{"heart_rate":82,"heart_rate_max":88,"heart_rate_min":79,"start_time":1674746640000,"end_time":1674746699000},{"heart_rate":81,"heart_rate_max":85,"heart_rate_min":77,"start_time":1674746580000,"end_time":1674746639000},{"heart_rate":78,"heart_rate_max":83,"heart_rate_min":76,"start_time":1674746520000,"end_time":1674746579000},{"heart_rate":83,"heart_rate_max":87,"heart_rate_min":79,"start_time":1674746460000,"end_time":1674746519000},{"heart_rate":78,"heart_rate_max":82,"heart_rate_min":75,"start_time":1674746400000,"end_time":1674746459000},{"heart_rate":76,"heart_rate_max":78,"heart_rate_min":75,"start_time":1674746340000,"end_time":1674746399000},{"heart_rate":78,"heart_rate_max":87,"heart_rate_min":73,"start_time":1674746280000,"end_time":1674746339000},{"heart_rate":80,"heart_rate_max":88,"heart_rate_min":72,"start_time":1674746220000,"end_time":1674746279000},{"heart_rate":84,"heart_rate_max":91,"heart_rate_min":81,"start_time":1674746160000,"end_time":1674746219000},{"heart_rate":87,"heart_rate_max":91,"heart_rate_min":85,"start_time":1674746100000,"end_time":1674746159000},{"heart_rate":81,"heart_rate_max":85,"heart_rate_min":77,"start_time":1674746040000,"end_time":1674746099000},{"heart_rate":80,"heart_rate_max":86,"heart_rate_min":75,"start_time":1674745980000,"end_time":1674746039000},{"heart_rate":76,"heart_rate_max":83,"heart_rate_min":72,"start_time":1674745920000,"end_time":1674745979000},{"heart_rate":88,"heart_rate_max":96,"heart_rate_min":83,"start_time":1674745860000,"end_time":1674745919000},{"heart_rate":81,"heart_rate_max":84,"heart_rate_min":76,"start_time":1674745800000,"end_time":1674745859000},{"heart_rate":79,"heart_rate_max":83,"heart_rate_min":77,"start_time":1674745740000,"end_time":1674745799000},{"heart_rate":79,"heart_rate_max":86,"heart_rate_min":72,"start_time":1674745680000,"end_time":1674745739000},{"heart_rate":72,"heart_rate_max":75,"heart_rate_min":71,"start_time":1674745620000,"end_time":1674745679000},{"heart_rate":81,"heart_rate_max":84,"heart_rate_min":75,"start_time":1674745560000,"end_time":1674745619000},{"heart_rate":81,"heart_rate_max":84,"heart_rate_min":79,"start_time":1674745500000,"end_time":1674745559000},{"heart_rate":76,"heart_rate_max":83,"heart_rate_min":67,"start_time":1674745440000,"end_time":1674745499000},{"heart_rate":70,"heart_rate_max":84,"heart_rate_min":55,"start_time":1674745380000,"end_time":1674745439000},{"heart_rate":82,"heart_rate_max":86,"heart_rate_min":74,"start_time":1674745320000,"end_time":1674745379000},{"heart_rate":80,"heart_rate_max":86,"heart_rate_min":76,"start_time":1674745260000,"end_time":1674745319000},{"heart_rate":72,"heart_rate_max":90,"heart_rate_min":55,"start_time":1674745200000,"end_time":1674745259000}]