[{"heart_rate":78,"heart_rate_max":87,"heart_rate_min":69,"start_time":1674557940000,"end_time":1674557999000},{"heart_rate":82,"heart_rate_max":86,"heart_rate_min":80,"start_time":1674557880000,"end_time":1674557939000},{"heart_rate":80,"heart_rate_max":82,"heart_rate_min":78,"start_time":1674557820000,"end_time":1674557879000},{"heart_rate":78,"heart_rate_max":82,"heart_rate_min":71,"start_time":1674557760000,"end_time":1674557819000},{"heart_rate":81,"heart_rate_max":83,"heart_rate_min":70,"start_time":1674557700000,"end_time":1674557759000},{"heart_rate":81,"heart_rate_max":82,"heart_rate_min":79,"start_time":1674557640000,"end_time":1674557699000},{"heart_rate":81,"heart_rate_max":83,"heart_rate_min":78,"start_time":1674557580000,"end_time":1674557639000},{"heart_rate":80,"heart_rate_max":83,"heart_rate_min":76,"start_time":1674557520000,"end_time":1674557579000},{"heart_rate":79,"heart_rate_max":84,"heart_rate_min":70,"start_time":1674557460000,"end_time":1674557519000},{"heart_rate":79,"heart_rate_max":81,"heart_rate_min":78,"start_time":1674557400000,"end_time":1674557459000},{"heart_rate":79,"heart_rate_max":85,"heart_rate_min":70,"start_time":1674557340000,"end_time":1674557399000},{"heart_rate":81,"heart_rate_max":83,"heart_rate_min":80,"start_time":1674557280000,"end_time":1674557339000},{"heart_rate":81,"heart_rate_max":83,"heart_rate_min":79,"start_time":1674557220000,"end_time":1674557279000},{"heart_rate":78,"heart_rate_max":81,"heart_rate_min":70,"start_time":1674557160000,"end_time":1674557219000},{"heart_rate":81,"heart_rate_max":84,"heart_rate_min":79,"start_time":1674557100000,"end_time":1674557159000},{"heart_rate":78,"heart_rate_max":83,"heart_rate_min":70,"start_time":1674557040000,"end_time":1674557099000},{"heart_rate":81,"heart_rate_max":85,"heart_rate_min":77,"start_time":1674556980000,"end_time":1674557039000},{"heart_rate":81,"heart_rate_max":85,"heart_rate_min":79,"start_time":1674556920000,"end_time":1674556979000},{"heart_rate":81,"heart_rate_max":85,"heart_rate_min":78,"start_time":1674556860000,"end_time":1674556919000},{"heart_rate":81,"heart_rate_max":85,"heart_rate_min":75,"start_time":1674556800000,"end_time":1674556859000},{"heart_rate":75,"heart_rate_max":83,"heart_rate_min":65,"start_time":1674556740000,"end_time":1674556799000},{"heart_rate":78,"heart_rate_max":82,"heart_rate_min":74,"start_time":1674556680000,"end_time":1674556739000},{"heart_rate":75,"heart_rate_max":80,"heart_rate_min":71,"start_time":1674556620000,"end_time":1674556679000},{"heart_rate":80,"heart_rate_max":85,"heart_rate_min":69,"start_time":1674556560000,"end_time":1674556619000},{"heart_rate":82,"heart_rate_max":84,"heart_rate_min":81,"start_time":1674556500000,"end_time":1674556559000},{"heart_rate":84,"heart_rate_max":87,"heart_rate_min":82,"start_time":1674556440000,"end_time":1674556499000},{"heart_rate":84,"heart_rate_max":88,"heart_rate_min":82,"start_time":1674556380000,"end_time":1674556439000},{"heart_rate":83,"heart_rate_max":85,"heart_rate_min":80,"start_time":1674556320000,"end_time":1674556379000},{"heart_rate":83,"heart_rate_max":85,"heart_rate_min":80,"start_time":1674556260000,"end_time":1674556319000},{"heart_rate":82,"heart_rate_max":86,"heart_rate_min":78,"start_time":1674556200000,"end_time":1674556259000},{"heart_rate":81,"heart_rate_max":90,"heart_rate_min":69,"start_time":1674556140000,"end_time":1674556199000},{"heart_rate":83,"heart_rate_max":87,"heart_rate_min":79,"start_time":1674556080000,"end_time":1674556139000},{"heart_rate":83,"heart_rate_max":88,"heart_rate_min":77,"start_time":1674556020000,"end_time":1674556079000},{"heart_rate":83,"heart_rate_max":88,"heart_rate_min":78,"start_time":1674555960000,"end_time":1674556019000},{"heart_rate":80,"heart_rate_max":88,"heart_rate_min":77,"start_time":1674555900000,"end_time":1674555959000},{"heart_rate":79,"heart_rate_max":86,"heart_rate_min":73,"start_time":1674555840000,"end_time":1674555899000},{"heart_rate":80,"heart_rate_max":86,"heart_rate_min":71,"start_time":1674555780000,"end_time":1674555839000},{"heart_rate":81,"heart_rate_max":84,"heart_rate_min":78,"start_time":1674555720000,"end_time":1674555779000},{"heart_rate":82,"heart_rate_max":87,"heart_rate_min":77,"start_time":1674555660000,"end_time":1674555719000},{"heart_rate":81,"heart_rate_max":87,"heart_rate_min":70,"start_time":1674555600000,"end_time":1674555659000},{"heart_rate":84,"heart_rate_max":88,"heart_rate_min":80,"start_time":1674555540000,"end_time":1674555599000},{"heart_rate":86,"heart_rate_max":93,"heart_rate_min":81,"start_time":1674555480000,"end_time":1674555539000},{"heart_rate":83,"heart_rate_max":93,"heart_rate_min":70,"start_time":1674555420000,"end_time":1674555479000},{"heart_rate":82,"heart_rate_max":87,"heart_rate_min":79,"start_time":1674555360000,"end_time":1674555419000},{"heart_rate":84,"heart_rate_max":92,"heart_rate_min":80,"start_time":1674555300000,"end_time":1674555359000},{"heart_rate":86,"heart_rate_max":89,"heart_rate_min":83,"start_time":1674555240000,"end_time":1674555299000},{"heart_rate":85,"heart_rate_max":92,"heart_rate_min":82,"start_time":1674555180000,"end_time":1674555239000},{"heart_rate":93,"heart_rate_max":93,"heart_rate_min":93,"start_time":1674555120000,"end_time":1674555179000},{"heart_rate":90,"heart_rate_max":94,"heart_rate_min":87,"start_time":1674555060000,"end_time":1674555119000},{"heart_rate":91,"heart_rate_max":93,"heart_rate_min":90,"start_time":1674555000000,"end_time":1674555059000},{"heart_rate":92,"heart_rate_max":94,"heart_rate_min":92,"start_time":1674554940000,"end_time":1674554999000},{"heart_rate":95,"heart_rate_max":100,"heart_rate_min":94,"start_time":1674554880000,"end_time":1674554939000},{"heart_rate":91,"heart_rate_max":97,"heart_rate_min":89,"start_time":1674554820000,"end_time":1674554879000},{"heart_rate":87,"heart_rate_max":89,"heart_rate_min":84,"start_time":1674554760000,"end_time":1674554819000},{"heart_rate":83,"heart_rate_max":87,"heart_rate_min":79,"start_time":1674554700000,"end_time":1674554759000},{"heart_rate":92,"heart_rate_max":93,"heart_rate_min":88,"start_time":1674554640000,"end_time":1674554699000},{"heart_rate":92,"heart_rate_max":96,"heart_rate_min":91,"start_time":1674554580000,"end_time":1674554639000},{"heart_rate":97,"heart_rate_max":100,"heart_rate_min":93,"start_time":1674554520000,"end_time":1674554579000},{"heart_rate":93,"heart_rate_max":94,"heart_rate_min":89,"start_time":1674554460000,"end_time":1674554519000},{"heart_rate":91,"heart_rate_max":96,"heart_rate_min":89,"start_time":1674554400000,"end_time":1674554459000}]