[{"heart_rate":90,"heart_rate_max":93,"heart_rate_min":89,"start_time":1674633540000,"end_time":1674633599000},{"heart_rate":90,"heart_rate_max":93,"heart_rate_min":89,"start_time":1674633480000,"end_time":1674633539000},{"heart_rate":90,"heart_rate_max":96,"heart_rate_min":87,"start_time":1674633420000,"end_time":1674633479000},{"heart_rate":89,"heart_rate_max":91,"heart_rate_min":88,"start_time":1674633360000,"end_time":1674633419000},{"heart_rate":89,"heart_rate_max":96,"heart_rate_min":86,"start_time":1674633300000,"end_time":1674633359000},{"heart_rate":90,"heart_rate_max":93,"heart_rate_min":87,"start_time":1674633240000,"end_time":1674633299000},{"heart_rate":89,"heart_rate_max":91,"heart_rate_min":88,"start_time":1674633180000,"end_time":1674633239000},{"heart_rate":91,"heart_rate_max":94,"heart_rate_min":89,"start_time":1674633120000,"end_time":1674633179000},{"heart_rate":91,"heart_rate_max":94,"heart_rate_min":90,"start_time":1674633060000,"end_time":1674633119000},{"heart_rate":92,"heart_rate_max":95,"heart_rate_min":90,"start_time":1674633000000,"end_time":1674633059000},{"heart_rate":89,"heart_rate_max":95,"heart_rate_min":86,"start_time":1674632940000,"end_time":1674632999000},{"heart_rate":94,"heart_rate_max":105,"heart_rate_min":88,"start_time":1674632880000,"end_time":1674632939000},{"heart_rate":91,"heart_rate_max":94,"heart_rate_min":90,"start_time":1674632820000,"end_time":1674632879000},{"heart_rate":94,"heart_rate_max":97,"heart_rate_min":91,"start_time":1674632760000,"end_time":1674632819000},{"heart_rate":93,"heart_rate_max":96,"heart_rate_min":92,"start_time":1674632700000,"end_time":1674632759000},{"heart_rate":92,"heart_rate_max":96,"heart_rate_min":90,"start_time":1674632640000,"end_time":1674632699000},{"heart_rate":91,"heart_rate_max":95,"heart_rate_min":89,"start_time":1674632580000,"end_time":1674632639000},{"heart_rate":91,"heart_rate_max":95,"heart_rate_min":89,"start_time":1674632520000,"end_time":1674632579000},{"heart_rate":86,"heart_rate_max":89,"heart_rate_min":83,"start_time":1674632460000,"end_time":1674632519000},{"heart_rate":92,"heart_rate_max":99,"heart_rate_min":89,"start_time":1674632400000,"end_time":1674632459000},{"heart_rate":90,"heart_rate_max":96,"heart_rate_min":87,"start_time":1674632340000,"end_time":1674632399000},{"heart_rate":92,"heart_rate_max":96,"heart_rate_min":81,"start_time":1674632280000,"end_time":1674632339000},{"heart_rate":75,"heart_rate_max":80,"heart_rate_min":71,"start_time":1674632220000,"end_time":1674632279000},{"heart_rate":81,"heart_rate_max":94,"heart_rate_min":73,"start_time":1674632160000,"end_time":1674632219000},{"heart_rate":91,"heart_rate_max":96,"heart_rate_min":84,"start_time":1674632100000,"end_time":1674632159000},{"heart_rate":86,"heart_rate_max":92,"heart_rate_min":84,"start_time":1674632040000,"end_time":1674632099000},{"heart_rate":91,"heart_rate_max":99,"heart_rate_min":85,"start_time":1674631980000,"end_time":1674632039000},{"heart_rate":91,"heart_rate_max":97,"heart_rate_min":87,"start_time":1674631920000,"end_time":1674631979000},{"heart_rate":89,"heart_rate_max":93,"heart_rate_min":86,"start_time":1674631860000,"end_time":1674631919000},{"heart_rate":88,"heart_rate_max":92,"heart_rate_min":84,"start_time":1674631800000,"end_time":1674631859000},{"heart_rate":81,"heart_rate_max":87,"heart_rate_min":77,"start_time":1674631740000,"end_time":1674631799000},{"heart_rate":70,"heart_rate_max":89,"heart_rate_min":63,"start_time":1674631680000,"end_time":1674631739000},{"heart_rate":87,"heart_rate_max":94,"heart_rate_min":82,"start_time":1674631620000,"end_time":1674631679000},{"heart_rate":86,"heart_rate_max":93,"heart_rate_min":81,"start_time":1674631560000,"end_time":1674631619000},{"heart_rate":90,"heart_rate_max":93,"heart_rate_min":87,"start_time":1674631500000,"end_time":1674631559000},{"heart_rate":89,"heart_rate_max":94,"heart_rate_min":83,"start_time":1674631440000,"end_time":1674631499000},{"heart_rate":81,"heart_rate_max":86,"heart_rate_min":77,"start_time":1674631380000,"end_time":1674631439000},{"heart_rate":79,"heart_rate_max":85,"heart_rate_min":77,"start_time":1674631320000,"end_time":1674631379000},{"heart_rate":81,"heart_rate_max":87,"heart_rate_min":78,"start_time":1674631260000,"end_time":1674631319000},{"heart_rate":86,"heart_rate_max":95,"heart_rate_min":80,"start_time":1674631200000,"end_time":1674631259000},{"heart_rate":84,"heart_rate_max":88,"heart_rate_min":82,"start_time":1674631140000,"end_time":1674631199000},{"heart_rate":82,"heart_rate_max":86,"heart_rate_min":78,"start_time":1674631080000,"end_time":1674631139000},{"heart_rate":85,"heart_rate_max":90,"heart_rate_min":82,"start_time":1674631020000,"end_time":1674631079000},{"heart_rate":84,"heart_rate_max":87,"heart_rate_min":82,"start_time":1674630960000,"end_time":1674631019000},{"heart_rate":84,"heart_rate_max":89,"heart_rate_min":81,"start_time":1674630900000,"end_time":1674630959000},{"heart_rate":85,"heart_rate_max":92,"heart_rate_min":80,"start_time":1674630840000,"end_time":1674630899000},{"heart_rate":81,"heart_rate_max":93,"heart_rate_min":77,"start_time":1674630780000,"end_time":1674630839000},{"heart_rate":84,"heart_rate_max":87,"heart_rate_min":83,"start_time":1674630720000,"end_time":1674630779000},{"heart_rate":83,"heart_rate_max":87,"heart_rate_min":80,"start_time":1674630660000,"end_time":1674630719000},{"heart_rate":81,"heart_rate_max":85,"heart_rate_min":79,"start_time":1674630600000,"end_time":1674630659000},{"heart_rate":87,"heart_rate_max":90,"heart_rate_min":85,"start_time":1674630540000,"end_time":1674630599000},{"heart_rate":84,"heart_rate_max":95,"heart_rate_min":80,"start_time":1674630480000,"end_time":1674630539000},{"heart_rate":82,"heart_rate_max":90,"heart_rate_min":78,"start_time":1674630420000,"end_time":1674630479000},{"heart_rate":84,"heart_rate_max":87,"heart_rate_min":76,"start_time":1674630360000,"end_time":1674630419000},{"heart_rate":83,"heart_rate_max":98,"heart_rate_min":77,"start_time":1674630300000,"end_time":1674630359000},{"heart_rate":84,"heart_rate_max":96,"heart_rate_min":74,"start_time":1674630240000,"end_time":1674630299000},{"heart_rate":86,"heart_rate_max":98,"heart_rate_min":81,"start_time":1674630180000,"end_time":1674630239000},{"heart_rate":85,"heart_rate_max":95,"heart_rate_min":78,"start_time":1674630120000,"end_time":1674630179000},{"heart_rate":84,"heart_rate_max":91,"heart_rate_min":81,"start_time":1674630060000,"end_time":1674630119000},{"heart_rate":81,"heart_rate_max":92,"heart_rate_min":77,"start_time":1674630000000,"end_time":1674630059000}]