[{"score":0,"score_max":0,"score_min":0,"flag":1,"level":1,"start_time":1674662340000,"end_time":1674662399000},{"score":0,"score_max":0,"score_min":0,"flag":1,"level":1,"start_time":1674662280000,"end_time":1674662339000},{"score":0,"score_max":0,"score_min":0,"flag":1,"level":1,"start_time":1674662220000,"end_time":1674662279000},{"score":0,"score_max":1,"score_min":0,"flag":1,"level":1,"start_time":1674662160000,"end_time":1674662219000},{"score":2,"score_max":6,"score_min":1,"flag":1,"level":1,"start_time":1674662100000,"end_time":1674662159000},{"score":15,"score_max":20,"score_min":6,"flag":1,"level":1,"start_time":1674662040000,"end_time":1674662099000},{"score":1,"score_max":9,"score_min":0,"flag":1,"level":1,"start_time":1674661980000,"end_time":1674662039000},{"score":0,"score_max":0,"score_min":0,"flag":1,"level":1,"start_time":1674661920000,"end_time":1674661979000},{"score":0,"score_max":2,"score_min":0,"flag":1,"level":1,"start_time":1674661860000,"end_time":1674661919000},{"score":1,"score_max":3,"score_min":1,"flag":1,"level":1,"start_time":1674661800000,"end_time":1674661859000},{"score":1,"score_max":2,"score_min":1,"flag":1,"level":1,"start_time":1674661740000,"end_time":1674661799000},{"score":2,"score_max":4,"score_min":1,"flag":1,"level":1,"start_time":1674661680000,"end_time":1674661739000},{"score":0,"score_max":1,"score_min":0,"flag":1,"level":1,"start_time":1674661620000,"end_time":1674661679000},{"score":2,"score_max":7,"score_min":0,"flag":1,"level":1,"start_time":1674661560000,"end_time":1674661619000},{"score":2,"score_max":7,"score_min":1,"flag":1,"level":1,"start_time":1674661500000,"end_time":1674661559000},{"score":0,"score_max":1,"score_min":0,"flag":1,"level":1,"start_time":1674661440000,"end_time":1674661499000},{"score":1,"score_max":1,"score_min":1,"flag":1,"level":1,"start_time":1674661380000,"end_time":1674661439000},{"score":1,"score_max":2,"score_min":1,"flag":1,"level":1,"start_time":1674661320000,"end_time":1674661379000},{"score":0,"score_max":2,"score_min":0,"flag":1,"level":1,"start_time":1674661260000,"end_time":1674661319000},{"score":0,"score_max":1,"score_min":0,"flag":1,"level":1,"start_time":1674661200000,"end_time":1674661259000},{"score":1,"score_max":1,"score_min":1,"flag":1,"level":1,"start_time":1674661140000,"end_time":1674661199000},{"score":0,"score_max":1,"score_min":0,"flag":1,"level":1,"start_time":1674661080000,"end_time":1674661139000},{"score":0,"score_max":1,"score_min":0,"flag":1,"level":1,"start_time":1674661020000,"end_time":1674661079000},{"score":0,"score_max":1,"score_min":0,"flag":1,"level":1,"start_time":1674660960000,"end_time":1674661019000},{"score":0,"score_max":0,"score_min":0,"flag":1,"level":1,"start_time":1674660900000,"end_time":1674660959000},{"score":0,"score_max":1,"score_min":0,"flag":1,"level":1,"start_time":1674660840000,"end_time":1674660899000},{"score":0,"score_max":1,"score_min":0,"flag":1,"level":1,"start_time":1674660780000,"end_time":1674660839000},{"score":0,"score_max":1,"score_min":0,"flag":1,"level":1,"start_time":1674660720000,"end_time":1674660779000},{"score":1,"score_max":1,"score_min":1,"flag":1,"level":1,"start_time":1674660660000,"end_time":1674660719000},{"score":0,"score_max":1,"score_min":0,"flag":1,"level":1,"start_time":1674660600000,"end_time":1674660659000},{"score":0,"score_max":1,"score_min":0,"flag":1,"level":1,"start_time":1674660540000,"end_time":1674660599000},{"score":0,"score_max":0,"score_min":0,"flag":1,"level":1,"start_time":1674660480000,"end_time":1674660539000},{"score":0,"score_max":0,"score_min":0,"flag":1,"level":1,"start_time":1674660420000,"end_time":1674660479000},{"score":0,"score_max":0,"score_min":0,"flag":1,"level":1,"start_time":1674660360000,"end_time":1674660419000},{"score":0,"score_max":1,"score_min":0,"flag":1,"level":1,"start_time":1674660300000,"end_time":1674660359000},{"score":2,"score_max":3,"score_min":1,"flag":1,"level":1,"start_time":1674660240000,"end_time":1674660299000},{"score":7,"score_max":12,"score_min":5,"flag":1,"level":1,"start_time":1674660180000,"end_time":1674660239000},{"score":16,"score_max":33,"score_min":7,"flag":1,"level":1,"start_time":1674660120000,"end_time":1674660179000},{"score":9,"score_max":14,"score_min":5,"flag":1,"level":1,"start_time":1674660060000,"end_time":1674660119000},{"score":2,"score_max":5,"score_min":2,"flag":1,"level":1,"start_time":1674660000000,"end_time":1674660059000},{"score":3,"score_max":4,"score_min":3,"flag":1,"level":1,"start_time":1674659940000,"end_time":1674659999000},{"score":1,"score_max":3,"score_min":1,"flag":1,"level":1,"start_time":1674659880000,"end_time":1674659939000},{"score":2,"score_max":3,"score_min":1,"flag":1,"level":1,"start_time":1674659820000,"end_time":1674659879000},{"score":1,"score_max":1,"score_min":1,"flag":1,"level":1,"start_time":1674659760000,"end_time":1674659819000},{"score":0,"score_max":1,"score_min":0,"flag":1,"level":1,"start_time":1674659700000,"end_time":1674659759000},{"score":1,"score_max":1,"score_min":1,"flag":1,"level":1,"start_time":1674659640000,"end_time":1674659699000}]