[{"heart_rate":67,"heart_rate_max":74,"heart_rate_min":60,"start_time":1674737940000,"end_time":1674737999000},{"heart_rate":67,"heart_rate_max":75,"heart_rate_min":56,"start_time":1674737880000,"end_time":1674737939000},{"heart_rate":68,"heart_rate_max":78,"heart_rate_min":60,"start_time":1674737820000,"end_time":1674737879000},{"heart_rate":69,"heart_rate_max":100,"heart_rate_min":57,"start_time":1674737760000,"end_time":1674737819000},{"heart_rate":83,"heart_rate_max":93,"heart_rate_min":71,"start_time":1674737700000,"end_time":1674737759000},{"heart_rate":76,"heart_rate_max":89,"heart_rate_min":67,"start_time":1674737640000,"end_time":1674737699000},{"heart_rate":85,"heart_rate_max":96,"heart_rate_min":69,"start_time":1674737580000,"end_time":1674737639000},{"heart_rate":82,"heart_rate_max":90,"heart_rate_min":73,"start_time":1674737520000,"end_time":1674737579000},{"heart_rate":79,"heart_rate_max":81,"heart_rate_min":77,"start_time":1674737460000,"end_time":1674737519000},{"heart_rate":79,"heart_rate_max":82,"heart_rate_min":78,"start_time":1674737400000,"end_time":1674737459000},{"heart_rate":79,"heart_rate_max":83,"heart_rate_min":70,"start_time":1674737340000,"end_time":1674737399000},{"heart_rate":76,"heart_rate_max":81,"heart_rate_min":65,"start_time":1674737280000,"end_time":1674737339000},{"heart_rate":79,"heart_rate_max":82,"heart_rate_min":76,"start_time":1674737220000,"end_time":1674737279000},{"heart_rate":78,"heart_rate_max":81,"heart_rate_min":77,"start_time":1674737160000,"end_time":1674737219000},{"heart_rate":78,"heart_rate_max":81,"heart_rate_min":76,"start_time":1674737100000,"end_time":1674737159000},{"heart_rate":78,"heart_rate_max":81,"heart_rate_min":77,"start_time":1674737040000,"end_time":1674737099000},{"heart_rate":75,"heart_rate_max":80,"heart_rate_min":65,"start_time":1674736980000,"end_time":1674737039000},{"heart_rate":74,"heart_rate_max":80,"heart_rate_min":66,"start_time":1674736920000,"end_time":1674736979000},{"heart_rate":76,"heart_rate_max":79,"heart_rate_min":65,"start_time":1674736860000,"end_time":1674736919000},{"heart_rate":78,"heart_rate_max":80,"heart_rate_min":76,"start_time":1674736800000,"end_time":1674736859000},{"heart_rate":77,"heart_rate_max":80,"heart_rate_min":76,"start_time":1674736740000,"end_time":1674736799000},{"heart_rate":76,"heart_rate_max":78,"heart_rate_min":75,"start_time":1674736680000,"end_time":1674736739000},{"heart_rate":74,"heart_rate_max":75,"heart_rate_min":74,"start_time":1674736620000,"end_time":1674736679000},{"heart_rate":74,"heart_rate_max":75,"heart_rate_min":74,"start_time":1674736560000,"end_time":1674736619000},{"heart_rate":73,"heart_rate_max":74,"heart_rate_min":73,"start_time":1674736500000,"end_time":1674736559000},{"heart_rate":72,"heart_rate_max":73,"heart_rate_min":72,"start_time":1674736440000,"end_time":1674736499000},{"heart_rate":70,"heart_rate_max":72,"heart_rate_min":69,"start_time":1674736380000,"end_time":1674736439000},{"heart_rate":66,"heart_rate_max":69,"heart_rate_min":63,"start_time":1674736320000,"end_time":1674736379000},{"heart_rate":59,"heart_rate_max":63,"heart_rate_min":56,"start_time":1674736260000,"end_time":1674736319000},{"heart_rate":64,"heart_rate_max":68,"heart_rate_min":55,"start_time":1674736200000,"end_time":1674736259000},{"heart_rate":75,"heart_rate_max":77,"heart_rate_min":65,"start_time":1674736140000,"end_time":1674736199000},{"heart_rate":74,"heart_rate_max":78,"heart_rate_min":71,"start_time":1674736080000,"end_time":1674736139000},{"heart_rate":66,"heart_rate_max":71,"heart_rate_min":60,"start_time":1674736020000,"end_time":1674736079000},{"heart_rate":64,"heart_rate_max":66,"heart_rate_min":63,"start_time":1674735960000,"end_time":1674736019000},{"heart_rate":61,"heart_rate_max":71,"heart_rate_min":60,"start_time":1674735900000,"end_time":1674735959000},{"heart_rate":63,"heart_rate_max":71,"heart_rate_min":55,"start_time":1674735840000,"end_time":1674735899000},{"heart_rate":68,"heart_rate_max":76,"heart_rate_min":62,"start_time":1674735780000,"end_time":1674735839000},{"heart_rate":70,"heart_rate_max":75,"heart_rate_min":60,"start_time":1674735720000,"end_time":1674735779000},{"heart_rate":72,"heart_rate_max":76,"heart_rate_min":66,"start_time":1674735660000,"end_time":1674735719000},{"heart_rate":66,"heart_rate_max":73,"heart_rate_min":60,"start_time":1674735600000,"end_time":1674735659000},{"heart_rate":72,"heart_rate_max":74,"heart_rate_min":69,"start_time":1674735540000,"end_time":1674735599000},{"heart_rate":68,"heart_rate_max":71,"heart_rate_min":60,"start_time":1674735480000,"end_time":1674735539000},{"heart_rate":65,"heart_rate_max":71,"heart_rate_min":55,"start_time":1674735420000,"end_time":1674735479000},{"heart_rate":70,"heart_rate_max":74,"heart_rate_min":68,"start_time":1674735360000,"end_time":1674735419000},{"heart_rate":63,"heart_rate_max":71,"heart_rate_min":54,"start_time":1674735300000,"end_time":1674735359000},{"heart_rate":70,"heart_rate_max":85,"heart_rate_min":55,"start_time":1674735240000,"end_time":1674735299000},{"heart_rate":69,"heart_rate_max":74,"heart_rate_min":60,"start_time":1674735180000,"end_time":1674735239000},{"heart_rate":74,"heart_rate_max":84,"heart_rate_min":60,"start_time":1674735120000,"end_time":1674735179000},{"heart_rate":70,"heart_rate_max":85,"heart_rate_min":61,"start_time":1674735060000,"end_time":1674735119000},{"heart_rate":76,"heart_rate_max":85,"heart_rate_min":66,"start_time":1674735000000,"end_time":1674735059000},{"heart_rate":75,"heart_rate_max":80,"heart_rate_min":65,"start_time":1674734940000,"end_time":1674734999000},{"heart_rate":70,"heart_rate_max":76,"heart_rate_min":60,"start_time":1674734880000,"end_time":1674734939000},{"heart_rate":72,"heart_rate_max":75,"heart_rate_min":68,"start_time":1674734820000,"end_time":1674734879000},{"heart_rate":70,"heart_rate_max":75,"heart_rate_min":65,"start_time":1674734760000,"end_time":1674734819000},{"heart_rate":72,"heart_rate_max":80,"heart_rate_min":65,"start_time":1674734700000,"end_time":1674734759000},{"heart_rate":71,"heart_rate_max":80,"heart_rate_min":59,"start_time":1674734640000,"end_time":1674734699000},{"heart_rate":82,"heart_rate_max":88,"heart_rate_min":78,"start_time":1674734580000,"end_time":1674734639000},{"heart_rate":76,"heart_rate_max":80,"heart_rate_min":73,"start_time":1674734520000,"end_time":1674734579000},{"heart_rate":88,"heart_rate_max":94,"heart_rate_min":81,"start_time":1674734460000,"end_time":1674734519000},{"heart_rate":81,"heart_rate_max":94,"heart_rate_min":71,"start_time":1674734400000,"end_time":1674734459000}]