[{"heart_rate":90,"heart_rate_max":98,"heart_rate_min":84,"start_time":1674530400000,"end_time":1674530459000},{"heart_rate":90,"heart_rate_max":96,"heart_rate_min":85,"start_time":1674530340000,"end_time":1674530399000},{"heart_rate":86,"heart_rate_max":88,"heart_rate_min":82,"start_time":1674530280000,"end_time":1674530339000},{"heart_rate":88,"heart_rate_max":89,"heart_rate_min":85,"start_time":1674530220000,"end_time":1674530279000},{"heart_rate":86,"heart_rate_max":91,"heart_rate_min":86,"start_time":1674530160000,"end_time":1674530219000},{"heart_rate":88,"heart_rate_max":91,"heart_rate_min":87,"start_time":1674530100000,"end_time":1674530159000},{"heart_rate":88,"heart_rate_max":92,"heart_rate_min":78,"start_time":1674530040000,"end_time":1674530099000},{"heart_rate":87,"heart_rate_max":92,"heart_rate_min":85,"start_time":1674529980000,"end_time":1674530039000},{"heart_rate":84,"heart_rate_max":88,"heart_rate_min":81,"start_time":1674529920000,"end_time":1674529979000},{"heart_rate":86,"heart_rate_max":87,"heart_rate_min":85,"start_time":1674529860000,"end_time":1674529919000},{"heart_rate":80,"heart_rate_max":83,"heart_rate_min":78,"start_time":1674529800000,"end_time":1674529859000},{"heart_rate":83,"heart_rate_max":85,"heart_rate_min":83,"start_time":1674529740000,"end_time":1674529799000},{"heart_rate":87,"heart_rate_max":87,"heart_rate_min":87,"start_time":1674529620000,"end_time":1674529679000},{"heart_rate":84,"heart_rate_max":84,"heart_rate_min":73,"start_time":1674529560000,"end_time":1674529619000},{"heart_rate":78,"heart_rate_max":86,"heart_rate_min":78,"start_time":1674529500000,"end_time":1674529559000},{"heart_rate":84,"heart_rate_max":87,"heart_rate_min":83,"start_time":1674529440000,"end_time":1674529499000},{"heart_rate":87,"heart_rate_max":89,"heart_rate_min":84,"start_time":1674529380000,"end_time":1674529439000}]