[{"heart_rate":101,"heart_rate_max":104,"heart_rate_min":100,"start_time":1674547560000,"end_time":1674547619000},{"heart_rate":103,"heart_rate_max":106,"heart_rate_min":101,"start_time":1674547500000,"end_time":1674547559000},{"heart_rate":100,"heart_rate_max":102,"heart_rate_min":99,"start_time":1674547440000,"end_time":1674547499000},{"heart_rate":94,"heart_rate_max":97,"heart_rate_min":91,"start_time":1674547380000,"end_time":1674547439000},{"heart_rate":95,"heart_rate_max":98,"heart_rate_min":91,"start_time":1674547260000,"end_time":1674547319000},{"heart_rate":91,"heart_rate_max":94,"heart_rate_min":90,"start_time":1674547200000,"end_time":1674547259000}]