[{"heart_rate":103,"heart_rate_max":104,"heart_rate_min":103,"start_time":1674763140000,"end_time":1674763199000},{"heart_rate":102,"heart_rate_max":113,"heart_rate_min":100,"start_time":1674763080000,"end_time":1674763139000},{"heart_rate":103,"heart_rate_max":110,"heart_rate_min":101,"start_time":1674763020000,"end_time":1674763079000},{"heart_rate":107,"heart_rate_max":111,"heart_rate_min":105,"start_time":1674762960000,"end_time":1674763019000},{"heart_rate":106,"heart_rate_max":115,"heart_rate_min":104,"start_time":1674762900000,"end_time":1674762959000},{"heart_rate":104,"heart_rate_max":108,"heart_rate_min":102,"start_time":1674762840000,"end_time":1674762899000},{"heart_rate":106,"heart_rate_max":108,"heart_rate_min":103,"start_time":1674762780000,"end_time":1674762839000},{"heart_rate":105,"heart_rate_max":108,"heart_rate_min":103,"start_time":1674762720000,"end_time":1674762779000},{"heart_rate":103,"heart_rate_max":109,"heart_rate_min":100,"start_time":1674762660000,"end_time":1674762719000},{"heart_rate":107,"heart_rate_max":111,"heart_rate_min":106,"start_time":1674762600000,"end_time":1674762659000},{"heart_rate":105,"heart_rate_max":109,"heart_rate_min":104,"start_time":1674762540000,"end_time":1674762599000},{"heart_rate":104,"heart_rate_max":110,"heart_rate_min":102,"start_time":1674762480000,"end_time":1674762539000},{"heart_rate":101,"heart_rate_max":104,"heart_rate_min":100,"start_time":1674762420000,"end_time":1674762479000},{"heart_rate":104,"heart_rate_max":108,"heart_rate_min":102,"start_time":1674762360000,"end_time":1674762419000},{"heart_rate":103,"heart_rate_max":106,"heart_rate_min":100,"start_time":1674762300000,"end_time":1674762359000},{"heart_rate":107,"heart_rate_max":110,"heart_rate_min":105,"start_time":1674762240000,"end_time":1674762299000},{"heart_rate":112,"heart_rate_max":113,"heart_rate_min":112,"start_time":1674762180000,"end_time":1674762239000},{"heart_rate":107,"heart_rate_max":111,"heart_rate_min":104,"start_time":1674762120000,"end_time":1674762179000},{"heart_rate":108,"heart_rate_max":111,"heart_rate_min":106,"start_time":1674762060000,"end_time":1674762119000},{"heart_rate":104,"heart_rate_max":107,"heart_rate_min":103,"start_time":1674762000000,"end_time":1674762059000},{"heart_rate":104,"heart_rate_max":107,"heart_rate_min":103,"start_time":1674761940000,"end_time":1674761999000},{"heart_rate":105,"heart_rate_max":111,"heart_rate_min":103,"start_time":1674761880000,"end_time":1674761939000},{"heart_rate":111,"heart_rate_max":116,"heart_rate_min":108,"start_time":1674761820000,"end_time":1674761879000},{"heart_rate":108,"heart_rate_max":111,"heart_rate_min":107,"start_time":1674761760000,"end_time":1674761819000},{"heart_rate":116,"heart_rate_max":121,"heart_rate_min":114,"start_time":1674761700000,"end_time":1674761759000},{"heart_rate":132,"heart_rate_max":137,"heart_rate_min":128,"start_time":1674761640000,"end_time":1674761699000},{"heart_rate":130,"heart_rate_max":131,"heart_rate_min":129,"start_time":1674761580000,"end_time":1674761639000},{"heart_rate":128,"heart_rate_max":132,"heart_rate_min":118,"start_time":1674761520000,"end_time":1674761579000},{"heart_rate":108,"heart_rate_max":113,"heart_rate_min":104,"start_time":1674761460000,"end_time":1674761519000},{"heart_rate":111,"heart_rate_max":112,"heart_rate_min":111,"start_time":1674761400000,"end_time":1674761459000},{"heart_rate":118,"heart_rate_max":119,"heart_rate_min":118,"start_time":1674761340000,"end_time":1674761399000},{"heart_rate":120,"heart_rate_max":122,"heart_rate_min":118,"start_time":1674761280000,"end_time":1674761339000},{"heart_rate":123,"heart_rate_max":124,"heart_rate_min":122,"start_time":1674761220000,"end_time":1674761279000},{"heart_rate":107,"heart_rate_max":111,"heart_rate_min":105,"start_time":1674760980000,"end_time":1674761039000},{"heart_rate":111,"heart_rate_max":113,"heart_rate_min":109,"start_time":1674760920000,"end_time":1674760979000},{"heart_rate":107,"heart_rate_max":107,"heart_rate_min":107,"start_time":1674760860000,"end_time":1674760919000},{"heart_rate":103,"heart_rate_max":103,"heart_rate_min":103,"start_time":1674760800000,"end_time":1674760859000},{"heart_rate":105,"heart_rate_max":105,"heart_rate_min":105,"start_time":1674760680000,"end_time":1674760739000},{"heart_rate":105,"heart_rate_max":107,"heart_rate_min":104,"start_time":1674760620000,"end_time":1674760679000},{"heart_rate":97,"heart_rate_max":99,"heart_rate_min":96,"start_time":1674760560000,"end_time":1674760619000},{"heart_rate":96,"heart_rate_max":101,"heart_rate_min":93,"start_time":1674760500000,"end_time":1674760559000},{"heart_rate":76,"heart_rate_max":77,"heart_rate_min":76,"start_time":1674760320000,"end_time":1674760379000},{"heart_rate":65,"heart_rate_max":73,"heart_rate_min":56,"start_time":1674760260000,"end_time":1674760319000},{"heart_rate":83,"heart_rate_max":87,"heart_rate_min":76,"start_time":1674760020000,"end_time":1674760079000},{"heart_rate":74,"heart_rate_max":81,"heart_rate_min":66,"start_time":1674759960000,"end_time":1674760019000},{"heart_rate":80,"heart_rate_max":86,"heart_rate_min":77,"start_time":1674759900000,"end_time":1674759959000},{"heart_rate":77,"heart_rate_max":80,"heart_rate_min":75,"start_time":1674759840000,"end_time":1674759899000},{"heart_rate":77,"heart_rate_max":82,"heart_rate_min":73,"start_time":1674759780000,"end_time":1674759839000},{"heart_rate":89,"heart_rate_max":91,"heart_rate_min":88,"start_time":1674759720000,"end_time":1674759779000},{"heart_rate":76,"heart_rate_max":90,"heart_rate_min":73,"start_time":1674759660000,"end_time":1674759719000},{"heart_rate":74,"heart_rate_max":81,"heart_rate_min":73,"start_time":1674759600000,"end_time":1674759659000}]