[{"heart_rate":77,"heart_rate_max":81,"heart_rate_min":74,"start_time":1674759540000,"end_time":1674759599000},{"heart_rate":76,"heart_rate_max":79,"heart_rate_min":72,"start_time":1674759480000,"end_time":1674759539000},{"heart_rate":80,"heart_rate_max":83,"heart_rate_min":78,"start_time":1674759420000,"end_time":1674759479000},{"heart_rate":80,"heart_rate_max":83,"heart_rate_min":77,"start_time":1674759360000,"end_time":1674759419000},{"heart_rate":81,"heart_rate_max":86,"heart_rate_min":76,"start_time":1674759300000,"end_time":1674759359000},{"heart_rate":77,"heart_rate_max":84,"heart_rate_min":65,"start_time":1674759240000,"end_time":1674759299000},{"heart_rate":81,"heart_rate_max":85,"heart_rate_min":79,"start_time":1674759180000,"end_time":1674759239000},{"heart_rate":81,"heart_rate_max":87,"heart_rate_min":75,"start_time":1674759120000,"end_time":1674759179000},{"heart_rate":81,"heart_rate_max":84,"heart_rate_min":77,"start_time":1674759060000,"end_time":1674759119000},{"heart_rate":82,"heart_rate_max":84,"heart_rate_min":80,"start_time":1674759000000,"end_time":1674759059000},{"heart_rate":82,"heart_rate_max":86,"heart_rate_min":80,"start_time":1674758940000,"end_time":1674758999000},{"heart_rate":82,"heart_rate_max":87,"heart_rate_min":79,"start_time":1674758880000,"end_time":1674758939000},{"heart_rate":81,"heart_rate_max":84,"heart_rate_min":79,"start_time":1674758820000,"end_time":1674758879000},{"heart_rate":80,"heart_rate_max":84,"heart_rate_min":78,"start_time":1674758760000,"end_time":1674758819000},{"heart_rate":81,"heart_rate_max":85,"heart_rate_min":79,"start_time":1674758700000,"end_time":1674758759000},{"heart_rate":82,"heart_rate_max":87,"heart_rate_min":80,"start_time":1674758640000,"end_time":1674758699000},{"heart_rate":81,"heart_rate_max":85,"heart_rate_min":80,"start_time":1674758580000,"end_time":1674758639000},{"heart_rate":86,"heart_rate_max":96,"heart_rate_min":78,"start_time":1674758520000,"end_time":1674758579000},{"heart_rate":83,"heart_rate_max":87,"heart_rate_min":81,"start_time":1674758460000,"end_time":1674758519000},{"heart_rate":79,"heart_rate_max":84,"heart_rate_min":76,"start_time":1674758400000,"end_time":1674758459000},{"heart_rate":83,"heart_rate_max":87,"heart_rate_min":80,"start_time":1674758340000,"end_time":1674758399000},{"heart_rate":87,"heart_rate_max":90,"heart_rate_min":85,"start_time":1674758280000,"end_time":1674758339000},{"heart_rate":87,"heart_rate_max":93,"heart_rate_min":85,"start_time":1674758220000,"end_time":1674758279000},{"heart_rate":88,"heart_rate_max":93,"heart_rate_min":81,"start_time":1674758160000,"end_time":1674758219000},{"heart_rate":87,"heart_rate_max":91,"heart_rate_min":83,"start_time":1674758100000,"end_time":1674758159000},{"heart_rate":84,"heart_rate_max":88,"heart_rate_min":82,"start_time":1674758040000,"end_time":1674758099000},{"heart_rate":84,"heart_rate_max":86,"heart_rate_min":83,"start_time":1674757980000,"end_time":1674758039000},{"heart_rate":84,"heart_rate_max":87,"heart_rate_min":80,"start_time":1674757920000,"end_time":1674757979000},{"heart_rate":86,"heart_rate_max":91,"heart_rate_min":84,"start_time":1674757860000,"end_time":1674757919000},{"heart_rate":86,"heart_rate_max":89,"heart_rate_min":84,"start_time":1674757800000,"end_time":1674757859000},{"heart_rate":84,"heart_rate_max":89,"heart_rate_min":82,"start_time":1674757740000,"end_time":1674757799000},{"heart_rate":86,"heart_rate_max":89,"heart_rate_min":85,"start_time":1674757680000,"end_time":1674757739000},{"heart_rate":86,"heart_rate_max":93,"heart_rate_min":84,"start_time":1674757620000,"end_time":1674757679000},{"heart_rate":85,"heart_rate_max":89,"heart_rate_min":83,"start_time":1674757560000,"end_time":1674757619000},{"heart_rate":86,"heart_rate_max":89,"heart_rate_min":83,"start_time":1674757500000,"end_time":1674757559000},{"heart_rate":86,"heart_rate_max":91,"heart_rate_min":83,"start_time":1674757440000,"end_time":1674757499000},{"heart_rate":83,"heart_rate_max":87,"heart_rate_min":80,"start_time":1674757380000,"end_time":1674757439000},{"heart_rate":82,"heart_rate_max":86,"heart_rate_min":80,"start_time":1674757320000,"end_time":1674757379000},{"heart_rate":83,"heart_rate_max":87,"heart_rate_min":80,"start_time":1674757260000,"end_time":1674757319000},{"heart_rate":81,"heart_rate_max":85,"heart_rate_min":77,"start_time":1674757200000,"end_time":1674757259000},{"heart_rate":82,"heart_rate_max":86,"heart_rate_min":78,"start_time":1674757140000,"end_time":1674757199000},{"heart_rate":81,"heart_rate_max":84,"heart_rate_min":78,"start_time":1674757080000,"end_time":1674757139000},{"heart_rate":81,"heart_rate_max":87,"heart_rate_min":78,"start_time":1674757020000,"end_time":1674757079000},{"heart_rate":80,"heart_rate_max":88,"heart_rate_min":69,"start_time":1674756960000,"end_time":1674757019000},{"heart_rate":90,"heart_rate_max":94,"heart_rate_min":87,"start_time":1674756900000,"end_time":1674756959000},{"heart_rate":85,"heart_rate_max":96,"heart_rate_min":73,"start_time":1674756840000,"end_time":1674756899000},{"heart_rate":87,"heart_rate_max":94,"heart_rate_min":82,"start_time":1674756780000,"end_time":1674756839000},{"heart_rate":91,"heart_rate_max":96,"heart_rate_min":87,"start_time":1674756720000,"end_time":1674756779000},{"heart_rate":92,"heart_rate_max":97,"heart_rate_min":90,"start_time":1674756660000,"end_time":1674756719000},{"heart_rate":92,"heart_rate_max":96,"heart_rate_min":88,"start_time":1674756600000,"end_time":1674756659000},{"heart_rate":89,"heart_rate_max":94,"heart_rate_min":85,"start_time":1674756540000,"end_time":1674756599000},{"heart_rate":92,"heart_rate_max":97,"heart_rate_min":87,"start_time":1674756480000,"end_time":1674756539000},{"heart_rate":85,"heart_rate_max":91,"heart_rate_min":75,"start_time":1674756420000,"end_time":1674756479000},{"heart_rate":77,"heart_rate_max":81,"heart_rate_min":72,"start_time":1674756360000,"end_time":1674756419000},{"heart_rate":76,"heart_rate_max":82,"heart_rate_min":71,"start_time":1674756300000,"end_time":1674756359000},{"heart_rate":69,"heart_rate_max":73,"heart_rate_min":67,"start_time":1674756240000,"end_time":1674756299000},{"heart_rate":86,"heart_rate_max":89,"heart_rate_min":85,"start_time":1674756060000,"end_time":1674756119000},{"heart_rate":83,"heart_rate_max":87,"heart_rate_min":81,"start_time":1674756000000,"end_time":1674756059000}]