[{"heart_rate":80,"heart_rate_max":84,"heart_rate_min":79,"start_time":1674755940000,"end_time":1674755999000},{"heart_rate":74,"heart_rate_max":80,"heart_rate_min":71,"start_time":1674755880000,"end_time":1674755939000},{"heart_rate":78,"heart_rate_max":83,"heart_rate_min":72,"start_time":1674755820000,"end_time":1674755879000},{"heart_rate":75,"heart_rate_max":80,"heart_rate_min":70,"start_time":1674755760000,"end_time":1674755819000},{"heart_rate":75,"heart_rate_max":83,"heart_rate_min":69,"start_time":1674755700000,"end_time":1674755759000},{"heart_rate":76,"heart_rate_max":84,"heart_rate_min":71,"start_time":1674755640000,"end_time":1674755699000},{"heart_rate":76,"heart_rate_max":81,"heart_rate_min":73,"start_time":1674755580000,"end_time":1674755639000},{"heart_rate":77,"heart_rate_max":82,"heart_rate_min":73,"start_time":1674755520000,"end_time":1674755579000},{"heart_rate":77,"heart_rate_max":88,"heart_rate_min":72,"start_time":1674755460000,"end_time":1674755519000},{"heart_rate":75,"heart_rate_max":84,"heart_rate_min":70,"start_time":1674755400000,"end_time":1674755459000},{"heart_rate":74,"heart_rate_max":80,"heart_rate_min":72,"start_time":1674755340000,"end_time":1674755399000},{"heart_rate":77,"heart_rate_max":83,"heart_rate_min":75,"start_time":1674755280000,"end_time":1674755339000},{"heart_rate":75,"heart_rate_max":79,"heart_rate_min":68,"start_time":1674755220000,"end_time":1674755279000},{"heart_rate":71,"heart_rate_max":76,"heart_rate_min":67,"start_time":1674755160000,"end_time":1674755219000},{"heart_rate":72,"heart_rate_max":79,"heart_rate_min":68,"start_time":1674755100000,"end_time":1674755159000},{"heart_rate":74,"heart_rate_max":82,"heart_rate_min":67,"start_time":1674755040000,"end_time":1674755099000},{"heart_rate":74,"heart_rate_max":84,"heart_rate_min":71,"start_time":1674754980000,"end_time":1674755039000},{"heart_rate":72,"heart_rate_max":76,"heart_rate_min":70,"start_time":1674754920000,"end_time":1674754979000},{"heart_rate":72,"heart_rate_max":75,"heart_rate_min":71,"start_time":1674754860000,"end_time":1674754919000},{"heart_rate":72,"heart_rate_max":75,"heart_rate_min":69,"start_time":1674754800000,"end_time":1674754859000},{"heart_rate":72,"heart_rate_max":77,"heart_rate_min":68,"start_time":1674754740000,"end_time":1674754799000},{"heart_rate":76,"heart_rate_max":82,"heart_rate_min":72,"start_time":1674754680000,"end_time":1674754739000},{"heart_rate":71,"heart_rate_max":74,"heart_rate_min":68,"start_time":1674754620000,"end_time":1674754679000},{"heart_rate":71,"heart_rate_max":76,"heart_rate_min":68,"start_time":1674754560000,"end_time":1674754619000},{"heart_rate":79,"heart_rate_max":84,"heart_rate_min":75,"start_time":1674754500000,"end_time":1674754559000},{"heart_rate":77,"heart_rate_max":84,"heart_rate_min":72,"start_time":1674754440000,"end_time":1674754499000},{"heart_rate":71,"heart_rate_max":76,"heart_rate_min":68,"start_time":1674754380000,"end_time":1674754439000},{"heart_rate":70,"heart_rate_max":73,"heart_rate_min":67,"start_time":1674754320000,"end_time":1674754379000},{"heart_rate":78,"heart_rate_max":86,"heart_rate_min":68,"start_time":1674754260000,"end_time":1674754319000},{"heart_rate":77,"heart_rate_max":81,"heart_rate_min":72,"start_time":1674754200000,"end_time":1674754259000},{"heart_rate":73,"heart_rate_max":78,"heart_rate_min":69,"start_time":1674754140000,"end_time":1674754199000},{"heart_rate":72,"heart_rate_max":76,"heart_rate_min":70,"start_time":1674754080000,"end_time":1674754139000},{"heart_rate":73,"heart_rate_max":79,"heart_rate_min":70,"start_time":1674754020000,"end_time":1674754079000},{"heart_rate":76,"heart_rate_max":80,"heart_rate_min":71,"start_time":1674753960000,"end_time":1674754019000},{"heart_rate":80,"heart_rate_max":86,"heart_rate_min":75,"start_time":1674753900000,"end_time":1674753959000},{"heart_rate":75,"heart_rate_max":79,"heart_rate_min":72,"start_time":1674753840000,"end_time":1674753899000},{"heart_rate":80,"heart_rate_max":87,"heart_rate_min":74,"start_time":1674753780000,"end_time":1674753839000},{"heart_rate":79,"heart_rate_max":88,"heart_rate_min":75,"start_time":1674753720000,"end_time":1674753779000},{"heart_rate":86,"heart_rate_max":89,"heart_rate_min":82,"start_time":1674753660000,"end_time":1674753719000},{"heart_rate":82,"heart_rate_max":88,"heart_rate_min":79,"start_time":1674753600000,"end_time":1674753659000},{"heart_rate":85,"heart_rate_max":91,"heart_rate_min":83,"start_time":1674753540000,"end_time":1674753599000},{"heart_rate":85,"heart_rate_max":95,"heart_rate_min":77,"start_time":1674753480000,"end_time":1674753539000},{"heart_rate":87,"heart_rate_max":88,"heart_rate_min":71,"start_time":1674753420000,"end_time":1674753479000},{"heart_rate":77,"heart_rate_max":84,"heart_rate_min":73,"start_time":1674753360000,"end_time":1674753419000},{"heart_rate":74,"heart_rate_max":77,"heart_rate_min":72,"start_time":1674753300000,"end_time":1674753359000},{"heart_rate":73,"heart_rate_max":77,"heart_rate_min":71,"start_time":1674753240000,"end_time":1674753299000},{"heart_rate":83,"heart_rate_max":87,"heart_rate_min":78,"start_time":1674753180000,"end_time":1674753239000},{"heart_rate":70,"heart_rate_max":83,"heart_rate_min":67,"start_time":1674753060000,"end_time":1674753119000},{"heart_rate":68,"heart_rate_max":70,"heart_rate_min":66,"start_time":1674753000000,"end_time":1674753059000},{"heart_rate":69,"heart_rate_max":72,"heart_rate_min":66,"start_time":1674752940000,"end_time":1674752999000},{"heart_rate":71,"heart_rate_max":77,"heart_rate_min":66,"start_time":1674752880000,"end_time":1674752939000},{"heart_rate":76,"heart_rate_max":87,"heart_rate_min":69,"start_time":1674752820000,"end_time":1674752879000},{"heart_rate":72,"heart_rate_max":82,"heart_rate_min":70,"start_time":1674752760000,"end_time":1674752819000},{"heart_rate":73,"heart_rate_max":86,"heart_rate_min":67,"start_time":1674752700000,"end_time":1674752759000},{"heart_rate":81,"heart_rate_max":87,"heart_rate_min":73,"start_time":1674752640000,"end_time":1674752699000},{"heart_rate":70,"heart_rate_max":76,"heart_rate_min":67,"start_time":1674752580000,"end_time":1674752639000},{"heart_rate":69,"heart_rate_max":73,"heart_rate_min":68,"start_time":1674752520000,"end_time":1674752579000},{"heart_rate":66,"heart_rate_max":71,"heart_rate_min":66,"start_time":1674752460000,"end_time":1674752519000},{"heart_rate":68,"heart_rate_max":71,"heart_rate_min":67,"start_time":1674752400000,"end_time":1674752459000}]