[{"heart_rate":82,"heart_rate_max":88,"heart_rate_min":78,"start_time":1674640740000,"end_time":1674640799000},{"heart_rate":84,"heart_rate_max":89,"heart_rate_min":81,"start_time":1674640680000,"end_time":1674640739000},{"heart_rate":81,"heart_rate_max":87,"heart_rate_min":77,"start_time":1674640620000,"end_time":1674640679000},{"heart_rate":83,"heart_rate_max":88,"heart_rate_min":79,"start_time":1674640560000,"end_time":1674640619000},{"heart_rate":84,"heart_rate_max":87,"heart_rate_min":81,"start_time":1674640500000,"end_time":1674640559000},{"heart_rate":85,"heart_rate_max":87,"heart_rate_min":84,"start_time":1674640440000,"end_time":1674640499000},{"heart_rate":82,"heart_rate_max":86,"heart_rate_min":79,"start_time":1674640380000,"end_time":1674640439000},{"heart_rate":78,"heart_rate_max":84,"heart_rate_min":77,"start_time":1674640320000,"end_time":1674640379000},{"heart_rate":83,"heart_rate_max":90,"heart_rate_min":77,"start_time":1674640260000,"end_time":1674640319000},{"heart_rate":86,"heart_rate_max":93,"heart_rate_min":81,"start_time":1674640200000,"end_time":1674640259000},{"heart_rate":80,"heart_rate_max":86,"heart_rate_min":77,"start_time":1674640140000,"end_time":1674640199000},{"heart_rate":80,"heart_rate_max":86,"heart_rate_min":78,"start_time":1674640080000,"end_time":1674640139000},{"heart_rate":83,"heart_rate_max":89,"heart_rate_min":79,"start_time":1674640020000,"end_time":1674640079000},{"heart_rate":83,"heart_rate_max":88,"heart_rate_min":79,"start_time":1674639960000,"end_time":1674640019000},{"heart_rate":83,"heart_rate_max":86,"heart_rate_min":81,"start_time":1674639900000,"end_time":1674639959000},{"heart_rate":81,"heart_rate_max":83,"heart_rate_min":79,"start_time":1674639840000,"end_time":1674639899000},{"heart_rate":80,"heart_rate_max":85,"heart_rate_min":77,"start_time":1674639780000,"end_time":1674639839000},{"heart_rate":84,"heart_rate_max":91,"heart_rate_min":80,"start_time":1674639720000,"end_time":1674639779000},{"heart_rate":82,"heart_rate_max":86,"heart_rate_min":78,"start_time":1674639660000,"end_time":1674639719000},{"heart_rate":84,"heart_rate_max":88,"heart_rate_min":80,"start_time":1674639600000,"end_time":1674639659000},{"heart_rate":84,"heart_rate_max":91,"heart_rate_min":79,"start_time":1674639540000,"end_time":1674639599000},{"heart_rate":81,"heart_rate_max":87,"heart_rate_min":77,"start_time":1674639480000,"end_time":1674639539000},{"heart_rate":82,"heart_rate_max":86,"heart_rate_min":78,"start_time":1674639420000,"end_time":1674639479000},{"heart_rate":83,"heart_rate_max":87,"heart_rate_min":81,"start_time":1674639360000,"end_time":1674639419000},{"heart_rate":83,"heart_rate_max":88,"heart_rate_min":79,"start_time":1674639300000,"end_time":1674639359000},{"heart_rate":88,"heart_rate_max":95,"heart_rate_min":83,"start_time":1674639240000,"end_time":1674639299000},{"heart_rate":81,"heart_rate_max":85,"heart_rate_min":76,"start_time":1674639180000,"end_time":1674639239000},{"heart_rate":82,"heart_rate_max":86,"heart_rate_min":79,"start_time":1674639120000,"end_time":1674639179000},{"heart_rate":80,"heart_rate_max":86,"heart_rate_min":77,"start_time":1674639060000,"end_time":1674639119000},{"heart_rate":81,"heart_rate_max":85,"heart_rate_min":78,"start_time":1674639000000,"end_time":1674639059000},{"heart_rate":85,"heart_rate_max":95,"heart_rate_min":80,"start_time":1674638940000,"end_time":1674638999000},{"heart_rate":80,"heart_rate_max":86,"heart_rate_min":74,"start_time":1674638880000,"end_time":1674638939000},{"heart_rate":81,"heart_rate_max":86,"heart_rate_min":80,"start_time":1674638820000,"end_time":1674638879000},{"heart_rate":78,"heart_rate_max":82,"heart_rate_min":75,"start_time":1674638760000,"end_time":1674638819000},{"heart_rate":81,"heart_rate_max":86,"heart_rate_min":76,"start_time":1674638700000,"end_time":1674638759000},{"heart_rate":79,"heart_rate_max":91,"heart_rate_min":75,"start_time":1674638640000,"end_time":1674638699000},{"heart_rate":80,"heart_rate_max":85,"heart_rate_min":75,"start_time":1674638580000,"end_time":1674638639000},{"heart_rate":80,"heart_rate_max":83,"heart_rate_min":77,"start_time":1674638520000,"end_time":1674638579000},{"heart_rate":84,"heart_rate_max":94,"heart_rate_min":78,"start_time":1674638460000,"end_time":1674638519000},{"heart_rate":85,"heart_rate_max":97,"heart_rate_min":78,"start_time":1674638400000,"end_time":1674638459000},{"heart_rate":81,"heart_rate_max":83,"heart_rate_min":78,"start_time":1674638340000,"end_time":1674638399000},{"heart_rate":79,"heart_rate_max":83,"heart_rate_min":76,"start_time":1674638280000,"end_time":1674638339000},{"heart_rate":82,"heart_rate_max":86,"heart_rate_min":78,"start_time":1674638220000,"end_time":1674638279000},{"heart_rate":80,"heart_rate_max":85,"heart_rate_min":78,"start_time":1674638160000,"end_time":1674638219000},{"heart_rate":77,"heart_rate_max":80,"heart_rate_min":73,"start_time":1674638100000,"end_time":1674638159000},{"heart_rate":79,"heart_rate_max":83,"heart_rate_min":74,"start_time":1674638040000,"end_time":1674638099000},{"heart_rate":83,"heart_rate_max":92,"heart_rate_min":81,"start_time":1674637980000,"end_time":1674638039000},{"heart_rate":80,"heart_rate_max":93,"heart_rate_min":78,"start_time":1674637920000,"end_time":1674637979000},{"heart_rate":81,"heart_rate_max":86,"heart_rate_min":79,"start_time":1674637860000,"end_time":1674637919000},{"heart_rate":84,"heart_rate_max":94,"heart_rate_min":80,"start_time":1674637800000,"end_time":1674637859000},{"heart_rate":80,"heart_rate_max":83,"heart_rate_min":78,"start_time":1674637740000,"end_time":1674637799000},{"heart_rate":79,"heart_rate_max":82,"heart_rate_min":76,"start_time":1674637680000,"end_time":1674637739000},{"heart_rate":83,"heart_rate_max":90,"heart_rate_min":76,"start_time":1674637620000,"end_time":1674637679000},{"heart_rate":82,"heart_rate_max":86,"heart_rate_min":80,"start_time":1674637560000,"end_time":1674637619000},{"heart_rate":82,"heart_rate_max":87,"heart_rate_min":80,"start_time":1674637500000,"end_time":1674637559000},{"heart_rate":85,"heart_rate_max":95,"heart_rate_min":79,"start_time":1674637440000,"end_time":1674637499000},{"heart_rate":80,"heart_rate_max":83,"heart_rate_min":77,"start_time":1674637380000,"end_time":1674637439000},{"heart_rate":82,"heart_rate_max":86,"heart_rate_min":79,"start_time":1674637320000,"end_time":1674637379000},{"heart_rate":82,"heart_rate_max":85,"heart_rate_min":79,"start_time":1674637260000,"end_time":1674637319000},{"heart_rate":80,"heart_rate_max":81,"heart_rate_min":79,"start_time":1674637200000,"end_time":1674637259000}]