[{"heart_rate":81,"heart_rate_max":89,"heart_rate_min":77,"start_time":1674701940000,"end_time":1674701999000},{"heart_rate":82,"heart_rate_max":87,"heart_rate_min":80,"start_time":1674701880000,"end_time":1674701939000},{"heart_rate":79,"heart_rate_max":86,"heart_rate_min":73,"start_time":1674701820000,"end_time":1674701879000},{"heart_rate":82,"heart_rate_max":89,"heart_rate_min":78,"start_time":1674701760000,"end_time":1674701819000},{"heart_rate":83,"heart_rate_max":86,"heart_rate_min":80,"start_time":1674701700000,"end_time":1674701759000},{"heart_rate":80,"heart_rate_max":86,"heart_rate_min":77,"start_time":1674701640000,"end_time":1674701699000},{"heart_rate":78,"heart_rate_max":90,"heart_rate_min":71,"start_time":1674701580000,"end_time":1674701639000},{"heart_rate":90,"heart_rate_max":91,"heart_rate_min":86,"start_time":1674701520000,"end_time":1674701579000},{"heart_rate":80,"heart_rate_max":86,"heart_rate_min":77,"start_time":1674701460000,"end_time":1674701519000},{"heart_rate":80,"heart_rate_max":87,"heart_rate_min":76,"start_time":1674701400000,"end_time":1674701459000},{"heart_rate":81,"heart_rate_max":92,"heart_rate_min":73,"start_time":1674701340000,"end_time":1674701399000},{"heart_rate":83,"heart_rate_max":86,"heart_rate_min":79,"start_time":1674701280000,"end_time":1674701339000},{"heart_rate":83,"heart_rate_max":85,"heart_rate_min":82,"start_time":1674701220000,"end_time":1674701279000},{"heart_rate":85,"heart_rate_max":88,"heart_rate_min":83,"start_time":1674701160000,"end_time":1674701219000},{"heart_rate":87,"heart_rate_max":93,"heart_rate_min":82,"start_time":1674701100000,"end_time":1674701159000},{"heart_rate":83,"heart_rate_max":88,"heart_rate_min":80,"start_time":1674701040000,"end_time":1674701099000},{"heart_rate":82,"heart_rate_max":86,"heart_rate_min":80,"start_time":1674700980000,"end_time":1674701039000},{"heart_rate":85,"heart_rate_max":90,"heart_rate_min":81,"start_time":1674700920000,"end_time":1674700979000},{"heart_rate":87,"heart_rate_max":91,"heart_rate_min":80,"start_time":1674700860000,"end_time":1674700919000},{"heart_rate":82,"heart_rate_max":88,"heart_rate_min":78,"start_time":1674700800000,"end_time":1674700859000},{"heart_rate":83,"heart_rate_max":87,"heart_rate_min":79,"start_time":1674700740000,"end_time":1674700799000},{"heart_rate":80,"heart_rate_max":83,"heart_rate_min":76,"start_time":1674700680000,"end_time":1674700739000},{"heart_rate":80,"heart_rate_max":83,"heart_rate_min":78,"start_time":1674700620000,"end_time":1674700679000},{"heart_rate":81,"heart_rate_max":86,"heart_rate_min":77,"start_time":1674700560000,"end_time":1674700619000},{"heart_rate":82,"heart_rate_max":85,"heart_rate_min":76,"start_time":1674700500000,"end_time":1674700559000},{"heart_rate":83,"heart_rate_max":85,"heart_rate_min":81,"start_time":1674700440000,"end_time":1674700499000},{"heart_rate":76,"heart_rate_max":83,"heart_rate_min":72,"start_time":1674700380000,"end_time":1674700439000},{"heart_rate":76,"heart_rate_max":85,"heart_rate_min":73,"start_time":1674700320000,"end_time":1674700379000},{"heart_rate":83,"heart_rate_max":92,"heart_rate_min":79,"start_time":1674700260000,"end_time":1674700319000},{"heart_rate":82,"heart_rate_max":86,"heart_rate_min":78,"start_time":1674700200000,"end_time":1674700259000},{"heart_rate":80,"heart_rate_max":85,"heart_rate_min":78,"start_time":1674700140000,"end_time":1674700199000},{"heart_rate":83,"heart_rate_max":88,"heart_rate_min":81,"start_time":1674700080000,"end_time":1674700139000},{"heart_rate":80,"heart_rate_max":82,"heart_rate_min":78,"start_time":1674700020000,"end_time":1674700079000},{"heart_rate":83,"heart_rate_max":86,"heart_rate_min":80,"start_time":1674699960000,"end_time":1674700019000},{"heart_rate":84,"heart_rate_max":87,"heart_rate_min":83,"start_time":1674699900000,"end_time":1674699959000},{"heart_rate":83,"heart_rate_max":85,"heart_rate_min":81,"start_time":1674699840000,"end_time":1674699899000},{"heart_rate":82,"heart_rate_max":87,"heart_rate_min":79,"start_time":1674699780000,"end_time":1674699839000},{"heart_rate":81,"heart_rate_max":84,"heart_rate_min":80,"start_time":1674699720000,"end_time":1674699779000},{"heart_rate":85,"heart_rate_max":88,"heart_rate_min":82,"start_time":1674699660000,"end_time":1674699719000},{"heart_rate":82,"heart_rate_max":87,"heart_rate_min":80,"start_time":1674699600000,"end_time":1674699659000},{"heart_rate":79,"heart_rate_max":82,"heart_rate_min":76,"start_time":1674699540000,"end_time":1674699599000},{"heart_rate":79,"heart_rate_max":84,"heart_rate_min":75,"start_time":1674699480000,"end_time":1674699539000},{"heart_rate":83,"heart_rate_max":88,"heart_rate_min":81,"start_time":1674699420000,"end_time":1674699479000},{"heart_rate":84,"heart_rate_max":93,"heart_rate_min":79,"start_time":1674699360000,"end_time":1674699419000},{"heart_rate":83,"heart_rate_max":85,"heart_rate_min":81,"start_time":1674699300000,"end_time":1674699359000},{"heart_rate":84,"heart_rate_max":88,"heart_rate_min":83,"start_time":1674699240000,"end_time":1674699299000},{"heart_rate":83,"heart_rate_max":86,"heart_rate_min":82,"start_time":1674699180000,"end_time":1674699239000},{"heart_rate":88,"heart_rate_max":93,"heart_rate_min":85,"start_time":1674699120000,"end_time":1674699179000},{"heart_rate":89,"heart_rate_max":99,"heart_rate_min":83,"start_time":1674699060000,"end_time":1674699119000},{"heart_rate":90,"heart_rate_max":96,"heart_rate_min":87,"start_time":1674699000000,"end_time":1674699059000},{"heart_rate":88,"heart_rate_max":91,"heart_rate_min":85,"start_time":1674698940000,"end_time":1674698999000},{"heart_rate":92,"heart_rate_max":107,"heart_rate_min":87,"start_time":1674698880000,"end_time":1674698939000},{"heart_rate":99,"heart_rate_max":104,"heart_rate_min":95,"start_time":1674698820000,"end_time":1674698879000},{"heart_rate":94,"heart_rate_max":98,"heart_rate_min":92,"start_time":1674698760000,"end_time":1674698819000},{"heart_rate":90,"heart_rate_max":100,"heart_rate_min":83,"start_time":1674698700000,"end_time":1674698759000},{"heart_rate":92,"heart_rate_max":100,"heart_rate_min":90,"start_time":1674698640000,"end_time":1674698699000},{"heart_rate":96,"heart_rate_max":101,"heart_rate_min":90,"start_time":1674698580000,"end_time":1674698639000},{"heart_rate":92,"heart_rate_max":103,"heart_rate_min":89,"start_time":1674698520000,"end_time":1674698579000},{"heart_rate":93,"heart_rate_max":98,"heart_rate_min":88,"start_time":1674698460000,"end_time":1674698519000},{"heart_rate":86,"heart_rate_max":93,"heart_rate_min":82,"start_time":1674698400000,"end_time":1674698459000}]