[{"heart_rate":75,"heart_rate_max":79,"heart_rate_min":66,"start_time":1674752340000,"end_time":1674752399000},{"heart_rate":71,"heart_rate_max":75,"heart_rate_min":67,"start_time":1674752280000,"end_time":1674752339000},{"heart_rate":69,"heart_rate_max":75,"heart_rate_min":66,"start_time":1674752220000,"end_time":1674752279000},{"heart_rate":72,"heart_rate_max":76,"heart_rate_min":68,"start_time":1674752160000,"end_time":1674752219000},{"heart_rate":73,"heart_rate_max":79,"heart_rate_min":69,"start_time":1674752100000,"end_time":1674752159000},{"heart_rate":73,"heart_rate_max":77,"heart_rate_min":71,"start_time":1674752040000,"end_time":1674752099000},{"heart_rate":71,"heart_rate_max":74,"heart_rate_min":69,"start_time":1674751980000,"end_time":1674752039000},{"heart_rate":66,"heart_rate_max":74,"heart_rate_min":56,"start_time":1674751920000,"end_time":1674751979000},{"heart_rate":74,"heart_rate_max":87,"heart_rate_min":68,"start_time":1674751860000,"end_time":1674751919000},{"heart_rate":80,"heart_rate_max":88,"heart_rate_min":71,"start_time":1674751800000,"end_time":1674751859000},{"heart_rate":82,"heart_rate_max":88,"heart_rate_min":76,"start_time":1674751740000,"end_time":1674751799000},{"heart_rate":81,"heart_rate_max":87,"heart_rate_min":76,"start_time":1674751680000,"end_time":1674751739000},{"heart_rate":77,"heart_rate_max":82,"heart_rate_min":74,"start_time":1674751620000,"end_time":1674751679000},{"heart_rate":75,"heart_rate_max":82,"heart_rate_min":73,"start_time":1674751560000,"end_time":1674751619000},{"heart_rate":75,"heart_rate_max":78,"heart_rate_min":72,"start_time":1674751500000,"end_time":1674751559000},{"heart_rate":71,"heart_rate_max":78,"heart_rate_min":65,"start_time":1674751440000,"end_time":1674751499000},{"heart_rate":71,"heart_rate_max":75,"heart_rate_min":67,"start_time":1674751380000,"end_time":1674751439000},{"heart_rate":75,"heart_rate_max":81,"heart_rate_min":72,"start_time":1674751320000,"end_time":1674751379000},{"heart_rate":72,"heart_rate_max":76,"heart_rate_min":69,"start_time":1674751260000,"end_time":1674751319000},{"heart_rate":72,"heart_rate_max":75,"heart_rate_min":69,"start_time":1674751200000,"end_time":1674751259000},{"heart_rate":73,"heart_rate_max":77,"heart_rate_min":67,"start_time":1674751140000,"end_time":1674751199000},{"heart_rate":63,"heart_rate_max":69,"heart_rate_min":58,"start_time":1674751080000,"end_time":1674751139000},{"heart_rate":67,"heart_rate_max":76,"heart_rate_min":65,"start_time":1674751020000,"end_time":1674751079000},{"heart_rate":69,"heart_rate_max":75,"heart_rate_min":66,"start_time":1674750960000,"end_time":1674751019000},{"heart_rate":73,"heart_rate_max":79,"heart_rate_min":68,"start_time":1674750900000,"end_time":1674750959000},{"heart_rate":82,"heart_rate_max":89,"heart_rate_min":77,"start_time":1674750840000,"end_time":1674750899000},{"heart_rate":90,"heart_rate_max":94,"heart_rate_min":86,"start_time":1674750780000,"end_time":1674750839000},{"heart_rate":89,"heart_rate_max":92,"heart_rate_min":87,"start_time":1674750720000,"end_time":1674750779000},{"heart_rate":89,"heart_rate_max":93,"heart_rate_min":79,"start_time":1674750660000,"end_time":1674750719000},{"heart_rate":79,"heart_rate_max":86,"heart_rate_min":76,"start_time":1674750600000,"end_time":1674750659000},{"heart_rate":85,"heart_rate_max":89,"heart_rate_min":83,"start_time":1674750540000,"end_time":1674750599000},{"heart_rate":82,"heart_rate_max":83,"heart_rate_min":81,"start_time":1674750480000,"end_time":1674750539000},{"heart_rate":79,"heart_rate_max":85,"heart_rate_min":77,"start_time":1674750420000,"end_time":1674750479000},{"heart_rate":76,"heart_rate_max":83,"heart_rate_min":70,"start_time":1674750360000,"end_time":1674750419000},{"heart_rate":76,"heart_rate_max":84,"heart_rate_min":71,"start_time":1674750300000,"end_time":1674750359000},{"heart_rate":73,"heart_rate_max":77,"heart_rate_min":70,"start_time":1674750240000,"end_time":1674750299000},{"heart_rate":71,"heart_rate_max":75,"heart_rate_min":69,"start_time":1674750180000,"end_time":1674750239000},{"heart_rate":75,"heart_rate_max":79,"heart_rate_min":72,"start_time":1674750120000,"end_time":1674750179000},{"heart_rate":76,"heart_rate_max":78,"heart_rate_min":75,"start_time":1674750060000,"end_time":1674750119000},{"heart_rate":75,"heart_rate_max":78,"heart_rate_min":73,"start_time":1674750000000,"end_time":1674750059000},{"heart_rate":79,"heart_rate_max":86,"heart_rate_min":70,"start_time":1674749940000,"end_time":1674749999000},{"heart_rate":77,"heart_rate_max":81,"heart_rate_min":74,"start_time":1674749880000,"end_time":1674749939000},{"heart_rate":80,"heart_rate_max":88,"heart_rate_min":70,"start_time":1674749820000,"end_time":1674749879000},{"heart_rate":78,"heart_rate_max":86,"heart_rate_min":75,"start_time":1674749760000,"end_time":1674749819000},{"heart_rate":80,"heart_rate_max":85,"heart_rate_min":76,"start_time":1674749700000,"end_time":1674749759000},{"heart_rate":78,"heart_rate_max":86,"heart_rate_min":75,"start_time":1674749640000,"end_time":1674749699000},{"heart_rate":74,"heart_rate_max":77,"heart_rate_min":74,"start_time":1674749580000,"end_time":1674749639000},{"heart_rate":74,"heart_rate_max":79,"heart_rate_min":71,"start_time":1674749520000,"end_time":1674749579000},{"heart_rate":76,"heart_rate_max":82,"heart_rate_min":72,"start_time":1674749460000,"end_time":1674749519000},{"heart_rate":80,"heart_rate_max":88,"heart_rate_min":73,"start_time":1674749400000,"end_time":1674749459000},{"heart_rate":83,"heart_rate_max":89,"heart_rate_min":78,"start_time":1674749340000,"end_time":1674749399000},{"heart_rate":78,"heart_rate_max":82,"heart_rate_min":75,"start_time":1674749280000,"end_time":1674749339000},{"heart_rate":76,"heart_rate_max":81,"heart_rate_min":73,"start_time":1674749220000,"end_time":1674749279000},{"heart_rate":74,"heart_rate_max":79,"heart_rate_min":69,"start_time":1674749160000,"end_time":1674749219000},{"heart_rate":77,"heart_rate_max":84,"heart_rate_min":74,"start_time":1674749100000,"end_time":1674749159000},{"heart_rate":79,"heart_rate_max":85,"heart_rate_min":75,"start_time":1674749040000,"end_time":1674749099000},{"heart_rate":77,"heart_rate_max":81,"heart_rate_min":73,"start_time":1674748980000,"end_time":1674749039000},{"heart_rate":81,"heart_rate_max":86,"heart_rate_min":78,"start_time":1674748920000,"end_time":1674748979000},{"heart_rate":83,"heart_rate_max":88,"heart_rate_min":73,"start_time":1674748860000,"end_time":1674748919000},{"heart_rate":78,"heart_rate_max":85,"heart_rate_min":73,"start_time":1674748800000,"end_time":1674748859000}]