[{"heart_rate":84,"heart_rate_max":89,"heart_rate_min":80,"start_time":1674694740000,"end_time":1674694799000},{"heart_rate":80,"heart_rate_max":84,"heart_rate_min":77,"start_time":1674694680000,"end_time":1674694739000},{"heart_rate":91,"heart_rate_max":98,"heart_rate_min":80,"start_time":1674694620000,"end_time":1674694679000},{"heart_rate":78,"heart_rate_max":85,"heart_rate_min":74,"start_time":1674694560000,"end_time":1674694619000},{"heart_rate":77,"heart_rate_max":83,"heart_rate_min":72,"start_time":1674694500000,"end_time":1674694559000},{"heart_rate":78,"heart_rate_max":90,"heart_rate_min":74,"start_time":1674694440000,"end_time":1674694499000},{"heart_rate":80,"heart_rate_max":86,"heart_rate_min":78,"start_time":1674694380000,"end_time":1674694439000},{"heart_rate":77,"heart_rate_max":81,"heart_rate_min":65,"start_time":1674694320000,"end_time":1674694379000},{"heart_rate":80,"heart_rate_max":84,"heart_rate_min":77,"start_time":1674694260000,"end_time":1674694319000},{"heart_rate":80,"heart_rate_max":86,"heart_rate_min":73,"start_time":1674694200000,"end_time":1674694259000},{"heart_rate":72,"heart_rate_max":74,"heart_rate_min":70,"start_time":1674694140000,"end_time":1674694199000},{"heart_rate":91,"heart_rate_max":102,"heart_rate_min":72,"start_time":1674694080000,"end_time":1674694139000},{"heart_rate":83,"heart_rate_max":100,"heart_rate_min":77,"start_time":1674694020000,"end_time":1674694079000},{"heart_rate":82,"heart_rate_max":89,"heart_rate_min":78,"start_time":1674693960000,"end_time":1674694019000},{"heart_rate":83,"heart_rate_max":94,"heart_rate_min":77,"start_time":1674693900000,"end_time":1674693959000},{"heart_rate":84,"heart_rate_max":95,"heart_rate_min":78,"start_time":1674693840000,"end_time":1674693899000},{"heart_rate":99,"heart_rate_max":104,"heart_rate_min":94,"start_time":1674693780000,"end_time":1674693839000},{"heart_rate":82,"heart_rate_max":98,"heart_rate_min":75,"start_time":1674693720000,"end_time":1674693779000},{"heart_rate":76,"heart_rate_max":81,"heart_rate_min":73,"start_time":1674693660000,"end_time":1674693719000},{"heart_rate":79,"heart_rate_max":84,"heart_rate_min":75,"start_time":1674693600000,"end_time":1674693659000},{"heart_rate":77,"heart_rate_max":81,"heart_rate_min":75,"start_time":1674693540000,"end_time":1674693599000},{"heart_rate":84,"heart_rate_max":91,"heart_rate_min":79,"start_time":1674693480000,"end_time":1674693539000},{"heart_rate":86,"heart_rate_max":94,"heart_rate_min":83,"start_time":1674693420000,"end_time":1674693479000},{"heart_rate":77,"heart_rate_max":86,"heart_rate_min":73,"start_time":1674693360000,"end_time":1674693419000},{"heart_rate":77,"heart_rate_max":84,"heart_rate_min":75,"start_time":1674693300000,"end_time":1674693359000},{"heart_rate":82,"heart_rate_max":92,"heart_rate_min":73,"start_time":1674693240000,"end_time":1674693299000},{"heart_rate":77,"heart_rate_max":81,"heart_rate_min":73,"start_time":1674693180000,"end_time":1674693239000},{"heart_rate":79,"heart_rate_max":87,"heart_rate_min":76,"start_time":1674693120000,"end_time":1674693179000},{"heart_rate":78,"heart_rate_max":89,"heart_rate_min":73,"start_time":1674693060000,"end_time":1674693119000},{"heart_rate":78,"heart_rate_max":90,"heart_rate_min":73,"start_time":1674693000000,"end_time":1674693059000},{"heart_rate":75,"heart_rate_max":80,"heart_rate_min":72,"start_time":1674692940000,"end_time":1674692999000},{"heart_rate":78,"heart_rate_max":81,"heart_rate_min":75,"start_time":1674692880000,"end_time":1674692939000},{"heart_rate":79,"heart_rate_max":90,"heart_rate_min":75,"start_time":1674692820000,"end_time":1674692879000},{"heart_rate":85,"heart_rate_max":93,"heart_rate_min":81,"start_time":1674692760000,"end_time":1674692819000},{"heart_rate":81,"heart_rate_max":90,"heart_rate_min":70,"start_time":1674692700000,"end_time":1674692759000},{"heart_rate":82,"heart_rate_max":88,"heart_rate_min":79,"start_time":1674692640000,"end_time":1674692699000},{"heart_rate":85,"heart_rate_max":91,"heart_rate_min":80,"start_time":1674692580000,"end_time":1674692639000},{"heart_rate":86,"heart_rate_max":97,"heart_rate_min":77,"start_time":1674692520000,"end_time":1674692579000},{"heart_rate":82,"heart_rate_max":91,"heart_rate_min":74,"start_time":1674692460000,"end_time":1674692519000},{"heart_rate":85,"heart_rate_max":92,"heart_rate_min":78,"start_time":1674692400000,"end_time":1674692459000},{"heart_rate":75,"heart_rate_max":78,"heart_rate_min":70,"start_time":1674692340000,"end_time":1674692399000},{"heart_rate":77,"heart_rate_max":102,"heart_rate_min":74,"start_time":1674692280000,"end_time":1674692339000},{"heart_rate":87,"heart_rate_max":95,"heart_rate_min":83,"start_time":1674692220000,"end_time":1674692279000},{"heart_rate":82,"heart_rate_max":85,"heart_rate_min":78,"start_time":1674692160000,"end_time":1674692219000},{"heart_rate":79,"heart_rate_max":84,"heart_rate_min":76,"start_time":1674692100000,"end_time":1674692159000},{"heart_rate":84,"heart_rate_max":89,"heart_rate_min":83,"start_time":1674692040000,"end_time":1674692099000},{"heart_rate":79,"heart_rate_max":89,"heart_rate_min":75,"start_time":1674691980000,"end_time":1674692039000},{"heart_rate":77,"heart_rate_max":80,"heart_rate_min":74,"start_time":1674691920000,"end_time":1674691979000},{"heart_rate":79,"heart_rate_max":85,"heart_rate_min":78,"start_time":1674691860000,"end_time":1674691919000},{"heart_rate":88,"heart_rate_max":99,"heart_rate_min":82,"start_time":1674691800000,"end_time":1674691859000},{"heart_rate":84,"heart_rate_max":87,"heart_rate_min":81,"start_time":1674691740000,"end_time":1674691799000},{"heart_rate":83,"heart_rate_max":90,"heart_rate_min":79,"start_time":1674691680000,"end_time":1674691739000},{"heart_rate":88,"heart_rate_max":96,"heart_rate_min":83,"start_time":1674691620000,"end_time":1674691679000},{"heart_rate":83,"heart_rate_max":87,"heart_rate_min":80,"start_time":1674691560000,"end_time":1674691619000},{"heart_rate":85,"heart_rate_max":87,"heart_rate_min":84,"start_time":1674691500000,"end_time":1674691559000},{"heart_rate":84,"heart_rate_max":88,"heart_rate_min":82,"start_time":1674691440000,"end_time":1674691499000},{"heart_rate":83,"heart_rate_max":86,"heart_rate_min":80,"start_time":1674691380000,"end_time":1674691439000},{"heart_rate":80,"heart_rate_max":89,"heart_rate_min":76,"start_time":1674691320000,"end_time":1674691379000},{"heart_rate":72,"heart_rate_max":77,"heart_rate_min":68,"start_time":1674691260000,"end_time":1674691319000},{"heart_rate":85,"heart_rate_max":100,"heart_rate_min":70,"start_time":1674691200000,"end_time":1674691259000}]