[{"heart_rate":72,"heart_rate_max":76,"heart_rate_min":68,"start_time":1674586740000,"end_time":1674586799000},{"heart_rate":73,"heart_rate_max":77,"heart_rate_min":69,"start_time":1674586680000,"end_time":1674586739000},{"heart_rate":75,"heart_rate_max":78,"heart_rate_min":70,"start_time":1674586620000,"end_time":1674586679000},{"heart_rate":77,"heart_rate_max":82,"heart_rate_min":71,"start_time":1674586560000,"end_time":1674586619000},{"heart_rate":78,"heart_rate_max":81,"heart_rate_min":74,"start_time":1674586500000,"end_time":1674586559000},{"heart_rate":77,"heart_rate_max":86,"heart_rate_min":73,"start_time":1674586440000,"end_time":1674586499000},{"heart_rate":83,"heart_rate_max":92,"heart_rate_min":79,"start_time":1674586380000,"end_time":1674586439000},{"heart_rate":84,"heart_rate_max":92,"heart_rate_min":77,"start_time":1674586320000,"end_time":1674586379000},{"heart_rate":76,"heart_rate_max":80,"heart_rate_min":73,"start_time":1674586260000,"end_time":1674586319000},{"heart_rate":71,"heart_rate_max":74,"heart_rate_min":67,"start_time":1674586200000,"end_time":1674586259000},{"heart_rate":74,"heart_rate_max":80,"heart_rate_min":69,"start_time":1674586140000,"end_time":1674586199000},{"heart_rate":73,"heart_rate_max":77,"heart_rate_min":70,"start_time":1674586080000,"end_time":1674586139000},{"heart_rate":78,"heart_rate_max":85,"heart_rate_min":75,"start_time":1674586020000,"end_time":1674586079000},{"heart_rate":73,"heart_rate_max":86,"heart_rate_min":63,"start_time":1674585960000,"end_time":1674586019000},{"heart_rate":61,"heart_rate_max":65,"heart_rate_min":57,"start_time":1674585900000,"end_time":1674585959000},{"heart_rate":60,"heart_rate_max":67,"heart_rate_min":53,"start_time":1674585840000,"end_time":1674585899000},{"heart_rate":62,"heart_rate_max":66,"heart_rate_min":59,"start_time":1674585780000,"end_time":1674585839000},{"heart_rate":61,"heart_rate_max":68,"heart_rate_min":57,"start_time":1674585720000,"end_time":1674585779000},{"heart_rate":62,"heart_rate_max":67,"heart_rate_min":57,"start_time":1674585660000,"end_time":1674585719000},{"heart_rate":61,"heart_rate_max":67,"heart_rate_min":58,"start_time":1674585600000,"end_time":1674585659000},{"heart_rate":61,"heart_rate_max":68,"heart_rate_min":56,"start_time":1674585540000,"end_time":1674585599000},{"heart_rate":61,"heart_rate_max":66,"heart_rate_min":56,"start_time":1674585480000,"end_time":1674585539000},{"heart_rate":60,"heart_rate_max":65,"heart_rate_min":57,"start_time":1674585420000,"end_time":1674585479000},{"heart_rate":59,"heart_rate_max":68,"heart_rate_min":52,"start_time":1674585360000,"end_time":1674585419000},{"heart_rate":63,"heart_rate_max":70,"heart_rate_min":58,"start_time":1674585300000,"end_time":1674585359000},{"heart_rate":62,"heart_rate_max":66,"heart_rate_min":57,"start_time":1674585240000,"end_time":1674585299000},{"heart_rate":71,"heart_rate_max":84,"heart_rate_min":60,"start_time":1674585180000,"end_time":1674585239000},{"heart_rate":70,"heart_rate_max":77,"heart_rate_min":59,"start_time":1674585120000,"end_time":1674585179000},{"heart_rate":65,"heart_rate_max":69,"heart_rate_min":60,"start_time":1674585060000,"end_time":1674585119000},{"heart_rate":78,"heart_rate_max":93,"heart_rate_min":66,"start_time":1674585000000,"end_time":1674585059000},{"heart_rate":77,"heart_rate_max":84,"heart_rate_min":72,"start_time":1674584940000,"end_time":1674584999000},{"heart_rate":76,"heart_rate_max":82,"heart_rate_min":70,"start_time":1674584880000,"end_time":1674584939000},{"heart_rate":72,"heart_rate_max":79,"heart_rate_min":64,"start_time":1674584820000,"end_time":1674584879000},{"heart_rate":73,"heart_rate_max":78,"heart_rate_min":71,"start_time":1674584760000,"end_time":1674584819000},{"heart_rate":75,"heart_rate_max":79,"heart_rate_min":72,"start_time":1674584700000,"end_time":1674584759000},{"heart_rate":71,"heart_rate_max":77,"heart_rate_min":60,"start_time":1674584640000,"end_time":1674584699000},{"heart_rate":66,"heart_rate_max":72,"heart_rate_min":62,"start_time":1674584580000,"end_time":1674584639000},{"heart_rate":73,"heart_rate_max":79,"heart_rate_min":63,"start_time":1674584520000,"end_time":1674584579000},{"heart_rate":65,"heart_rate_max":73,"heart_rate_min":59,"start_time":1674584460000,"end_time":1674584519000},{"heart_rate":68,"heart_rate_max":74,"heart_rate_min":64,"start_time":1674584400000,"end_time":1674584459000},{"heart_rate":62,"heart_rate_max":65,"heart_rate_min":60,"start_time":1674584340000,"end_time":1674584399000},{"heart_rate":64,"heart_rate_max":73,"heart_rate_min":55,"start_time":1674584280000,"end_time":1674584339000},{"heart_rate":62,"heart_rate_max":65,"heart_rate_min":60,"start_time":1674584220000,"end_time":1674584279000},{"heart_rate":69,"heart_rate_max":78,"heart_rate_min":65,"start_time":1674584160000,"end_time":1674584219000},{"heart_rate":66,"heart_rate_max":70,"heart_rate_min":63,"start_time":1674584100000,"end_time":1674584159000},{"heart_rate":63,"heart_rate_max":70,"heart_rate_min":54,"start_time":1674584040000,"end_time":1674584099000},{"heart_rate":65,"heart_rate_max":74,"heart_rate_min":59,"start_time":1674583980000,"end_time":1674584039000},{"heart_rate":71,"heart_rate_max":91,"heart_rate_min":63,"start_time":1674583920000,"end_time":1674583979000},{"heart_rate":79,"heart_rate_max":82,"heart_rate_min":71,"start_time":1674583860000,"end_time":1674583919000},{"heart_rate":68,"heart_rate_max":76,"heart_rate_min":64,"start_time":1674583800000,"end_time":1674583859000},{"heart_rate":62,"heart_rate_max":66,"heart_rate_min":59,"start_time":1674583740000,"end_time":1674583799000},{"heart_rate":68,"heart_rate_max":79,"heart_rate_min":61,"start_time":1674583680000,"end_time":1674583739000},{"heart_rate":70,"heart_rate_max":80,"heart_rate_min":65,"start_time":1674583620000,"end_time":1674583679000},{"heart_rate":65,"heart_rate_max":71,"heart_rate_min":61,"start_time":1674583560000,"end_time":1674583619000},{"heart_rate":64,"heart_rate_max":70,"heart_rate_min":59,"start_time":1674583500000,"end_time":1674583559000},{"heart_rate":62,"heart_rate_max":67,"heart_rate_min":58,"start_time":1674583440000,"end_time":1674583499000},{"heart_rate":65,"heart_rate_max":72,"heart_rate_min":61,"start_time":1674583380000,"end_time":1674583439000},{"heart_rate":63,"heart_rate_max":69,"heart_rate_min":57,"start_time":1674583320000,"end_time":1674583379000},{"heart_rate":63,"heart_rate_max":70,"heart_rate_min":53,"start_time":1674583260000,"end_time":1674583319000},{"heart_rate":63,"heart_rate_max":70,"heart_rate_min":55,"start_time":1674583200000,"end_time":1674583259000}]