[{"score":81,"score_max":92,"score_min":68,"flag":1,"level":0,"start_time":1674611940000,"end_time":1674611999000},{"score":73,"score_max":89,"score_min":61,"flag":1,"level":1,"start_time":1674611880000,"end_time":1674611939000},{"score":90,"score_max":94,"score_min":87,"flag":1,"level":0,"start_time":1674611820000,"end_time":1674611879000},{"score":83,"score_max":88,"score_min":76,"flag":1,"level":0,"start_time":1674611760000,"end_time":1674611819000},{"score":84,"score_max":86,"score_min":83,"flag":1,"level":0,"start_time":1674611700000,"end_time":1674611759000},{"score":88,"score_max":93,"score_min":85,"flag":1,"level":0,"start_time":1674611640000,"end_time":1674611699000},{"score":75,"score_max":85,"score_min":60,"flag":1,"level":0,"start_time":1674611580000,"end_time":1674611639000},{"score":63,"score_max":75,"score_min":57,"flag":1,"level":1,"start_time":1674611520000,"end_time":1674611579000},{"score":74,"score_max":75,"score_min":73,"flag":1,"level":1,"start_time":1674611460000,"end_time":1674611519000},{"score":68,"score_max":73,"score_min":65,"flag":1,"level":1,"start_time":1674611400000,"end_time":1674611459000},{"score":77,"score_max":85,"score_min":72,"flag":1,"level":1,"start_time":1674611340000,"end_time":1674611399000},{"score":87,"score_max":89,"score_min":85,"flag":1,"level":0,"start_time":1674611280000,"end_time":1674611339000},{"score":67,"score_max":89,"score_min":46,"flag":1,"level":1,"start_time":1674611220000,"end_time":1674611279000},{"score":29,"score_max":45,"score_min":5,"flag":1,"level":1,"start_time":1674611160000,"end_time":1674611219000},{"score":2,"score_max":5,"score_min":1,"flag":1,"level":1,"start_time":1674611100000,"end_time":1674611159000},{"score":1,"score_max":1,"score_min":1,"flag":1,"level":1,"start_time":1674610500000,"end_time":1674610559000},{"score":35,"score_max":37,"score_min":34,"flag":1,"level":1,"start_time":1674610440000,"end_time":1674610499000},{"score":12,"score_max":33,"score_min":3,"flag":1,"level":1,"start_time":1674610380000,"end_time":1674610439000},{"score":4,"score_max":9,"score_min":2,"flag":1,"level":1,"start_time":1674610320000,"end_time":1674610379000},{"score":21,"score_max":25,"score_min":10,"flag":1,"level":1,"start_time":1674610260000,"end_time":1674610319000},{"score":50,"score_max":57,"score_min":47,"flag":1,"level":1,"start_time":1674610080000,"end_time":1674610139000},{"score":21,"score_max":34,"score_min":4,"flag":1,"level":1,"start_time":1674610020000,"end_time":1674610079000},{"score":33,"score_max":56,"score_min":26,"flag":1,"level":1,"start_time":1674609960000,"end_time":1674610019000},{"score":71,"score_max":76,"score_min":57,"flag":1,"level":1,"start_time":1674609900000,"end_time":1674609959000},{"score":4,"score_max":6,"score_min":4,"flag":1,"level":1,"start_time":1674609840000,"end_time":1674609899000},{"score":2,"score_max":4,"score_min":2,"flag":1,"level":1,"start_time":1674609780000,"end_time":1674609839000},{"score":3,"score_max":7,"score_min":2,"flag":1,"level":1,"start_time":1674609660000,"end_time":1674609719000}]