[{"score":2,"score_max":3,"score_min":1,"flag":1,"level":1,"start_time":1674676740000,"end_time":1674676799000},{"score":0,"score_max":2,"score_min":0,"flag":1,"level":1,"start_time":1674676680000,"end_time":1674676739000},{"score":1,"score_max":2,"score_min":1,"flag":1,"level":1,"start_time":1674676620000,"end_time":1674676679000},{"score":2,"score_max":2,"score_min":2,"flag":1,"level":1,"start_time":1674676560000,"end_time":1674676619000},{"score":1,"score_max":6,"score_min":0,"flag":1,"level":1,"start_time":1674676500000,"end_time":1674676559000},{"score":0,"score_max":0,"score_min":0,"flag":1,"level":1,"start_time":1674676440000,"end_time":1674676499000},{"score":0,"score_max":1,"score_min":0,"flag":1,"level":1,"start_time":1674676380000,"end_time":1674676439000},{"score":0,"score_max":1,"score_min":0,"flag":1,"level":1,"start_time":1674676320000,"end_time":1674676379000},{"score":3,"score_max":11,"score_min":0,"flag":1,"level":1,"start_time":1674676260000,"end_time":1674676319000},{"score":6,"score_max":13,"score_min":2,"flag":1,"level":1,"start_time":1674676200000,"end_time":1674676259000},{"score":1,"score_max":2,"score_min":0,"flag":1,"level":1,"start_time":1674676140000,"end_time":1674676199000},{"score":0,"score_max":0,"score_min":0,"flag":1,"level":1,"start_time":1674676080000,"end_time":1674676139000},{"score":0,"score_max":1,"score_min":0,"flag":1,"level":1,"start_time":1674676020000,"end_time":1674676079000},{"score":0,"score_max":1,"score_min":0,"flag":1,"level":1,"start_time":1674675960000,"end_time":1674676019000},{"score":0,"score_max":1,"score_min":0,"flag":1,"level":1,"start_time":1674675900000,"end_time":1674675959000},{"score":0,"score_max":0,"score_min":0,"flag":1,"level":1,"start_time":1674675840000,"end_time":1674675899000},{"score":0,"score_max":1,"score_min":0,"flag":1,"level":1,"start_time":1674675780000,"end_time":1674675839000},{"score":0,"score_max":1,"score_min":0,"flag":1,"level":1,"start_time":1674675720000,"end_time":1674675779000},{"score":1,"score_max":2,"score_min":1,"flag":1,"level":1,"start_time":1674675660000,"end_time":1674675719000},{"score":0,"score_max":1,"score_min":0,"flag":1,"level":1,"start_time":1674675600000,"end_time":1674675659000},{"score":0,"score_max":2,"score_min":0,"flag":1,"level":1,"start_time":1674675540000,"end_time":1674675599000},{"score":1,"score_max":2,"score_min":0,"flag":1,"level":1,"start_time":1674675480000,"end_time":1674675539000},{"score":1,"score_max":3,"score_min":1,"flag":1,"level":1,"start_time":1674675420000,"end_time":1674675479000},{"score":1,"score_max":2,"score_min":1,"flag":1,"level":1,"start_time":1674675360000,"end_time":1674675419000},{"score":4,"score_max":8,"score_min":1,"flag":1,"level":1,"start_time":1674675300000,"end_time":1674675359000},{"score":9,"score_max":13,"score_min":7,"flag":1,"level":1,"start_time":1674675240000,"end_time":1674675299000}]