[{"score":0,"score_max":0,"score_min":0,"flag":1,"level":1,"start_time":1674583860000,"end_time":1674583919000},{"score":0,"score_max":0,"score_min":0,"flag":1,"level":1,"start_time":1674583800000,"end_time":1674583859000},{"score":0,"score_max":0,"score_min":0,"flag":1,"level":1,"start_time":1674583740000,"end_time":1674583799000},{"score":0,"score_max":0,"score_min":0,"flag":1,"level":1,"start_time":1674583680000,"end_time":1674583739000},{"score":0,"score_max":0,"score_min":0,"flag":1,"level":1,"start_time":1674583620000,"end_time":1674583679000},{"score":0,"score_max":0,"score_min":0,"flag":1,"level":1,"start_time":1674583560000,"end_time":1674583619000},{"score":0,"score_max":0,"score_min":0,"flag":1,"level":1,"start_time":1674583500000,"end_time":1674583559000},{"score":0,"score_max":0,"score_min":0,"flag":1,"level":1,"start_time":1674583440000,"end_time":1674583499000},{"score":0,"score_max":0,"score_min":0,"flag":1,"level":1,"start_time":1674583380000,"end_time":1674583439000},{"score":0,"score_max":0,"score_min":0,"flag":1,"level":1,"start_time":1674583320000,"end_time":1674583379000},{"score":0,"score_max":0,"score_min":0,"flag":1,"level":1,"start_time":1674583260000,"end_time":1674583319000},{"score":0,"score_max":0,"score_min":0,"flag":1,"level":1,"start_time":1674583200000,"end_time":1674583259000}]