[{"score":4,"score_max":5,"score_min":4,"flag":1,"level":1,"start_time":1674637140000,"end_time":1674637199000},{"score":8,"score_max":19,"score_min":5,"flag":1,"level":1,"start_time":1674637080000,"end_time":1674637139000},{"score":13,"score_max":18,"score_min":8,"flag":1,"level":1,"start_time":1674637020000,"end_time":1674637079000},{"score":6,"score_max":12,"score_min":5,"flag":1,"level":1,"start_time":1674636960000,"end_time":1674637019000},{"score":24,"score_max":35,"score_min":12,"flag":1,"level":1,"start_time":1674636900000,"end_time":1674636959000},{"score":14,"score_max":21,"score_min":12,"flag":1,"level":1,"start_time":1674636840000,"end_time":1674636899000},{"score":17,"score_max":21,"score_min":13,"flag":1,"level":1,"start_time":1674636780000,"end_time":1674636839000},{"score":14,"score_max":20,"score_min":9,"flag":1,"level":1,"start_time":1674636720000,"end_time":1674636779000},{"score":13,"score_max":17,"score_min":10,"flag":1,"level":1,"start_time":1674636660000,"end_time":1674636719000},{"score":13,"score_max":18,"score_min":8,"flag":1,"level":1,"start_time":1674636600000,"end_time":1674636659000},{"score":8,"score_max":17,"score_min":6,"flag":1,"level":1,"start_time":1674636540000,"end_time":1674636599000},{"score":20,"score_max":24,"score_min":17,"flag":1,"level":1,"start_time":1674636480000,"end_time":1674636539000},{"score":18,"score_max":21,"score_min":15,"flag":1,"level":1,"start_time":1674636420000,"end_time":1674636479000},{"score":17,"score_max":45,"score_min":11,"flag":1,"level":1,"start_time":1674636360000,"end_time":1674636419000},{"score":43,"score_max":55,"score_min":17,"flag":1,"level":1,"start_time":1674636300000,"end_time":1674636359000},{"score":17,"score_max":22,"score_min":10,"flag":1,"level":1,"start_time":1674636240000,"end_time":1674636299000},{"score":6,"score_max":10,"score_min":5,"flag":1,"level":1,"start_time":1674636180000,"end_time":1674636239000},{"score":7,"score_max":11,"score_min":6,"flag":1,"level":1,"start_time":1674636120000,"end_time":1674636179000},{"score":19,"score_max":31,"score_min":10,"flag":1,"level":1,"start_time":1674636060000,"end_time":1674636119000},{"score":7,"score_max":10,"score_min":4,"flag":1,"level":1,"start_time":1674635820000,"end_time":1674635879000},{"score":32,"score_max":47,"score_min":27,"flag":1,"level":1,"start_time":1674635760000,"end_time":1674635819000},{"score":41,"score_max":66,"score_min":25,"flag":1,"level":1,"start_time":1674635700000,"end_time":1674635759000},{"score":16,"score_max":20,"score_min":16,"flag":1,"level":1,"start_time":1674635640000,"end_time":1674635699000},{"score":14,"score_max":17,"score_min":11,"flag":1,"level":1,"start_time":1674635580000,"end_time":1674635639000},{"score":9,"score_max":17,"score_min":4,"flag":1,"level":1,"start_time":1674635520000,"end_time":1674635579000},{"score":6,"score_max":14,"score_min":4,"flag":1,"level":1,"start_time":1674635460000,"end_time":1674635519000},{"score":16,"score_max":24,"score_min":10,"flag":1,"level":1,"start_time":1674635400000,"end_time":1674635459000},{"score":7,"score_max":14,"score_min":2,"flag":1,"level":1,"start_time":1674635340000,"end_time":1674635399000},{"score":95,"score_max":95,"score_min":95,"flag":1,"level":1,"start_time":1674635280000,"end_time":1674635339000},{"score":63,"score_max":65,"score_min":62,"flag":1,"level":1,"start_time":1674635220000,"end_time":1674635279000},{"score":52,"score_max":63,"score_min":37,"flag":1,"level":1,"start_time":1674635160000,"end_time":1674635219000},{"score":28,"score_max":37,"score_min":24,"flag":1,"level":1,"start_time":1674635100000,"end_time":1674635159000},{"score":19,"score_max":24,"score_min":15,"flag":1,"level":1,"start_time":1674635040000,"end_time":1674635099000},{"score":15,"score_max":15,"score_min":15,"flag":1,"level":1,"start_time":1674634980000,"end_time":1674635039000},{"score":0,"score_max":0,"score_min":0,"flag":1,"level":1,"start_time":1674634740000,"end_time":1674634799000},{"score":0,"score_max":0,"score_min":0,"flag":1,"level":1,"start_time":1674634680000,"end_time":1674634739000},{"score":33,"score_max":40,"score_min":24,"flag":1,"level":1,"start_time":1674634200000,"end_time":1674634259000},{"score":29,"score_max":30,"score_min":28,"flag":1,"level":1,"start_time":1674634020000,"end_time":1674634079000},{"score":38,"score_max":58,"score_min":30,"flag":1,"level":1,"start_time":1674633960000,"end_time":1674634019000},{"score":60,"score_max":69,"score_min":43,"flag":1,"level":1,"start_time":1674633900000,"end_time":1674633959000},{"score":42,"score_max":55,"score_min":39,"flag":1,"level":1,"start_time":1674633840000,"end_time":1674633899000},{"score":67,"score_max":75,"score_min":55,"flag":1,"level":1,"start_time":1674633780000,"end_time":1674633839000},{"score":66,"score_max":69,"score_min":64,"flag":1,"level":1,"start_time":1674633720000,"end_time":1674633779000},{"score":75,"score_max":85,"score_min":67,"flag":1,"level":1,"start_time":1674633660000,"end_time":1674633719000},{"score":79,"score_max":88,"score_min":66,"flag":1,"level":0,"start_time":1674633600000,"end_time":1674633659000}]