[{"heart_rate":82,"heart_rate_max":85,"heart_rate_min":79,"start_time":1674709140000,"end_time":1674709199000},{"heart_rate":77,"heart_rate_max":85,"heart_rate_min":72,"start_time":1674709080000,"end_time":1674709139000},{"heart_rate":79,"heart_rate_max":86,"heart_rate_min":78,"start_time":1674709020000,"end_time":1674709079000},{"heart_rate":81,"heart_rate_max":84,"heart_rate_min":78,"start_time":1674708960000,"end_time":1674709019000},{"heart_rate":76,"heart_rate_max":85,"heart_rate_min":72,"start_time":1674708900000,"end_time":1674708959000},{"heart_rate":69,"heart_rate_max":78,"heart_rate_min":64,"start_time":1674708840000,"end_time":1674708899000},{"heart_rate":78,"heart_rate_max":84,"heart_rate_min":75,"start_time":1674708780000,"end_time":1674708839000},{"heart_rate":83,"heart_rate_max":87,"heart_rate_min":77,"start_time":1674708720000,"end_time":1674708779000},{"heart_rate":77,"heart_rate_max":86,"heart_rate_min":72,"start_time":1674708660000,"end_time":1674708719000},{"heart_rate":77,"heart_rate_max":82,"heart_rate_min":71,"start_time":1674708600000,"end_time":1674708659000},{"heart_rate":79,"heart_rate_max":82,"heart_rate_min":77,"start_time":1674708540000,"end_time":1674708599000},{"heart_rate":80,"heart_rate_max":83,"heart_rate_min":76,"start_time":1674708480000,"end_time":1674708539000},{"heart_rate":79,"heart_rate_max":84,"heart_rate_min":76,"start_time":1674708420000,"end_time":1674708479000},{"heart_rate":73,"heart_rate_max":82,"heart_rate_min":71,"start_time":1674708360000,"end_time":1674708419000},{"heart_rate":76,"heart_rate_max":79,"heart_rate_min":71,"start_time":1674708300000,"end_time":1674708359000},{"heart_rate":71,"heart_rate_max":75,"heart_rate_min":65,"start_time":1674708240000,"end_time":1674708299000},{"heart_rate":71,"heart_rate_max":74,"heart_rate_min":69,"start_time":1674708180000,"end_time":1674708239000},{"heart_rate":69,"heart_rate_max":76,"heart_rate_min":65,"start_time":1674708120000,"end_time":1674708179000},{"heart_rate":80,"heart_rate_max":87,"heart_rate_min":76,"start_time":1674708060000,"end_time":1674708119000},{"heart_rate":82,"heart_rate_max":87,"heart_rate_min":77,"start_time":1674708000000,"end_time":1674708059000},{"heart_rate":76,"heart_rate_max":80,"heart_rate_min":75,"start_time":1674707940000,"end_time":1674707999000},{"heart_rate":87,"heart_rate_max":98,"heart_rate_min":81,"start_time":1674707880000,"end_time":1674707939000},{"heart_rate":87,"heart_rate_max":93,"heart_rate_min":80,"start_time":1674707820000,"end_time":1674707879000},{"heart_rate":85,"heart_rate_max":89,"heart_rate_min":82,"start_time":1674707760000,"end_time":1674707819000},{"heart_rate":80,"heart_rate_max":89,"heart_rate_min":76,"start_time":1674707700000,"end_time":1674707759000},{"heart_rate":77,"heart_rate_max":90,"heart_rate_min":64,"start_time":1674707640000,"end_time":1674707699000},{"heart_rate":76,"heart_rate_max":81,"heart_rate_min":73,"start_time":1674707580000,"end_time":1674707639000},{"heart_rate":83,"heart_rate_max":88,"heart_rate_min":77,"start_time":1674707520000,"end_time":1674707579000},{"heart_rate":75,"heart_rate_max":85,"heart_rate_min":70,"start_time":1674707460000,"end_time":1674707519000},{"heart_rate":80,"heart_rate_max":85,"heart_rate_min":76,"start_time":1674707400000,"end_time":1674707459000},{"heart_rate":84,"heart_rate_max":88,"heart_rate_min":81,"start_time":1674707340000,"end_time":1674707399000},{"heart_rate":83,"heart_rate_max":89,"heart_rate_min":80,"start_time":1674707280000,"end_time":1674707339000},{"heart_rate":84,"heart_rate_max":93,"heart_rate_min":79,"start_time":1674707220000,"end_time":1674707279000},{"heart_rate":79,"heart_rate_max":87,"heart_rate_min":74,"start_time":1674707160000,"end_time":1674707219000},{"heart_rate":83,"heart_rate_max":98,"heart_rate_min":75,"start_time":1674707100000,"end_time":1674707159000},{"heart_rate":84,"heart_rate_max":88,"heart_rate_min":78,"start_time":1674707040000,"end_time":1674707099000},{"heart_rate":79,"heart_rate_max":88,"heart_rate_min":75,"start_time":1674706980000,"end_time":1674707039000},{"heart_rate":87,"heart_rate_max":90,"heart_rate_min":84,"start_time":1674706920000,"end_time":1674706979000},{"heart_rate":81,"heart_rate_max":88,"heart_rate_min":77,"start_time":1674706860000,"end_time":1674706919000},{"heart_rate":81,"heart_rate_max":92,"heart_rate_min":77,"start_time":1674706800000,"end_time":1674706859000},{"heart_rate":70,"heart_rate_max":78,"heart_rate_min":63,"start_time":1674706740000,"end_time":1674706799000},{"heart_rate":72,"heart_rate_max":77,"heart_rate_min":67,"start_time":1674706680000,"end_time":1674706739000},{"heart_rate":72,"heart_rate_max":76,"heart_rate_min":65,"start_time":1674706620000,"end_time":1674706679000},{"heart_rate":69,"heart_rate_max":73,"heart_rate_min":66,"start_time":1674706560000,"end_time":1674706619000},{"heart_rate":76,"heart_rate_max":83,"heart_rate_min":66,"start_time":1674706500000,"end_time":1674706559000},{"heart_rate":74,"heart_rate_max":81,"heart_rate_min":71,"start_time":1674706440000,"end_time":1674706499000},{"heart_rate":76,"heart_rate_max":79,"heart_rate_min":73,"start_time":1674706380000,"end_time":1674706439000},{"heart_rate":82,"heart_rate_max":89,"heart_rate_min":75,"start_time":1674706320000,"end_time":1674706379000},{"heart_rate":76,"heart_rate_max":81,"heart_rate_min":73,"start_time":1674706260000,"end_time":1674706319000},{"heart_rate":82,"heart_rate_max":90,"heart_rate_min":77,"start_time":1674706200000,"end_time":1674706259000},{"heart_rate":81,"heart_rate_max":88,"heart_rate_min":77,"start_time":1674706140000,"end_time":1674706199000},{"heart_rate":78,"heart_rate_max":84,"heart_rate_min":73,"start_time":1674706080000,"end_time":1674706139000},{"heart_rate":80,"heart_rate_max":87,"heart_rate_min":74,"start_time":1674706020000,"end_time":1674706079000},{"heart_rate":79,"heart_rate_max":87,"heart_rate_min":75,"start_time":1674705960000,"end_time":1674706019000},{"heart_rate":75,"heart_rate_max":86,"heart_rate_min":71,"start_time":1674705900000,"end_time":1674705959000},{"heart_rate":75,"heart_rate_max":85,"heart_rate_min":72,"start_time":1674705840000,"end_time":1674705899000},{"heart_rate":75,"heart_rate_max":83,"heart_rate_min":72,"start_time":1674705780000,"end_time":1674705839000},{"heart_rate":75,"heart_rate_max":82,"heart_rate_min":71,"start_time":1674705720000,"end_time":1674705779000},{"heart_rate":71,"heart_rate_max":74,"heart_rate_min":69,"start_time":1674705660000,"end_time":1674705719000},{"heart_rate":71,"heart_rate_max":75,"heart_rate_min":70,"start_time":1674705600000,"end_time":1674705659000}]