[{"heart_rate":77,"heart_rate_max":82,"heart_rate_min":74,"start_time":1674601140000,"end_time":1674601199000},{"heart_rate":76,"heart_rate_max":82,"heart_rate_min":72,"start_time":1674601080000,"end_time":1674601139000},{"heart_rate":74,"heart_rate_max":77,"heart_rate_min":71,"start_time":1674601020000,"end_time":1674601079000},{"heart_rate":76,"heart_rate_max":81,"heart_rate_min":73,"start_time":1674600960000,"end_time":1674601019000},{"heart_rate":77,"heart_rate_max":80,"heart_rate_min":76,"start_time":1674600900000,"end_time":1674600959000},{"heart_rate":82,"heart_rate_max":86,"heart_rate_min":78,"start_time":1674600840000,"end_time":1674600899000},{"heart_rate":79,"heart_rate_max":84,"heart_rate_min":76,"start_time":1674600780000,"end_time":1674600839000},{"heart_rate":77,"heart_rate_max":83,"heart_rate_min":73,"start_time":1674600720000,"end_time":1674600779000},{"heart_rate":82,"heart_rate_max":88,"heart_rate_min":75,"start_time":1674600660000,"end_time":1674600719000},{"heart_rate":79,"heart_rate_max":86,"heart_rate_min":75,"start_time":1674600600000,"end_time":1674600659000},{"heart_rate":77,"heart_rate_max":80,"heart_rate_min":76,"start_time":1674600540000,"end_time":1674600599000},{"heart_rate":75,"heart_rate_max":81,"heart_rate_min":70,"start_time":1674600480000,"end_time":1674600539000},{"heart_rate":82,"heart_rate_max":95,"heart_rate_min":72,"start_time":1674600420000,"end_time":1674600479000},{"heart_rate":82,"heart_rate_max":95,"heart_rate_min":79,"start_time":1674600360000,"end_time":1674600419000},{"heart_rate":76,"heart_rate_max":82,"heart_rate_min":75,"start_time":1674600300000,"end_time":1674600359000},{"heart_rate":81,"heart_rate_max":88,"heart_rate_min":76,"start_time":1674600240000,"end_time":1674600299000},{"heart_rate":82,"heart_rate_max":87,"heart_rate_min":79,"start_time":1674600180000,"end_time":1674600239000},{"heart_rate":85,"heart_rate_max":91,"heart_rate_min":80,"start_time":1674600120000,"end_time":1674600179000},{"heart_rate":80,"heart_rate_max":90,"heart_rate_min":74,"start_time":1674600060000,"end_time":1674600119000},{"heart_rate":81,"heart_rate_max":84,"heart_rate_min":79,"start_time":1674600000000,"end_time":1674600059000},{"heart_rate":83,"heart_rate_max":88,"heart_rate_min":78,"start_time":1674599940000,"end_time":1674599999000},{"heart_rate":84,"heart_rate_max":95,"heart_rate_min":78,"start_time":1674599880000,"end_time":1674599939000},{"heart_rate":81,"heart_rate_max":85,"heart_rate_min":79,"start_time":1674599820000,"end_time":1674599879000},{"heart_rate":78,"heart_rate_max":85,"heart_rate_min":76,"start_time":1674599760000,"end_time":1674599819000},{"heart_rate":79,"heart_rate_max":84,"heart_rate_min":73,"start_time":1674599700000,"end_time":1674599759000},{"heart_rate":79,"heart_rate_max":87,"heart_rate_min":76,"start_time":1674599640000,"end_time":1674599699000},{"heart_rate":78,"heart_rate_max":82,"heart_rate_min":73,"start_time":1674599580000,"end_time":1674599639000},{"heart_rate":75,"heart_rate_max":83,"heart_rate_min":71,"start_time":1674599520000,"end_time":1674599579000},{"heart_rate":83,"heart_rate_max":90,"heart_rate_min":78,"start_time":1674599460000,"end_time":1674599519000},{"heart_rate":76,"heart_rate_max":81,"heart_rate_min":75,"start_time":1674599400000,"end_time":1674599459000},{"heart_rate":77,"heart_rate_max":80,"heart_rate_min":75,"start_time":1674599340000,"end_time":1674599399000},{"heart_rate":78,"heart_rate_max":89,"heart_rate_min":74,"start_time":1674599280000,"end_time":1674599339000},{"heart_rate":80,"heart_rate_max":87,"heart_rate_min":75,"start_time":1674599220000,"end_time":1674599279000},{"heart_rate":79,"heart_rate_max":83,"heart_rate_min":76,"start_time":1674599160000,"end_time":1674599219000},{"heart_rate":81,"heart_rate_max":84,"heart_rate_min":79,"start_time":1674599100000,"end_time":1674599159000},{"heart_rate":78,"heart_rate_max":80,"heart_rate_min":78,"start_time":1674599040000,"end_time":1674599099000},{"heart_rate":79,"heart_rate_max":83,"heart_rate_min":78,"start_time":1674598980000,"end_time":1674599039000},{"heart_rate":82,"heart_rate_max":85,"heart_rate_min":80,"start_time":1674598920000,"end_time":1674598979000},{"heart_rate":83,"heart_rate_max":91,"heart_rate_min":79,"start_time":1674598860000,"end_time":1674598919000},{"heart_rate":84,"heart_rate_max":91,"heart_rate_min":80,"start_time":1674598800000,"end_time":1674598859000},{"heart_rate":88,"heart_rate_max":94,"heart_rate_min":86,"start_time":1674598740000,"end_time":1674598799000},{"heart_rate":89,"heart_rate_max":93,"heart_rate_min":86,"start_time":1674598680000,"end_time":1674598739000},{"heart_rate":87,"heart_rate_max":93,"heart_rate_min":82,"start_time":1674598620000,"end_time":1674598679000},{"heart_rate":83,"heart_rate_max":87,"heart_rate_min":77,"start_time":1674598560000,"end_time":1674598619000},{"heart_rate":84,"heart_rate_max":90,"heart_rate_min":81,"start_time":1674598500000,"end_time":1674598559000},{"heart_rate":77,"heart_rate_max":82,"heart_rate_min":74,"start_time":1674598440000,"end_time":1674598499000},{"heart_rate":77,"heart_rate_max":85,"heart_rate_min":73,"start_time":1674598380000,"end_time":1674598439000},{"heart_rate":85,"heart_rate_max":91,"heart_rate_min":74,"start_time":1674598320000,"end_time":1674598379000},{"heart_rate":90,"heart_rate_max":90,"heart_rate_min":90,"start_time":1674598260000,"end_time":1674598319000},{"heart_rate":84,"heart_rate_max":92,"heart_rate_min":81,"start_time":1674598200000,"end_time":1674598259000},{"heart_rate":83,"heart_rate_max":88,"heart_rate_min":80,"start_time":1674598140000,"end_time":1674598199000},{"heart_rate":86,"heart_rate_max":91,"heart_rate_min":80,"start_time":1674598080000,"end_time":1674598139000},{"heart_rate":80,"heart_rate_max":84,"heart_rate_min":78,"start_time":1674598020000,"end_time":1674598079000},{"heart_rate":82,"heart_rate_max":86,"heart_rate_min":76,"start_time":1674597960000,"end_time":1674598019000},{"heart_rate":87,"heart_rate_max":93,"heart_rate_min":83,"start_time":1674597900000,"end_time":1674597959000},{"heart_rate":92,"heart_rate_max":94,"heart_rate_min":89,"start_time":1674597840000,"end_time":1674597899000},{"heart_rate":88,"heart_rate_max":94,"heart_rate_min":86,"start_time":1674597780000,"end_time":1674597839000},{"heart_rate":93,"heart_rate_max":98,"heart_rate_min":90,"start_time":1674597720000,"end_time":1674597779000},{"heart_rate":92,"heart_rate_max":97,"heart_rate_min":88,"start_time":1674597660000,"end_time":1674597719000},{"heart_rate":88,"heart_rate_max":96,"heart_rate_min":82,"start_time":1674597600000,"end_time":1674597659000}]