[{"heart_rate":71,"heart_rate_max":75,"heart_rate_min":65,"start_time":1674741540000,"end_time":1674741599000},{"heart_rate":71,"heart_rate_max":78,"heart_rate_min":60,"start_time":1674741480000,"end_time":1674741539000},{"heart_rate":75,"heart_rate_max":79,"heart_rate_min":71,"start_time":1674741420000,"end_time":1674741479000},{"heart_rate":69,"heart_rate_max":76,"heart_rate_min":60,"start_time":1674741360000,"end_time":1674741419000},{"heart_rate":70,"heart_rate_max":76,"heart_rate_min":60,"start_time":1674741300000,"end_time":1674741359000},{"heart_rate":69,"heart_rate_max":83,"heart_rate_min":61,"start_time":1674741240000,"end_time":1674741299000},{"heart_rate":74,"heart_rate_max":82,"heart_rate_min":69,"start_time":1674741180000,"end_time":1674741239000},{"heart_rate":68,"heart_rate_max":75,"heart_rate_min":60,"start_time":1674741120000,"end_time":1674741179000},{"heart_rate":71,"heart_rate_max":77,"heart_rate_min":67,"start_time":1674741060000,"end_time":1674741119000},{"heart_rate":70,"heart_rate_max":81,"heart_rate_min":59,"start_time":1674741000000,"end_time":1674741059000},{"heart_rate":73,"heart_rate_max":77,"heart_rate_min":68,"start_time":1674740940000,"end_time":1674740999000},{"heart_rate":72,"heart_rate_max":85,"heart_rate_min":61,"start_time":1674740880000,"end_time":1674740939000},{"heart_rate":70,"heart_rate_max":84,"heart_rate_min":55,"start_time":1674740820000,"end_time":1674740879000},{"heart_rate":72,"heart_rate_max":82,"heart_rate_min":64,"start_time":1674740760000,"end_time":1674740819000},{"heart_rate":66,"heart_rate_max":74,"heart_rate_min":54,"start_time":1674740700000,"end_time":1674740759000},{"heart_rate":67,"heart_rate_max":83,"heart_rate_min":55,"start_time":1674740640000,"end_time":1674740699000},{"heart_rate":75,"heart_rate_max":84,"heart_rate_min":69,"start_time":1674740580000,"end_time":1674740639000},{"heart_rate":68,"heart_rate_max":73,"heart_rate_min":64,"start_time":1674740520000,"end_time":1674740579000},{"heart_rate":63,"heart_rate_max":66,"heart_rate_min":58,"start_time":1674740460000,"end_time":1674740519000},{"heart_rate":68,"heart_rate_max":75,"heart_rate_min":61,"start_time":1674740400000,"end_time":1674740459000},{"heart_rate":66,"heart_rate_max":72,"heart_rate_min":63,"start_time":1674740340000,"end_time":1674740399000},{"heart_rate":61,"heart_rate_max":70,"heart_rate_min":57,"start_time":1674740280000,"end_time":1674740339000},{"heart_rate":64,"heart_rate_max":70,"heart_rate_min":58,"start_time":1674740220000,"end_time":1674740279000},{"heart_rate":66,"heart_rate_max":69,"heart_rate_min":61,"start_time":1674740160000,"end_time":1674740219000},{"heart_rate":64,"heart_rate_max":69,"heart_rate_min":61,"start_time":1674740100000,"end_time":1674740159000},{"heart_rate":72,"heart_rate_max":77,"heart_rate_min":69,"start_time":1674740040000,"end_time":1674740099000},{"heart_rate":70,"heart_rate_max":76,"heart_rate_min":67,"start_time":1674739980000,"end_time":1674740039000},{"heart_rate":69,"heart_rate_max":77,"heart_rate_min":64,"start_time":1674739920000,"end_time":1674739979000},{"heart_rate":67,"heart_rate_max":77,"heart_rate_min":55,"start_time":1674739860000,"end_time":1674739919000},{"heart_rate":74,"heart_rate_max":78,"heart_rate_min":65,"start_time":1674739800000,"end_time":1674739859000},{"heart_rate":75,"heart_rate_max":79,"heart_rate_min":72,"start_time":1674739740000,"end_time":1674739799000},{"heart_rate":76,"heart_rate_max":80,"heart_rate_min":74,"start_time":1674739680000,"end_time":1674739739000},{"heart_rate":74,"heart_rate_max":79,"heart_rate_min":72,"start_time":1674739620000,"end_time":1674739679000},{"heart_rate":75,"heart_rate_max":78,"heart_rate_min":72,"start_time":1674739560000,"end_time":1674739619000},{"heart_rate":74,"heart_rate_max":79,"heart_rate_min":65,"start_time":1674739500000,"end_time":1674739559000},{"heart_rate":75,"heart_rate_max":79,"heart_rate_min":73,"start_time":1674739440000,"end_time":1674739499000},{"heart_rate":74,"heart_rate_max":78,"heart_rate_min":66,"start_time":1674739380000,"end_time":1674739439000},{"heart_rate":76,"heart_rate_max":79,"heart_rate_min":65,"start_time":1674739320000,"end_time":1674739379000},{"heart_rate":74,"heart_rate_max":79,"heart_rate_min":72,"start_time":1674739260000,"end_time":1674739319000},{"heart_rate":76,"heart_rate_max":80,"heart_rate_min":72,"start_time":1674739200000,"end_time":1674739259000},{"heart_rate":77,"heart_rate_max":79,"heart_rate_min":74,"start_time":1674739140000,"end_time":1674739199000},{"heart_rate":73,"heart_rate_max":77,"heart_rate_min":65,"start_time":1674739080000,"end_time":1674739139000},{"heart_rate":76,"heart_rate_max":79,"heart_rate_min":74,"start_time":1674739020000,"end_time":1674739079000},{"heart_rate":75,"heart_rate_max":77,"heart_rate_min":74,"start_time":1674738960000,"end_time":1674739019000},{"heart_rate":74,"heart_rate_max":76,"heart_rate_min":72,"start_time":1674738900000,"end_time":1674738959000},{"heart_rate":72,"heart_rate_max":76,"heart_rate_min":65,"start_time":1674738840000,"end_time":1674738899000},{"heart_rate":73,"heart_rate_max":76,"heart_rate_min":60,"start_time":1674738780000,"end_time":1674738839000},{"heart_rate":72,"heart_rate_max":78,"heart_rate_min":61,"start_time":1674738720000,"end_time":1674738779000},{"heart_rate":70,"heart_rate_max":76,"heart_rate_min":60,"start_time":1674738660000,"end_time":1674738719000},{"heart_rate":71,"heart_rate_max":77,"heart_rate_min":60,"start_time":1674738600000,"end_time":1674738659000},{"heart_rate":69,"heart_rate_max":75,"heart_rate_min":60,"start_time":1674738540000,"end_time":1674738599000},{"heart_rate":73,"heart_rate_max":76,"heart_rate_min":70,"start_time":1674738480000,"end_time":1674738539000},{"heart_rate":72,"heart_rate_max":77,"heart_rate_min":65,"start_time":1674738420000,"end_time":1674738479000},{"heart_rate":71,"heart_rate_max":77,"heart_rate_min":60,"start_time":1674738360000,"end_time":1674738419000},{"heart_rate":73,"heart_rate_max":76,"heart_rate_min":72,"start_time":1674738300000,"end_time":1674738359000},{"heart_rate":73,"heart_rate_max":75,"heart_rate_min":71,"start_time":1674738240000,"end_time":1674738299000},{"heart_rate":70,"heart_rate_max":74,"heart_rate_min":60,"start_time":1674738180000,"end_time":1674738239000},{"heart_rate":71,"heart_rate_max":79,"heart_rate_min":61,"start_time":1674738120000,"end_time":1674738179000},{"heart_rate":71,"heart_rate_max":75,"heart_rate_min":59,"start_time":1674738060000,"end_time":1674738119000},{"heart_rate":72,"heart_rate_max":77,"heart_rate_min":68,"start_time":1674738000000,"end_time":1674738059000}]