[{"heart_rate":74,"heart_rate_max":79,"heart_rate_min":70,"start_time":1674655140000,"end_time":1674655199000},{"heart_rate":74,"heart_rate_max":80,"heart_rate_min":59,"start_time":1674655080000,"end_time":1674655139000},{"heart_rate":68,"heart_rate_max":77,"heart_rate_min":60,"start_time":1674655020000,"end_time":1674655079000},{"heart_rate":78,"heart_rate_max":85,"heart_rate_min":65,"start_time":1674654960000,"end_time":1674655019000},{"heart_rate":75,"heart_rate_max":81,"heart_rate_min":65,"start_time":1674654900000,"end_time":1674654959000},{"heart_rate":76,"heart_rate_max":81,"heart_rate_min":72,"start_time":1674654840000,"end_time":1674654899000},{"heart_rate":76,"heart_rate_max":78,"heart_rate_min":66,"start_time":1674654780000,"end_time":1674654839000},{"heart_rate":74,"heart_rate_max":79,"heart_rate_min":65,"start_time":1674654720000,"end_time":1674654779000},{"heart_rate":77,"heart_rate_max":79,"heart_rate_min":75,"start_time":1674654660000,"end_time":1674654719000},{"heart_rate":70,"heart_rate_max":75,"heart_rate_min":62,"start_time":1674654600000,"end_time":1674654659000},{"heart_rate":79,"heart_rate_max":85,"heart_rate_min":59,"start_time":1674654540000,"end_time":1674654599000},{"heart_rate":79,"heart_rate_max":83,"heart_rate_min":76,"start_time":1674654480000,"end_time":1674654539000},{"heart_rate":79,"heart_rate_max":82,"heart_rate_min":76,"start_time":1674654420000,"end_time":1674654479000},{"heart_rate":79,"heart_rate_max":83,"heart_rate_min":78,"start_time":1674654360000,"end_time":1674654419000},{"heart_rate":79,"heart_rate_max":82,"heart_rate_min":68,"start_time":1674654300000,"end_time":1674654359000},{"heart_rate":79,"heart_rate_max":84,"heart_rate_min":65,"start_time":1674654240000,"end_time":1674654299000},{"heart_rate":79,"heart_rate_max":81,"heart_rate_min":78,"start_time":1674654180000,"end_time":1674654239000},{"heart_rate":79,"heart_rate_max":81,"heart_rate_min":77,"start_time":1674654120000,"end_time":1674654179000},{"heart_rate":77,"heart_rate_max":82,"heart_rate_min":70,"start_time":1674654060000,"end_time":1674654119000},{"heart_rate":77,"heart_rate_max":82,"heart_rate_min":70,"start_time":1674654000000,"end_time":1674654059000},{"heart_rate":79,"heart_rate_max":81,"heart_rate_min":78,"start_time":1674653940000,"end_time":1674653999000},{"heart_rate":79,"heart_rate_max":82,"heart_rate_min":77,"start_time":1674653880000,"end_time":1674653939000},{"heart_rate":78,"heart_rate_max":83,"heart_rate_min":70,"start_time":1674653820000,"end_time":1674653879000},{"heart_rate":78,"heart_rate_max":80,"heart_rate_min":70,"start_time":1674653760000,"end_time":1674653819000},{"heart_rate":77,"heart_rate_max":81,"heart_rate_min":70,"start_time":1674653700000,"end_time":1674653759000},{"heart_rate":77,"heart_rate_max":80,"heart_rate_min":75,"start_time":1674653640000,"end_time":1674653699000},{"heart_rate":75,"heart_rate_max":80,"heart_rate_min":66,"start_time":1674653580000,"end_time":1674653639000},{"heart_rate":76,"heart_rate_max":81,"heart_rate_min":70,"start_time":1674653520000,"end_time":1674653579000},{"heart_rate":76,"heart_rate_max":80,"heart_rate_min":64,"start_time":1674653460000,"end_time":1674653519000},{"heart_rate":77,"heart_rate_max":79,"heart_rate_min":76,"start_time":1674653400000,"end_time":1674653459000},{"heart_rate":75,"heart_rate_max":79,"heart_rate_min":64,"start_time":1674653340000,"end_time":1674653399000},{"heart_rate":76,"heart_rate_max":80,"heart_rate_min":70,"start_time":1674653280000,"end_time":1674653339000},{"heart_rate":76,"heart_rate_max":80,"heart_rate_min":74,"start_time":1674653220000,"end_time":1674653279000},{"heart_rate":74,"heart_rate_max":78,"heart_rate_min":66,"start_time":1674653160000,"end_time":1674653219000},{"heart_rate":74,"heart_rate_max":78,"heart_rate_min":65,"start_time":1674653100000,"end_time":1674653159000},{"heart_rate":71,"heart_rate_max":77,"heart_rate_min":60,"start_time":1674653040000,"end_time":1674653099000},{"heart_rate":73,"heart_rate_max":77,"heart_rate_min":70,"start_time":1674652980000,"end_time":1674653039000},{"heart_rate":75,"heart_rate_max":79,"heart_rate_min":73,"start_time":1674652920000,"end_time":1674652979000},{"heart_rate":74,"heart_rate_max":77,"heart_rate_min":65,"start_time":1674652860000,"end_time":1674652919000},{"heart_rate":72,"heart_rate_max":77,"heart_rate_min":65,"start_time":1674652800000,"end_time":1674652859000},{"heart_rate":73,"heart_rate_max":77,"heart_rate_min":67,"start_time":1674652740000,"end_time":1674652799000},{"heart_rate":71,"heart_rate_max":75,"heart_rate_min":60,"start_time":1674652680000,"end_time":1674652739000},{"heart_rate":71,"heart_rate_max":74,"heart_rate_min":68,"start_time":1674652620000,"end_time":1674652679000},{"heart_rate":70,"heart_rate_max":74,"heart_rate_min":60,"start_time":1674652560000,"end_time":1674652619000},{"heart_rate":71,"heart_rate_max":74,"heart_rate_min":69,"start_time":1674652500000,"end_time":1674652559000},{"heart_rate":69,"heart_rate_max":75,"heart_rate_min":60,"start_time":1674652440000,"end_time":1674652499000},{"heart_rate":67,"heart_rate_max":75,"heart_rate_min":60,"start_time":1674652380000,"end_time":1674652439000},{"heart_rate":67,"heart_rate_max":74,"heart_rate_min":60,"start_time":1674652320000,"end_time":1674652379000},{"heart_rate":67,"heart_rate_max":71,"heart_rate_min":60,"start_time":1674652260000,"end_time":1674652319000},{"heart_rate":66,"heart_rate_max":71,"heart_rate_min":55,"start_time":1674652200000,"end_time":1674652259000},{"heart_rate":64,"heart_rate_max":70,"heart_rate_min":55,"start_time":1674652140000,"end_time":1674652199000},{"heart_rate":64,"heart_rate_max":69,"heart_rate_min":56,"start_time":1674652080000,"end_time":1674652139000},{"heart_rate":66,"heart_rate_max":88,"heart_rate_min":59,"start_time":1674652020000,"end_time":1674652079000},{"heart_rate":69,"heart_rate_max":79,"heart_rate_min":55,"start_time":1674651960000,"end_time":1674652019000},{"heart_rate":66,"heart_rate_max":75,"heart_rate_min":54,"start_time":1674651900000,"end_time":1674651959000},{"heart_rate":70,"heart_rate_max":77,"heart_rate_min":63,"start_time":1674651840000,"end_time":1674651899000},{"heart_rate":68,"heart_rate_max":75,"heart_rate_min":59,"start_time":1674651780000,"end_time":1674651839000},{"heart_rate":65,"heart_rate_max":74,"heart_rate_min":55,"start_time":1674651720000,"end_time":1674651779000},{"heart_rate":73,"heart_rate_max":80,"heart_rate_min":65,"start_time":1674651660000,"end_time":1674651719000},{"heart_rate":70,"heart_rate_max":80,"heart_rate_min":67,"start_time":1674651600000,"end_time":1674651659000}]