[{"heart_rate":95,"heart_rate_max":98,"heart_rate_min":91,"start_time":1674611940000,"end_time":1674611999000},{"heart_rate":91,"heart_rate_max":94,"heart_rate_min":87,"start_time":1674611880000,"end_time":1674611939000},{"heart_rate":94,"heart_rate_max":100,"heart_rate_min":89,"start_time":1674611820000,"end_time":1674611879000},{"heart_rate":94,"heart_rate_max":100,"heart_rate_min":90,"start_time":1674611760000,"end_time":1674611819000},{"heart_rate":93,"heart_rate_max":99,"heart_rate_min":87,"start_time":1674611700000,"end_time":1674611759000},{"heart_rate":93,"heart_rate_max":99,"heart_rate_min":89,"start_time":1674611640000,"end_time":1674611699000},{"heart_rate":93,"heart_rate_max":96,"heart_rate_min":90,"start_time":1674611580000,"end_time":1674611639000},{"heart_rate":90,"heart_rate_max":96,"heart_rate_min":86,"start_time":1674611520000,"end_time":1674611579000},{"heart_rate":91,"heart_rate_max":99,"heart_rate_min":88,"start_time":1674611460000,"end_time":1674611519000},{"heart_rate":90,"heart_rate_max":93,"heart_rate_min":89,"start_time":1674611400000,"end_time":1674611459000},{"heart_rate":91,"heart_rate_max":94,"heart_rate_min":88,"start_time":1674611340000,"end_time":1674611399000},{"heart_rate":93,"heart_rate_max":98,"heart_rate_min":91,"start_time":1674611280000,"end_time":1674611339000},{"heart_rate":94,"heart_rate_max":96,"heart_rate_min":93,"start_time":1674611220000,"end_time":1674611279000},{"heart_rate":88,"heart_rate_max":94,"heart_rate_min":84,"start_time":1674611160000,"end_time":1674611219000},{"heart_rate":82,"heart_rate_max":89,"heart_rate_min":77,"start_time":1674611100000,"end_time":1674611159000},{"heart_rate":78,"heart_rate_max":84,"heart_rate_min":74,"start_time":1674611040000,"end_time":1674611099000},{"heart_rate":80,"heart_rate_max":83,"heart_rate_min":80,"start_time":1674610980000,"end_time":1674611039000},{"heart_rate":92,"heart_rate_max":94,"heart_rate_min":90,"start_time":1674610740000,"end_time":1674610799000},{"heart_rate":93,"heart_rate_max":95,"heart_rate_min":92,"start_time":1674610680000,"end_time":1674610739000},{"heart_rate":93,"heart_rate_max":94,"heart_rate_min":93,"start_time":1674610620000,"end_time":1674610679000},{"heart_rate":86,"heart_rate_max":89,"heart_rate_min":84,"start_time":1674610500000,"end_time":1674610559000},{"heart_rate":93,"heart_rate_max":96,"heart_rate_min":92,"start_time":1674610440000,"end_time":1674610499000},{"heart_rate":87,"heart_rate_max":91,"heart_rate_min":84,"start_time":1674610380000,"end_time":1674610439000},{"heart_rate":81,"heart_rate_max":83,"heart_rate_min":78,"start_time":1674610320000,"end_time":1674610379000},{"heart_rate":82,"heart_rate_max":90,"heart_rate_min":74,"start_time":1674610260000,"end_time":1674610319000},{"heart_rate":89,"heart_rate_max":93,"heart_rate_min":86,"start_time":1674610200000,"end_time":1674610259000},{"heart_rate":92,"heart_rate_max":96,"heart_rate_min":91,"start_time":1674610140000,"end_time":1674610199000},{"heart_rate":89,"heart_rate_max":92,"heart_rate_min":86,"start_time":1674610080000,"end_time":1674610139000},{"heart_rate":80,"heart_rate_max":85,"heart_rate_min":77,"start_time":1674610020000,"end_time":1674610079000},{"heart_rate":86,"heart_rate_max":92,"heart_rate_min":82,"start_time":1674609960000,"end_time":1674610019000},{"heart_rate":89,"heart_rate_max":96,"heart_rate_min":85,"start_time":1674609900000,"end_time":1674609959000},{"heart_rate":97,"heart_rate_max":100,"heart_rate_min":96,"start_time":1674609840000,"end_time":1674609899000},{"heart_rate":80,"heart_rate_max":90,"heart_rate_min":75,"start_time":1674609780000,"end_time":1674609839000},{"heart_rate":79,"heart_rate_max":83,"heart_rate_min":76,"start_time":1674609720000,"end_time":1674609779000}]