[{"heart_rate":87,"heart_rate_max":92,"heart_rate_min":84,"start_time":1674597540000,"end_time":1674597599000},{"heart_rate":86,"heart_rate_max":92,"heart_rate_min":82,"start_time":1674597480000,"end_time":1674597539000},{"heart_rate":85,"heart_rate_max":88,"heart_rate_min":84,"start_time":1674597420000,"end_time":1674597479000},{"heart_rate":84,"heart_rate_max":87,"heart_rate_min":81,"start_time":1674597360000,"end_time":1674597419000},{"heart_rate":83,"heart_rate_max":85,"heart_rate_min":82,"start_time":1674597300000,"end_time":1674597359000},{"heart_rate":85,"heart_rate_max":89,"heart_rate_min":82,"start_time":1674597240000,"end_time":1674597299000},{"heart_rate":84,"heart_rate_max":88,"heart_rate_min":80,"start_time":1674597180000,"end_time":1674597239000},{"heart_rate":81,"heart_rate_max":84,"heart_rate_min":79,"start_time":1674597120000,"end_time":1674597179000},{"heart_rate":78,"heart_rate_max":81,"heart_rate_min":75,"start_time":1674597060000,"end_time":1674597119000},{"heart_rate":84,"heart_rate_max":89,"heart_rate_min":82,"start_time":1674597000000,"end_time":1674597059000},{"heart_rate":87,"heart_rate_max":92,"heart_rate_min":86,"start_time":1674596940000,"end_time":1674596999000},{"heart_rate":84,"heart_rate_max":87,"heart_rate_min":83,"start_time":1674596880000,"end_time":1674596939000},{"heart_rate":85,"heart_rate_max":88,"heart_rate_min":83,"start_time":1674596820000,"end_time":1674596879000},{"heart_rate":84,"heart_rate_max":87,"heart_rate_min":83,"start_time":1674596760000,"end_time":1674596819000},{"heart_rate":83,"heart_rate_max":85,"heart_rate_min":81,"start_time":1674596700000,"end_time":1674596759000},{"heart_rate":85,"heart_rate_max":96,"heart_rate_min":77,"start_time":1674596640000,"end_time":1674596699000},{"heart_rate":88,"heart_rate_max":91,"heart_rate_min":81,"start_time":1674596580000,"end_time":1674596639000},{"heart_rate":90,"heart_rate_max":94,"heart_rate_min":89,"start_time":1674596520000,"end_time":1674596579000},{"heart_rate":89,"heart_rate_max":91,"heart_rate_min":88,"start_time":1674596460000,"end_time":1674596519000},{"heart_rate":90,"heart_rate_max":96,"heart_rate_min":86,"start_time":1674596400000,"end_time":1674596459000},{"heart_rate":89,"heart_rate_max":92,"heart_rate_min":86,"start_time":1674596340000,"end_time":1674596399000},{"heart_rate":89,"heart_rate_max":91,"heart_rate_min":87,"start_time":1674596280000,"end_time":1674596339000},{"heart_rate":86,"heart_rate_max":90,"heart_rate_min":84,"start_time":1674596220000,"end_time":1674596279000},{"heart_rate":89,"heart_rate_max":95,"heart_rate_min":85,"start_time":1674596160000,"end_time":1674596219000},{"heart_rate":92,"heart_rate_max":96,"heart_rate_min":90,"start_time":1674596100000,"end_time":1674596159000},{"heart_rate":89,"heart_rate_max":94,"heart_rate_min":85,"start_time":1674596040000,"end_time":1674596099000},{"heart_rate":92,"heart_rate_max":103,"heart_rate_min":89,"start_time":1674595980000,"end_time":1674596039000},{"heart_rate":93,"heart_rate_max":100,"heart_rate_min":87,"start_time":1674595920000,"end_time":1674595979000},{"heart_rate":93,"heart_rate_max":98,"heart_rate_min":89,"start_time":1674595860000,"end_time":1674595919000},{"heart_rate":95,"heart_rate_max":103,"heart_rate_min":92,"start_time":1674595800000,"end_time":1674595859000},{"heart_rate":94,"heart_rate_max":97,"heart_rate_min":92,"start_time":1674595740000,"end_time":1674595799000},{"heart_rate":92,"heart_rate_max":97,"heart_rate_min":89,"start_time":1674595680000,"end_time":1674595739000},{"heart_rate":91,"heart_rate_max":96,"heart_rate_min":89,"start_time":1674595620000,"end_time":1674595679000},{"heart_rate":91,"heart_rate_max":96,"heart_rate_min":88,"start_time":1674595560000,"end_time":1674595619000},{"heart_rate":92,"heart_rate_max":99,"heart_rate_min":89,"start_time":1674595500000,"end_time":1674595559000},{"heart_rate":94,"heart_rate_max":101,"heart_rate_min":91,"start_time":1674595440000,"end_time":1674595499000},{"heart_rate":94,"heart_rate_max":97,"heart_rate_min":92,"start_time":1674595380000,"end_time":1674595439000},{"heart_rate":93,"heart_rate_max":93,"heart_rate_min":93,"start_time":1674595320000,"end_time":1674595379000},{"heart_rate":88,"heart_rate_max":91,"heart_rate_min":85,"start_time":1674595260000,"end_time":1674595319000},{"heart_rate":86,"heart_rate_max":88,"heart_rate_min":86,"start_time":1674595200000,"end_time":1674595259000},{"heart_rate":86,"heart_rate_max":90,"heart_rate_min":83,"start_time":1674595140000,"end_time":1674595199000},{"heart_rate":80,"heart_rate_max":85,"heart_rate_min":78,"start_time":1674595080000,"end_time":1674595139000},{"heart_rate":84,"heart_rate_max":90,"heart_rate_min":80,"start_time":1674595020000,"end_time":1674595079000},{"heart_rate":72,"heart_rate_max":86,"heart_rate_min":69,"start_time":1674594960000,"end_time":1674595019000},{"heart_rate":79,"heart_rate_max":90,"heart_rate_min":70,"start_time":1674594900000,"end_time":1674594959000},{"heart_rate":78,"heart_rate_max":89,"heart_rate_min":75,"start_time":1674594840000,"end_time":1674594899000},{"heart_rate":76,"heart_rate_max":81,"heart_rate_min":71,"start_time":1674594780000,"end_time":1674594839000},{"heart_rate":79,"heart_rate_max":85,"heart_rate_min":72,"start_time":1674594720000,"end_time":1674594779000},{"heart_rate":82,"heart_rate_max":90,"heart_rate_min":78,"start_time":1674594660000,"end_time":1674594719000},{"heart_rate":78,"heart_rate_max":85,"heart_rate_min":73,"start_time":1674594600000,"end_time":1674594659000},{"heart_rate":80,"heart_rate_max":86,"heart_rate_min":75,"start_time":1674594540000,"end_time":1674594599000},{"heart_rate":84,"heart_rate_max":90,"heart_rate_min":70,"start_time":1674594480000,"end_time":1674594539000},{"heart_rate":73,"heart_rate_max":79,"heart_rate_min":70,"start_time":1674594420000,"end_time":1674594479000},{"heart_rate":82,"heart_rate_max":86,"heart_rate_min":78,"start_time":1674594360000,"end_time":1674594419000},{"heart_rate":76,"heart_rate_max":79,"heart_rate_min":75,"start_time":1674594300000,"end_time":1674594359000},{"heart_rate":79,"heart_rate_max":83,"heart_rate_min":73,"start_time":1674594240000,"end_time":1674594299000},{"heart_rate":74,"heart_rate_max":80,"heart_rate_min":71,"start_time":1674594180000,"end_time":1674594239000},{"heart_rate":76,"heart_rate_max":81,"heart_rate_min":71,"start_time":1674594120000,"end_time":1674594179000},{"heart_rate":78,"heart_rate_max":81,"heart_rate_min":75,"start_time":1674594060000,"end_time":1674594119000},{"heart_rate":84,"heart_rate_max":90,"heart_rate_min":79,"start_time":1674594000000,"end_time":1674594059000}]