[{"heart_rate":86,"heart_rate_max":87,"heart_rate_min":86,"start_time":1674606000000,"end_time":1674606059000},{"heart_rate":97,"heart_rate_max":104,"heart_rate_min":88,"start_time":1674605940000,"end_time":1674605999000},{"heart_rate":95,"heart_rate_max":101,"heart_rate_min":88,"start_time":1674605880000,"end_time":1674605939000},{"heart_rate":90,"heart_rate_max":96,"heart_rate_min":88,"start_time":1674605820000,"end_time":1674605879000},{"heart_rate":88,"heart_rate_max":96,"heart_rate_min":78,"start_time":1674605760000,"end_time":1674605819000},{"heart_rate":77,"heart_rate_max":81,"heart_rate_min":69,"start_time":1674605700000,"end_time":1674605759000},{"heart_rate":66,"heart_rate_max":74,"heart_rate_min":61,"start_time":1674605640000,"end_time":1674605699000},{"heart_rate":67,"heart_rate_max":76,"heart_rate_min":57,"start_time":1674605580000,"end_time":1674605639000},{"heart_rate":81,"heart_rate_max":84,"heart_rate_min":79,"start_time":1674605520000,"end_time":1674605579000},{"heart_rate":93,"heart_rate_max":93,"heart_rate_min":93,"start_time":1674605280000,"end_time":1674605339000},{"heart_rate":88,"heart_rate_max":89,"heart_rate_min":87,"start_time":1674605220000,"end_time":1674605279000},{"heart_rate":81,"heart_rate_max":88,"heart_rate_min":77,"start_time":1674605160000,"end_time":1674605219000},{"heart_rate":80,"heart_rate_max":87,"heart_rate_min":75,"start_time":1674605100000,"end_time":1674605159000},{"heart_rate":86,"heart_rate_max":89,"heart_rate_min":84,"start_time":1674605040000,"end_time":1674605099000},{"heart_rate":90,"heart_rate_max":93,"heart_rate_min":88,"start_time":1674604980000,"end_time":1674605039000},{"heart_rate":83,"heart_rate_max":92,"heart_rate_min":80,"start_time":1674604920000,"end_time":1674604979000},{"heart_rate":80,"heart_rate_max":87,"heart_rate_min":76,"start_time":1674604860000,"end_time":1674604919000},{"heart_rate":85,"heart_rate_max":92,"heart_rate_min":80,"start_time":1674604800000,"end_time":1674604859000}]