[{"heart_rate":78,"heart_rate_max":83,"heart_rate_min":75,"start_time":1674676740000,"end_time":1674676799000},{"heart_rate":79,"heart_rate_max":86,"heart_rate_min":73,"start_time":1674676680000,"end_time":1674676739000},{"heart_rate":77,"heart_rate_max":80,"heart_rate_min":74,"start_time":1674676620000,"end_time":1674676679000},{"heart_rate":79,"heart_rate_max":84,"heart_rate_min":74,"start_time":1674676560000,"end_time":1674676619000},{"heart_rate":85,"heart_rate_max":101,"heart_rate_min":78,"start_time":1674676500000,"end_time":1674676559000},{"heart_rate":72,"heart_rate_max":81,"heart_rate_min":66,"start_time":1674676440000,"end_time":1674676499000},{"heart_rate":71,"heart_rate_max":81,"heart_rate_min":66,"start_time":1674676380000,"end_time":1674676439000},{"heart_rate":77,"heart_rate_max":85,"heart_rate_min":75,"start_time":1674676320000,"end_time":1674676379000},{"heart_rate":75,"heart_rate_max":82,"heart_rate_min":71,"start_time":1674676260000,"end_time":1674676319000},{"heart_rate":84,"heart_rate_max":90,"heart_rate_min":76,"start_time":1674676200000,"end_time":1674676259000},{"heart_rate":79,"heart_rate_max":83,"heart_rate_min":75,"start_time":1674676140000,"end_time":1674676199000},{"heart_rate":75,"heart_rate_max":84,"heart_rate_min":67,"start_time":1674676080000,"end_time":1674676139000},{"heart_rate":71,"heart_rate_max":76,"heart_rate_min":66,"start_time":1674676020000,"end_time":1674676079000},{"heart_rate":78,"heart_rate_max":81,"heart_rate_min":74,"start_time":1674675960000,"end_time":1674676019000},{"heart_rate":75,"heart_rate_max":80,"heart_rate_min":72,"start_time":1674675900000,"end_time":1674675959000},{"heart_rate":75,"heart_rate_max":82,"heart_rate_min":72,"start_time":1674675840000,"end_time":1674675899000},{"heart_rate":74,"heart_rate_max":79,"heart_rate_min":70,"start_time":1674675780000,"end_time":1674675839000},{"heart_rate":74,"heart_rate_max":79,"heart_rate_min":69,"start_time":1674675720000,"end_time":1674675779000},{"heart_rate":76,"heart_rate_max":82,"heart_rate_min":70,"start_time":1674675660000,"end_time":1674675719000},{"heart_rate":76,"heart_rate_max":84,"heart_rate_min":71,"start_time":1674675600000,"end_time":1674675659000},{"heart_rate":70,"heart_rate_max":74,"heart_rate_min":68,"start_time":1674675540000,"end_time":1674675599000},{"heart_rate":79,"heart_rate_max":86,"heart_rate_min":71,"start_time":1674675480000,"end_time":1674675539000},{"heart_rate":76,"heart_rate_max":84,"heart_rate_min":73,"start_time":1674675420000,"end_time":1674675479000},{"heart_rate":80,"heart_rate_max":83,"heart_rate_min":75,"start_time":1674675360000,"end_time":1674675419000},{"heart_rate":77,"heart_rate_max":85,"heart_rate_min":73,"start_time":1674675300000,"end_time":1674675359000},{"heart_rate":82,"heart_rate_max":85,"heart_rate_min":79,"start_time":1674675240000,"end_time":1674675299000},{"heart_rate":80,"heart_rate_max":85,"heart_rate_min":77,"start_time":1674675180000,"end_time":1674675239000},{"heart_rate":85,"heart_rate_max":90,"heart_rate_min":79,"start_time":1674675120000,"end_time":1674675179000},{"heart_rate":91,"heart_rate_max":93,"heart_rate_min":88,"start_time":1674675060000,"end_time":1674675119000},{"heart_rate":83,"heart_rate_max":89,"heart_rate_min":80,"start_time":1674675000000,"end_time":1674675059000},{"heart_rate":69,"heart_rate_max":79,"heart_rate_min":62,"start_time":1674674940000,"end_time":1674674999000},{"heart_rate":62,"heart_rate_max":70,"heart_rate_min":55,"start_time":1674674880000,"end_time":1674674939000},{"heart_rate":63,"heart_rate_max":70,"heart_rate_min":55,"start_time":1674674820000,"end_time":1674674879000},{"heart_rate":61,"heart_rate_max":68,"heart_rate_min":56,"start_time":1674674760000,"end_time":1674674819000},{"heart_rate":63,"heart_rate_max":68,"heart_rate_min":54,"start_time":1674674700000,"end_time":1674674759000},{"heart_rate":60,"heart_rate_max":67,"heart_rate_min":54,"start_time":1674674640000,"end_time":1674674699000},{"heart_rate":62,"heart_rate_max":68,"heart_rate_min":59,"start_time":1674674580000,"end_time":1674674639000},{"heart_rate":65,"heart_rate_max":81,"heart_rate_min":56,"start_time":1674674520000,"end_time":1674674579000},{"heart_rate":66,"heart_rate_max":87,"heart_rate_min":54,"start_time":1674674460000,"end_time":1674674519000},{"heart_rate":58,"heart_rate_max":65,"heart_rate_min":53,"start_time":1674674400000,"end_time":1674674459000},{"heart_rate":55,"heart_rate_max":63,"heart_rate_min":50,"start_time":1674674340000,"end_time":1674674399000},{"heart_rate":55,"heart_rate_max":63,"heart_rate_min":50,"start_time":1674674280000,"end_time":1674674339000},{"heart_rate":57,"heart_rate_max":64,"heart_rate_min":51,"start_time":1674674220000,"end_time":1674674279000},{"heart_rate":53,"heart_rate_max":58,"heart_rate_min":48,"start_time":1674674160000,"end_time":1674674219000},{"heart_rate":57,"heart_rate_max":66,"heart_rate_min":53,"start_time":1674674100000,"end_time":1674674159000},{"heart_rate":60,"heart_rate_max":66,"heart_rate_min":54,"start_time":1674674040000,"end_time":1674674099000},{"heart_rate":58,"heart_rate_max":66,"heart_rate_min":53,"start_time":1674673980000,"end_time":1674674039000},{"heart_rate":60,"heart_rate_max":64,"heart_rate_min":57,"start_time":1674673920000,"end_time":1674673979000},{"heart_rate":55,"heart_rate_max":61,"heart_rate_min":52,"start_time":1674673860000,"end_time":1674673919000},{"heart_rate":50,"heart_rate_max":65,"heart_rate_min":49,"start_time":1674673800000,"end_time":1674673859000},{"heart_rate":58,"heart_rate_max":63,"heart_rate_min":54,"start_time":1674673740000,"end_time":1674673799000},{"heart_rate":55,"heart_rate_max":61,"heart_rate_min":51,"start_time":1674673680000,"end_time":1674673739000},{"heart_rate":57,"heart_rate_max":64,"heart_rate_min":52,"start_time":1674673620000,"end_time":1674673679000},{"heart_rate":58,"heart_rate_max":65,"heart_rate_min":55,"start_time":1674673560000,"end_time":1674673619000},{"heart_rate":62,"heart_rate_max":67,"heart_rate_min":59,"start_time":1674673500000,"end_time":1674673559000},{"heart_rate":60,"heart_rate_max":66,"heart_rate_min":55,"start_time":1674673440000,"end_time":1674673499000},{"heart_rate":67,"heart_rate_max":77,"heart_rate_min":62,"start_time":1674673380000,"end_time":1674673439000},{"heart_rate":63,"heart_rate_max":70,"heart_rate_min":55,"start_time":1674673320000,"end_time":1674673379000},{"heart_rate":61,"heart_rate_max":71,"heart_rate_min":54,"start_time":1674673260000,"end_time":1674673319000},{"heart_rate":61,"heart_rate_max":66,"heart_rate_min":58,"start_time":1674673200000,"end_time":1674673259000}]