[{"heart_rate":79,"heart_rate_max":85,"heart_rate_min":77,"start_time":1674712740000,"end_time":1674712799000},{"heart_rate":85,"heart_rate_max":91,"heart_rate_min":80,"start_time":1674712680000,"end_time":1674712739000},{"heart_rate":82,"heart_rate_max":86,"heart_rate_min":80,"start_time":1674712620000,"end_time":1674712679000},{"heart_rate":81,"heart_rate_max":84,"heart_rate_min":78,"start_time":1674712560000,"end_time":1674712619000},{"heart_rate":83,"heart_rate_max":88,"heart_rate_min":77,"start_time":1674712500000,"end_time":1674712559000},{"heart_rate":82,"heart_rate_max":86,"heart_rate_min":80,"start_time":1674712440000,"end_time":1674712499000},{"heart_rate":82,"heart_rate_max":86,"heart_rate_min":78,"start_time":1674712380000,"end_time":1674712439000},{"heart_rate":83,"heart_rate_max":88,"heart_rate_min":78,"start_time":1674712320000,"end_time":1674712379000},{"heart_rate":80,"heart_rate_max":83,"heart_rate_min":78,"start_time":1674712260000,"end_time":1674712319000},{"heart_rate":83,"heart_rate_max":88,"heart_rate_min":79,"start_time":1674712200000,"end_time":1674712259000},{"heart_rate":84,"heart_rate_max":86,"heart_rate_min":82,"start_time":1674712140000,"end_time":1674712199000},{"heart_rate":82,"heart_rate_max":84,"heart_rate_min":81,"start_time":1674712080000,"end_time":1674712139000},{"heart_rate":83,"heart_rate_max":87,"heart_rate_min":81,"start_time":1674712020000,"end_time":1674712079000},{"heart_rate":82,"heart_rate_max":86,"heart_rate_min":77,"start_time":1674711960000,"end_time":1674712019000},{"heart_rate":82,"heart_rate_max":86,"heart_rate_min":79,"start_time":1674711900000,"end_time":1674711959000},{"heart_rate":82,"heart_rate_max":87,"heart_rate_min":80,"start_time":1674711840000,"end_time":1674711899000},{"heart_rate":81,"heart_rate_max":87,"heart_rate_min":78,"start_time":1674711780000,"end_time":1674711839000},{"heart_rate":81,"heart_rate_max":96,"heart_rate_min":75,"start_time":1674711720000,"end_time":1674711779000},{"heart_rate":82,"heart_rate_max":89,"heart_rate_min":77,"start_time":1674711660000,"end_time":1674711719000},{"heart_rate":77,"heart_rate_max":85,"heart_rate_min":70,"start_time":1674711600000,"end_time":1674711659000},{"heart_rate":71,"heart_rate_max":81,"heart_rate_min":63,"start_time":1674711540000,"end_time":1674711599000},{"heart_rate":88,"heart_rate_max":90,"heart_rate_min":87,"start_time":1674711480000,"end_time":1674711539000},{"heart_rate":84,"heart_rate_max":95,"heart_rate_min":79,"start_time":1674711420000,"end_time":1674711479000},{"heart_rate":83,"heart_rate_max":88,"heart_rate_min":80,"start_time":1674711360000,"end_time":1674711419000},{"heart_rate":82,"heart_rate_max":86,"heart_rate_min":79,"start_time":1674711300000,"end_time":1674711359000},{"heart_rate":84,"heart_rate_max":93,"heart_rate_min":80,"start_time":1674711240000,"end_time":1674711299000},{"heart_rate":84,"heart_rate_max":88,"heart_rate_min":79,"start_time":1674711180000,"end_time":1674711239000},{"heart_rate":84,"heart_rate_max":89,"heart_rate_min":79,"start_time":1674711120000,"end_time":1674711179000},{"heart_rate":82,"heart_rate_max":85,"heart_rate_min":80,"start_time":1674711060000,"end_time":1674711119000},{"heart_rate":83,"heart_rate_max":88,"heart_rate_min":80,"start_time":1674711000000,"end_time":1674711059000},{"heart_rate":81,"heart_rate_max":86,"heart_rate_min":78,"start_time":1674710940000,"end_time":1674710999000},{"heart_rate":83,"heart_rate_max":87,"heart_rate_min":81,"start_time":1674710880000,"end_time":1674710939000},{"heart_rate":83,"heart_rate_max":87,"heart_rate_min":81,"start_time":1674710820000,"end_time":1674710879000},{"heart_rate":83,"heart_rate_max":88,"heart_rate_min":79,"start_time":1674710760000,"end_time":1674710819000},{"heart_rate":83,"heart_rate_max":89,"heart_rate_min":79,"start_time":1674710700000,"end_time":1674710759000},{"heart_rate":80,"heart_rate_max":82,"heart_rate_min":78,"start_time":1674710640000,"end_time":1674710699000},{"heart_rate":81,"heart_rate_max":88,"heart_rate_min":78,"start_time":1674710580000,"end_time":1674710639000},{"heart_rate":85,"heart_rate_max":92,"heart_rate_min":80,"start_time":1674710520000,"end_time":1674710579000},{"heart_rate":84,"heart_rate_max":89,"heart_rate_min":82,"start_time":1674710460000,"end_time":1674710519000},{"heart_rate":86,"heart_rate_max":88,"heart_rate_min":82,"start_time":1674710400000,"end_time":1674710459000},{"heart_rate":82,"heart_rate_max":84,"heart_rate_min":81,"start_time":1674710340000,"end_time":1674710399000},{"heart_rate":84,"heart_rate_max":88,"heart_rate_min":82,"start_time":1674710280000,"end_time":1674710339000},{"heart_rate":82,"heart_rate_max":86,"heart_rate_min":80,"start_time":1674710220000,"end_time":1674710279000},{"heart_rate":85,"heart_rate_max":90,"heart_rate_min":82,"start_time":1674710160000,"end_time":1674710219000},{"heart_rate":86,"heart_rate_max":95,"heart_rate_min":81,"start_time":1674710100000,"end_time":1674710159000},{"heart_rate":83,"heart_rate_max":86,"heart_rate_min":79,"start_time":1674710040000,"end_time":1674710099000},{"heart_rate":82,"heart_rate_max":85,"heart_rate_min":80,"start_time":1674709980000,"end_time":1674710039000},{"heart_rate":82,"heart_rate_max":89,"heart_rate_min":80,"start_time":1674709920000,"end_time":1674709979000},{"heart_rate":88,"heart_rate_max":96,"heart_rate_min":84,"start_time":1674709860000,"end_time":1674709919000},{"heart_rate":84,"heart_rate_max":98,"heart_rate_min":81,"start_time":1674709800000,"end_time":1674709859000},{"heart_rate":84,"heart_rate_max":90,"heart_rate_min":81,"start_time":1674709740000,"end_time":1674709799000},{"heart_rate":77,"heart_rate_max":87,"heart_rate_min":75,"start_time":1674709680000,"end_time":1674709739000},{"heart_rate":87,"heart_rate_max":98,"heart_rate_min":81,"start_time":1674709620000,"end_time":1674709679000},{"heart_rate":82,"heart_rate_max":88,"heart_rate_min":77,"start_time":1674709560000,"end_time":1674709619000},{"heart_rate":81,"heart_rate_max":81,"heart_rate_min":81,"start_time":1674709500000,"end_time":1674709559000},{"heart_rate":82,"heart_rate_max":84,"heart_rate_min":77,"start_time":1674709440000,"end_time":1674709499000},{"heart_rate":84,"heart_rate_max":88,"heart_rate_min":77,"start_time":1674709380000,"end_time":1674709439000},{"heart_rate":93,"heart_rate_max":98,"heart_rate_min":88,"start_time":1674709320000,"end_time":1674709379000},{"heart_rate":85,"heart_rate_max":93,"heart_rate_min":78,"start_time":1674709260000,"end_time":1674709319000},{"heart_rate":83,"heart_rate_max":85,"heart_rate_min":82,"start_time":1674709200000,"end_time":1674709259000}]