[{"score":0,"score_max":0,"score_min":0,"flag":1,"level":1,"start_time":1674605700000,"end_time":1674605759000},{"score":0,"score_max":0,"score_min":0,"flag":1,"level":1,"start_time":1674605640000,"end_time":1674605699000},{"score":0,"score_max":0,"score_min":0,"flag":1,"level":1,"start_time":1674605220000,"end_time":1674605279000},{"score":1,"score_max":2,"score_min":1,"flag":1,"level":1,"start_time":1674605160000,"end_time":1674605219000},{"score":3,"score_max":4,"score_min":2,"flag":1,"level":1,"start_time":1674604980000,"end_time":1674605039000},{"score":2,"score_max":4,"score_min":2,"flag":1,"level":1,"start_time":1674604920000,"end_time":1674604979000},{"score":10,"score_max":22,"score_min":3,"flag":1,"level":1,"start_time":1674604860000,"end_time":1674604919000},{"score":15,"score_max":21,"score_min":11,"flag":1,"level":1,"start_time":1674604800000,"end_time":1674604859000}]