[{"score":94,"score_max":96,"score_min":92,"flag":1,"level":1,"start_time":1674550680000,"end_time":1674550739000},{"score":95,"score_max":96,"score_min":93,"flag":1,"level":1,"start_time":1674550620000,"end_time":1674550679000},{"score":94,"score_max":95,"score_min":93,"flag":1,"level":1,"start_time":1674550560000,"end_time":1674550619000},{"score":58,"score_max":64,"score_min":54,"flag":1,"level":1,"start_time":1674550500000,"end_time":1674550559000},{"score":81,"score_max":94,"score_min":65,"flag":1,"level":1,"start_time":1674550440000,"end_time":1674550499000},{"score":95,"score_max":98,"score_min":94,"flag":1,"level":1,"start_time":1674550380000,"end_time":1674550439000},{"score":93,"score_max":96,"score_min":90,"flag":1,"level":1,"start_time":1674550320000,"end_time":1674550379000},{"score":90,"score_max":93,"score_min":84,"flag":1,"level":1,"start_time":1674550260000,"end_time":1674550319000},{"score":85,"score_max":92,"score_min":78,"flag":1,"level":1,"start_time":1674550200000,"end_time":1674550259000},{"score":92,"score_max":93,"score_min":91,"flag":1,"level":1,"start_time":1674550140000,"end_time":1674550199000},{"score":84,"score_max":92,"score_min":76,"flag":1,"level":1,"start_time":1674550080000,"end_time":1674550139000},{"score":75,"score_max":78,"score_min":74,"flag":1,"level":1,"start_time":1674550020000,"end_time":1674550079000},{"score":73,"score_max":80,"score_min":71,"flag":1,"level":1,"start_time":1674549960000,"end_time":1674550019000},{"score":91,"score_max":96,"score_min":80,"flag":1,"level":1,"start_time":1674549900000,"end_time":1674549959000},{"score":94,"score_max":96,"score_min":94,"flag":1,"level":1,"start_time":1674549840000,"end_time":1674549899000},{"score":95,"score_max":98,"score_min":94,"flag":1,"level":1,"start_time":1674549780000,"end_time":1674549839000},{"score":97,"score_max":98,"score_min":97,"flag":1,"level":1,"start_time":1674549720000,"end_time":1674549779000},{"score":96,"score_max":97,"score_min":95,"flag":1,"level":1,"start_time":1674549660000,"end_time":1674549719000},{"score":92,"score_max":96,"score_min":87,"flag":1,"level":1,"start_time":1674549540000,"end_time":1674549599000},{"score":95,"score_max":97,"score_min":95,"flag":1,"level":1,"start_time":1674549480000,"end_time":1674549539000},{"score":96,"score_max":97,"score_min":95,"flag":1,"level":1,"start_time":1674549420000,"end_time":1674549479000},{"score":94,"score_max":97,"score_min":92,"flag":1,"level":1,"start_time":1674549360000,"end_time":1674549419000},{"score":88,"score_max":92,"score_min":84,"flag":1,"level":1,"start_time":1674549300000,"end_time":1674549359000},{"score":85,"score_max":88,"score_min":84,"flag":1,"level":1,"start_time":1674549240000,"end_time":1674549299000},{"score":91,"score_max":94,"score_min":88,"flag":1,"level":1,"start_time":1674549180000,"end_time":1674549239000},{"score":95,"score_max":96,"score_min":94,"flag":1,"level":1,"start_time":1674549120000,"end_time":1674549179000},{"score":90,"score_max":94,"score_min":88,"flag":1,"level":1,"start_time":1674549060000,"end_time":1674549119000},{"score":84,"score_max":91,"score_min":82,"flag":1,"level":1,"start_time":1674549000000,"end_time":1674549059000},{"score":91,"score_max":96,"score_min":83,"flag":1,"level":1,"start_time":1674548940000,"end_time":1674548999000},{"score":96,"score_max":97,"score_min":95,"flag":1,"level":1,"start_time":1674548880000,"end_time":1674548939000},{"score":95,"score_max":97,"score_min":94,"flag":1,"level":1,"start_time":1674548820000,"end_time":1674548879000},{"score":97,"score_max":99,"score_min":97,"flag":1,"level":1,"start_time":1674548760000,"end_time":1674548819000},{"score":98,"score_max":98,"score_min":98,"flag":1,"level":1,"start_time":1674548700000,"end_time":1674548759000},{"score":97,"score_max":98,"score_min":96,"flag":1,"level":1,"start_time":1674548640000,"end_time":1674548699000},{"score":95,"score_max":96,"score_min":95,"flag":1,"level":1,"start_time":1674548580000,"end_time":1674548639000},{"score":97,"score_max":99,"score_min":96,"flag":1,"level":1,"start_time":1674548520000,"end_time":1674548579000},{"score":95,"score_max":98,"score_min":90,"flag":1,"level":1,"start_time":1674548460000,"end_time":1674548519000},{"score":92,"score_max":96,"score_min":90,"flag":1,"level":1,"start_time":1674548400000,"end_time":1674548459000},{"score":96,"score_max":98,"score_min":96,"flag":1,"level":1,"start_time":1674548340000,"end_time":1674548399000},{"score":97,"score_max":97,"score_min":97,"flag":1,"level":1,"start_time":1674548280000,"end_time":1674548339000},{"score":94,"score_max":95,"score_min":94,"flag":1,"level":1,"start_time":1674548220000,"end_time":1674548279000},{"score":91,"score_max":94,"score_min":90,"flag":1,"level":1,"start_time":1674548160000,"end_time":1674548219000},{"score":94,"score_max":98,"score_min":92,"flag":1,"level":1,"start_time":1674548100000,"end_time":1674548159000},{"score":98,"score_max":99,"score_min":98,"flag":1,"level":1,"start_time":1674548040000,"end_time":1674548099000},{"score":99,"score_max":99,"score_min":99,"flag":1,"level":1,"start_time":1674547980000,"end_time":1674548039000},{"score":91,"score_max":98,"score_min":84,"flag":1,"level":1,"start_time":1674547920000,"end_time":1674547979000},{"score":98,"score_max":98,"score_min":98,"flag":1,"level":1,"start_time":1674547620000,"end_time":1674547679000},{"score":100,"score_max":100,"score_min":100,"flag":1,"level":1,"start_time":1674547560000,"end_time":1674547619000}]