[{"score":0,"score_max":0,"score_min":0,"flag":1,"level":1,"start_time":1674752340000,"end_time":1674752399000},{"score":0,"score_max":0,"score_min":0,"flag":1,"level":1,"start_time":1674752280000,"end_time":1674752339000},{"score":0,"score_max":0,"score_min":0,"flag":1,"level":1,"start_time":1674752220000,"end_time":1674752279000},{"score":0,"score_max":0,"score_min":0,"flag":1,"level":1,"start_time":1674752160000,"end_time":1674752219000},{"score":0,"score_max":0,"score_min":0,"flag":1,"level":1,"start_time":1674752100000,"end_time":1674752159000},{"score":0,"score_max":0,"score_min":0,"flag":1,"level":1,"start_time":1674752040000,"end_time":1674752099000},{"score":0,"score_max":0,"score_min":0,"flag":1,"level":1,"start_time":1674751980000,"end_time":1674752039000},{"score":0,"score_max":0,"score_min":0,"flag":1,"level":1,"start_time":1674751920000,"end_time":1674751979000},{"score":2,"score_max":5,"score_min":0,"flag":1,"level":1,"start_time":1674751860000,"end_time":1674751919000},{"score":4,"score_max":6,"score_min":3,"flag":1,"level":1,"start_time":1674751800000,"end_time":1674751859000},{"score":4,"score_max":6,"score_min":3,"flag":1,"level":1,"start_time":1674751740000,"end_time":1674751799000},{"score":1,"score_max":1,"score_min":1,"flag":1,"level":1,"start_time":1674751680000,"end_time":1674751739000},{"score":0,"score_max":1,"score_min":0,"flag":1,"level":1,"start_time":1674751620000,"end_time":1674751679000},{"score":0,"score_max":0,"score_min":0,"flag":1,"level":1,"start_time":1674751560000,"end_time":1674751619000},{"score":0,"score_max":0,"score_min":0,"flag":1,"level":1,"start_time":1674751500000,"end_time":1674751559000},{"score":0,"score_max":0,"score_min":0,"flag":1,"level":1,"start_time":1674751440000,"end_time":1674751499000},{"score":0,"score_max":0,"score_min":0,"flag":1,"level":1,"start_time":1674751380000,"end_time":1674751439000},{"score":0,"score_max":0,"score_min":0,"flag":1,"level":1,"start_time":1674751320000,"end_time":1674751379000},{"score":0,"score_max":0,"score_min":0,"flag":1,"level":1,"start_time":1674751260000,"end_time":1674751319000},{"score":0,"score_max":0,"score_min":0,"flag":1,"level":1,"start_time":1674751200000,"end_time":1674751259000},{"score":0,"score_max":0,"score_min":0,"flag":1,"level":1,"start_time":1674751140000,"end_time":1674751199000},{"score":0,"score_max":0,"score_min":0,"flag":1,"level":1,"start_time":1674751080000,"end_time":1674751139000},{"score":0,"score_max":0,"score_min":0,"flag":1,"level":1,"start_time":1674751020000,"end_time":1674751079000},{"score":0,"score_max":0,"score_min":0,"flag":1,"level":1,"start_time":1674750960000,"end_time":1674751019000},{"score":1,"score_max":5,"score_min":0,"flag":1,"level":1,"start_time":1674750900000,"end_time":1674750959000},{"score":36,"score_max":57,"score_min":5,"flag":1,"level":1,"start_time":1674750840000,"end_time":1674750899000},{"score":55,"score_max":59,"score_min":51,"flag":1,"level":1,"start_time":1674750780000,"end_time":1674750839000},{"score":54,"score_max":60,"score_min":48,"flag":1,"level":1,"start_time":1674750720000,"end_time":1674750779000},{"score":10,"score_max":45,"score_min":2,"flag":1,"level":1,"start_time":1674750660000,"end_time":1674750719000},{"score":2,"score_max":2,"score_min":2,"flag":1,"level":1,"start_time":1674750540000,"end_time":1674750599000},{"score":2,"score_max":2,"score_min":2,"flag":1,"level":1,"start_time":1674750480000,"end_time":1674750539000},{"score":0,"score_max":2,"score_min":0,"flag":1,"level":1,"start_time":1674750420000,"end_time":1674750479000},{"score":0,"score_max":1,"score_min":0,"flag":1,"level":1,"start_time":1674750360000,"end_time":1674750419000},{"score":0,"score_max":1,"score_min":0,"flag":1,"level":1,"start_time":1674750300000,"end_time":1674750359000},{"score":0,"score_max":0,"score_min":0,"flag":1,"level":1,"start_time":1674750240000,"end_time":1674750299000},{"score":0,"score_max":0,"score_min":0,"flag":1,"level":1,"start_time":1674750180000,"end_time":1674750239000},{"score":0,"score_max":1,"score_min":0,"flag":1,"level":1,"start_time":1674750120000,"end_time":1674750179000},{"score":0,"score_max":0,"score_min":0,"flag":1,"level":1,"start_time":1674750060000,"end_time":1674750119000},{"score":0,"score_max":1,"score_min":0,"flag":1,"level":1,"start_time":1674750000000,"end_time":1674750059000},{"score":1,"score_max":3,"score_min":1,"flag":1,"level":1,"start_time":1674749940000,"end_time":1674749999000},{"score":0,"score_max":2,"score_min":0,"flag":1,"level":1,"start_time":1674749880000,"end_time":1674749939000},{"score":3,"score_max":4,"score_min":1,"flag":1,"level":1,"start_time":1674749820000,"end_time":1674749879000},{"score":1,"score_max":3,"score_min":1,"flag":1,"level":1,"start_time":1674749760000,"end_time":1674749819000},{"score":3,"score_max":5,"score_min":1,"flag":1,"level":1,"start_time":1674749700000,"end_time":1674749759000},{"score":0,"score_max":1,"score_min":0,"flag":1,"level":1,"start_time":1674749640000,"end_time":1674749699000},{"score":0,"score_max":0,"score_min":0,"flag":1,"level":1,"start_time":1674749580000,"end_time":1674749639000},{"score":0,"score_max":1,"score_min":0,"flag":1,"level":1,"start_time":1674749520000,"end_time":1674749579000},{"score":0,"score_max":2,"score_min":0,"flag":1,"level":1,"start_time":1674749460000,"end_time":1674749519000},{"score":8,"score_max":15,"score_min":2,"flag":1,"level":1,"start_time":1674749400000,"end_time":1674749459000},{"score":2,"score_max":7,"score_min":1,"flag":1,"level":1,"start_time":1674749340000,"end_time":1674749399000},{"score":1,"score_max":1,"score_min":1,"flag":1,"level":1,"start_time":1674749280000,"end_time":1674749339000},{"score":0,"score_max":1,"score_min":0,"flag":1,"level":1,"start_time":1674749220000,"end_time":1674749279000},{"score":0,"score_max":1,"score_min":0,"flag":1,"level":1,"start_time":1674749160000,"end_time":1674749219000},{"score":1,"score_max":3,"score_min":1,"flag":1,"level":1,"start_time":1674749100000,"end_time":1674749159000},{"score":0,"score_max":1,"score_min":0,"flag":1,"level":1,"start_time":1674749040000,"end_time":1674749099000},{"score":1,"score_max":3,"score_min":1,"flag":1,"level":1,"start_time":1674748980000,"end_time":1674749039000},{"score":4,"score_max":7,"score_min":2,"flag":1,"level":1,"start_time":1674748920000,"end_time":1674748979000},{"score":1,"score_max":2,"score_min":1,"flag":1,"level":1,"start_time":1674748860000,"end_time":1674748919000},{"score":1,"score_max":1,"score_min":1,"flag":1,"level":1,"start_time":1674748800000,"end_time":1674748859000}]