[{"score":0,"score_max":1,"score_min":0,"flag":1,"level":1,"start_time":1674730620000,"end_time":1674730679000},{"score":0,"score_max":1,"score_min":0,"flag":1,"level":1,"start_time":1674730560000,"end_time":1674730619000},{"score":0,"score_max":2,"score_min":0,"flag":1,"level":1,"start_time":1674730500000,"end_time":1674730559000},{"score":1,"score_max":2,"score_min":1,"flag":1,"level":1,"start_time":1674730440000,"end_time":1674730499000},{"score":1,"score_max":3,"score_min":1,"flag":1,"level":1,"start_time":1674730380000,"end_time":1674730439000},{"score":1,"score_max":2,"score_min":1,"flag":1,"level":1,"start_time":1674730320000,"end_time":1674730379000},{"score":1,"score_max":2,"score_min":1,"flag":1,"level":1,"start_time":1674730260000,"end_time":1674730319000},{"score":1,"score_max":1,"score_min":1,"flag":1,"level":1,"start_time":1674730200000,"end_time":1674730259000},{"score":1,"score_max":3,"score_min":1,"flag":1,"level":1,"start_time":1674730140000,"end_time":1674730199000},{"score":0,"score_max":1,"score_min":0,"flag":1,"level":1,"start_time":1674730080000,"end_time":1674730139000},{"score":2,"score_max":3,"score_min":1,"flag":1,"level":1,"start_time":1674730020000,"end_time":1674730079000},{"score":2,"score_max":3,"score_min":2,"flag":1,"level":1,"start_time":1674729960000,"end_time":1674730019000},{"score":2,"score_max":3,"score_min":2,"flag":1,"level":1,"start_time":1674729900000,"end_time":1674729959000},{"score":1,"score_max":3,"score_min":1,"flag":1,"level":1,"start_time":1674729840000,"end_time":1674729899000},{"score":1,"score_max":4,"score_min":1,"flag":1,"level":1,"start_time":1674729780000,"end_time":1674729839000},{"score":5,"score_max":8,"score_min":4,"flag":1,"level":1,"start_time":1674729720000,"end_time":1674729779000},{"score":6,"score_max":9,"score_min":1,"flag":1,"level":1,"start_time":1674729660000,"end_time":1674729719000},{"score":1,"score_max":7,"score_min":1,"flag":1,"level":1,"start_time":1674729600000,"end_time":1674729659000},{"score":13,"score_max":16,"score_min":8,"flag":1,"level":1,"start_time":1674729540000,"end_time":1674729599000},{"score":11,"score_max":13,"score_min":10,"flag":1,"level":1,"start_time":1674729480000,"end_time":1674729539000},{"score":7,"score_max":13,"score_min":5,"flag":1,"level":1,"start_time":1674729420000,"end_time":1674729479000},{"score":4,"score_max":6,"score_min":3,"flag":1,"level":1,"start_time":1674729360000,"end_time":1674729419000},{"score":1,"score_max":3,"score_min":1,"flag":1,"level":1,"start_time":1674729300000,"end_time":1674729359000},{"score":1,"score_max":1,"score_min":1,"flag":1,"level":1,"start_time":1674729240000,"end_time":1674729299000},{"score":5,"score_max":8,"score_min":3,"flag":1,"level":1,"start_time":1674729180000,"end_time":1674729239000},{"score":0,"score_max":4,"score_min":0,"flag":1,"level":1,"start_time":1674729120000,"end_time":1674729179000},{"score":0,"score_max":0,"score_min":0,"flag":1,"level":1,"start_time":1674729060000,"end_time":1674729119000},{"score":0,"score_max":1,"score_min":0,"flag":1,"level":1,"start_time":1674729000000,"end_time":1674729059000},{"score":0,"score_max":0,"score_min":0,"flag":1,"level":1,"start_time":1674728940000,"end_time":1674728999000},{"score":0,"score_max":1,"score_min":0,"flag":1,"level":1,"start_time":1674728760000,"end_time":1674728819000},{"score":6,"score_max":7,"score_min":5,"flag":1,"level":1,"start_time":1674728700000,"end_time":1674728759000},{"score":9,"score_max":11,"score_min":7,"flag":1,"level":1,"start_time":1674728640000,"end_time":1674728699000},{"score":16,"score_max":24,"score_min":9,"flag":1,"level":1,"start_time":1674728580000,"end_time":1674728639000},{"score":31,"score_max":37,"score_min":25,"flag":1,"level":1,"start_time":1674728520000,"end_time":1674728579000},{"score":27,"score_max":34,"score_min":20,"flag":1,"level":1,"start_time":1674728460000,"end_time":1674728519000},{"score":21,"score_max":24,"score_min":21,"flag":1,"level":1,"start_time":1674728400000,"end_time":1674728459000},{"score":21,"score_max":24,"score_min":18,"flag":1,"level":1,"start_time":1674728340000,"end_time":1674728399000},{"score":17,"score_max":20,"score_min":17,"flag":1,"level":1,"start_time":1674728280000,"end_time":1674728339000},{"score":14,"score_max":17,"score_min":11,"flag":1,"level":1,"start_time":1674728220000,"end_time":1674728279000},{"score":7,"score_max":11,"score_min":5,"flag":1,"level":1,"start_time":1674728160000,"end_time":1674728219000},{"score":16,"score_max":24,"score_min":9,"flag":1,"level":1,"start_time":1674728100000,"end_time":1674728159000},{"score":23,"score_max":26,"score_min":16,"flag":1,"level":1,"start_time":1674728040000,"end_time":1674728099000},{"score":8,"score_max":16,"score_min":5,"flag":1,"level":1,"start_time":1674727980000,"end_time":1674728039000},{"score":17,"score_max":32,"score_min":6,"flag":1,"level":1,"start_time":1674727920000,"end_time":1674727979000},{"score":42,"score_max":45,"score_min":32,"flag":1,"level":1,"start_time":1674727860000,"end_time":1674727919000},{"score":31,"score_max":46,"score_min":23,"flag":1,"level":1,"start_time":1674727800000,"end_time":1674727859000},{"score":36,"score_max":44,"score_min":29,"flag":1,"level":1,"start_time":1674727740000,"end_time":1674727799000},{"score":41,"score_max":43,"score_min":38,"flag":1,"level":1,"start_time":1674727680000,"end_time":1674727739000},{"score":43,"score_max":49,"score_min":36,"flag":1,"level":1,"start_time":1674727620000,"end_time":1674727679000},{"score":51,"score_max":63,"score_min":26,"flag":1,"level":1,"start_time":1674727560000,"end_time":1674727619000},{"score":8,"score_max":25,"score_min":4,"flag":1,"level":1,"start_time":1674727500000,"end_time":1674727559000},{"score":12,"score_max":19,"score_min":6,"flag":1,"level":1,"start_time":1674727440000,"end_time":1674727499000},{"score":16,"score_max":19,"score_min":12,"flag":1,"level":1,"start_time":1674727380000,"end_time":1674727439000},{"score":22,"score_max":42,"score_min":12,"flag":1,"level":1,"start_time":1674727320000,"end_time":1674727379000},{"score":50,"score_max":56,"score_min":43,"flag":1,"level":1,"start_time":1674727260000,"end_time":1674727319000},{"score":32,"score_max":49,"score_min":13,"flag":1,"level":1,"start_time":1674727200000,"end_time":1674727259000}]