[{"score":3,"score_max":12,"score_min":2,"flag":1,"level":1,"start_time":1674727140000,"end_time":1674727199000},{"score":0,"score_max":2,"score_min":0,"flag":1,"level":1,"start_time":1674727080000,"end_time":1674727139000},{"score":1,"score_max":8,"score_min":0,"flag":1,"level":1,"start_time":1674727020000,"end_time":1674727079000},{"score":54,"score_max":75,"score_min":9,"flag":1,"level":1,"start_time":1674726960000,"end_time":1674727019000},{"score":54,"score_max":71,"score_min":46,"flag":1,"level":1,"start_time":1674726900000,"end_time":1674726959000},{"score":74,"score_max":86,"score_min":56,"flag":1,"level":0,"start_time":1674726840000,"end_time":1674726899000},{"score":46,"score_max":55,"score_min":42,"flag":1,"level":1,"start_time":1674726780000,"end_time":1674726839000},{"score":65,"score_max":70,"score_min":54,"flag":1,"level":1,"start_time":1674726720000,"end_time":1674726779000},{"score":23,"score_max":62,"score_min":7,"flag":1,"level":1,"start_time":1674726660000,"end_time":1674726719000},{"score":17,"score_max":32,"score_min":7,"flag":1,"level":1,"start_time":1674726600000,"end_time":1674726659000},{"score":24,"score_max":31,"score_min":16,"flag":1,"level":1,"start_time":1674726540000,"end_time":1674726599000},{"score":16,"score_max":18,"score_min":15,"flag":1,"level":1,"start_time":1674726480000,"end_time":1674726539000},{"score":12,"score_max":15,"score_min":10,"flag":1,"level":1,"start_time":1674726420000,"end_time":1674726479000},{"score":13,"score_max":16,"score_min":12,"flag":1,"level":1,"start_time":1674726360000,"end_time":1674726419000},{"score":32,"score_max":48,"score_min":14,"flag":1,"level":1,"start_time":1674726300000,"end_time":1674726359000},{"score":16,"score_max":35,"score_min":9,"flag":1,"level":1,"start_time":1674726240000,"end_time":1674726299000},{"score":9,"score_max":14,"score_min":8,"flag":1,"level":1,"start_time":1674726180000,"end_time":1674726239000},{"score":17,"score_max":19,"score_min":15,"flag":1,"level":1,"start_time":1674726120000,"end_time":1674726179000},{"score":19,"score_max":21,"score_min":17,"flag":1,"level":1,"start_time":1674726060000,"end_time":1674726119000},{"score":41,"score_max":55,"score_min":21,"flag":1,"level":1,"start_time":1674726000000,"end_time":1674726059000},{"score":35,"score_max":52,"score_min":26,"flag":1,"level":1,"start_time":1674725940000,"end_time":1674725999000},{"score":42,"score_max":57,"score_min":24,"flag":1,"level":1,"start_time":1674725880000,"end_time":1674725939000},{"score":12,"score_max":23,"score_min":8,"flag":1,"level":1,"start_time":1674725820000,"end_time":1674725879000},{"score":6,"score_max":8,"score_min":5,"flag":1,"level":1,"start_time":1674725760000,"end_time":1674725819000},{"score":8,"score_max":13,"score_min":4,"flag":1,"level":1,"start_time":1674725700000,"end_time":1674725759000},{"score":2,"score_max":4,"score_min":1,"flag":1,"level":1,"start_time":1674725640000,"end_time":1674725699000},{"score":10,"score_max":14,"score_min":4,"flag":1,"level":1,"start_time":1674725580000,"end_time":1674725639000},{"score":8,"score_max":10,"score_min":6,"flag":1,"level":1,"start_time":1674725520000,"end_time":1674725579000},{"score":9,"score_max":13,"score_min":6,"flag":1,"level":1,"start_time":1674725460000,"end_time":1674725519000},{"score":9,"score_max":13,"score_min":6,"flag":1,"level":1,"start_time":1674725400000,"end_time":1674725459000},{"score":11,"score_max":14,"score_min":10,"flag":1,"level":1,"start_time":1674725340000,"end_time":1674725399000},{"score":18,"score_max":25,"score_min":9,"flag":1,"level":1,"start_time":1674725280000,"end_time":1674725339000},{"score":15,"score_max":26,"score_min":9,"flag":1,"level":1,"start_time":1674725220000,"end_time":1674725279000},{"score":7,"score_max":9,"score_min":6,"flag":1,"level":1,"start_time":1674725160000,"end_time":1674725219000},{"score":2,"score_max":6,"score_min":0,"flag":1,"level":1,"start_time":1674725100000,"end_time":1674725159000},{"score":1,"score_max":4,"score_min":0,"flag":1,"level":1,"start_time":1674725040000,"end_time":1674725099000},{"score":8,"score_max":15,"score_min":4,"flag":1,"level":1,"start_time":1674724980000,"end_time":1674725039000},{"score":10,"score_max":14,"score_min":7,"flag":1,"level":1,"start_time":1674724920000,"end_time":1674724979000},{"score":8,"score_max":14,"score_min":6,"flag":1,"level":1,"start_time":1674724860000,"end_time":1674724919000},{"score":14,"score_max":20,"score_min":7,"flag":1,"level":1,"start_time":1674724800000,"end_time":1674724859000},{"score":4,"score_max":7,"score_min":3,"flag":1,"level":1,"start_time":1674724740000,"end_time":1674724799000},{"score":14,"score_max":25,"score_min":7,"flag":1,"level":1,"start_time":1674724680000,"end_time":1674724739000},{"score":4,"score_max":10,"score_min":3,"flag":1,"level":1,"start_time":1674724620000,"end_time":1674724679000},{"score":7,"score_max":13,"score_min":3,"flag":1,"level":1,"start_time":1674724560000,"end_time":1674724619000},{"score":7,"score_max":14,"score_min":3,"flag":1,"level":1,"start_time":1674724500000,"end_time":1674724559000},{"score":4,"score_max":6,"score_min":3,"flag":1,"level":1,"start_time":1674724440000,"end_time":1674724499000},{"score":7,"score_max":9,"score_min":6,"flag":1,"level":1,"start_time":1674724380000,"end_time":1674724439000},{"score":6,"score_max":11,"score_min":5,"flag":1,"level":1,"start_time":1674724320000,"end_time":1674724379000},{"score":14,"score_max":20,"score_min":8,"flag":1,"level":1,"start_time":1674724260000,"end_time":1674724319000},{"score":3,"score_max":8,"score_min":2,"flag":1,"level":1,"start_time":1674724200000,"end_time":1674724259000},{"score":1,"score_max":2,"score_min":1,"flag":1,"level":1,"start_time":1674724140000,"end_time":1674724199000},{"score":3,"score_max":6,"score_min":2,"flag":1,"level":1,"start_time":1674724080000,"end_time":1674724139000},{"score":5,"score_max":6,"score_min":4,"flag":1,"level":1,"start_time":1674724020000,"end_time":1674724079000},{"score":5,"score_max":8,"score_min":3,"flag":1,"level":1,"start_time":1674723960000,"end_time":1674724019000},{"score":6,"score_max":10,"score_min":5,"flag":1,"level":1,"start_time":1674723900000,"end_time":1674723959000},{"score":5,"score_max":9,"score_min":2,"flag":1,"level":1,"start_time":1674723840000,"end_time":1674723899000},{"score":1,"score_max":2,"score_min":1,"flag":1,"level":1,"start_time":1674723780000,"end_time":1674723839000},{"score":8,"score_max":13,"score_min":2,"flag":1,"level":1,"start_time":1674723720000,"end_time":1674723779000},{"score":10,"score_max":12,"score_min":8,"flag":1,"level":1,"start_time":1674723660000,"end_time":1674723719000},{"score":6,"score_max":8,"score_min":5,"flag":1,"level":1,"start_time":1674723600000,"end_time":1674723659000}]