[{"score":68,"score_max":79,"score_min":66,"flag":1,"level":1,"start_time":1674698280000,"end_time":1674698339000},{"score":1,"score_max":2,"score_min":1,"flag":1,"level":1,"start_time":1674698220000,"end_time":1674698279000},{"score":1,"score_max":2,"score_min":1,"flag":1,"level":1,"start_time":1674697860000,"end_time":1674697919000},{"score":6,"score_max":8,"score_min":5,"flag":1,"level":1,"start_time":1674697800000,"end_time":1674697859000},{"score":2,"score_max":4,"score_min":1,"flag":1,"level":1,"start_time":1674697740000,"end_time":1674697799000},{"score":0,"score_max":2,"score_min":0,"flag":1,"level":1,"start_time":1674697680000,"end_time":1674697739000},{"score":0,"score_max":1,"score_min":0,"flag":1,"level":1,"start_time":1674697620000,"end_time":1674697679000},{"score":1,"score_max":1,"score_min":1,"flag":1,"level":1,"start_time":1674697560000,"end_time":1674697619000},{"score":1,"score_max":1,"score_min":1,"flag":1,"level":1,"start_time":1674697500000,"end_time":1674697559000},{"score":17,"score_max":23,"score_min":16,"flag":1,"level":1,"start_time":1674697440000,"end_time":1674697499000},{"score":18,"score_max":20,"score_min":16,"flag":1,"level":1,"start_time":1674697380000,"end_time":1674697439000},{"score":8,"score_max":17,"score_min":1,"flag":1,"level":1,"start_time":1674696960000,"end_time":1674697019000},{"score":2,"score_max":7,"score_min":2,"flag":1,"level":1,"start_time":1674696900000,"end_time":1674696959000},{"score":1,"score_max":2,"score_min":1,"flag":1,"level":1,"start_time":1674696840000,"end_time":1674696899000},{"score":2,"score_max":2,"score_min":2,"flag":1,"level":1,"start_time":1674696780000,"end_time":1674696839000},{"score":32,"score_max":36,"score_min":27,"flag":1,"level":1,"start_time":1674696720000,"end_time":1674696779000},{"score":38,"score_max":42,"score_min":35,"flag":1,"level":1,"start_time":1674696660000,"end_time":1674696719000},{"score":21,"score_max":37,"score_min":12,"flag":1,"level":1,"start_time":1674696600000,"end_time":1674696659000},{"score":10,"score_max":13,"score_min":9,"flag":1,"level":1,"start_time":1674696540000,"end_time":1674696599000},{"score":11,"score_max":18,"score_min":9,"flag":1,"level":1,"start_time":1674696420000,"end_time":1674696479000},{"score":0,"score_max":1,"score_min":0,"flag":1,"level":1,"start_time":1674696360000,"end_time":1674696419000},{"score":0,"score_max":1,"score_min":0,"flag":1,"level":1,"start_time":1674696300000,"end_time":1674696359000},{"score":2,"score_max":7,"score_min":1,"flag":1,"level":1,"start_time":1674696240000,"end_time":1674696299000},{"score":13,"score_max":20,"score_min":8,"flag":1,"level":1,"start_time":1674695820000,"end_time":1674695879000},{"score":16,"score_max":19,"score_min":14,"flag":1,"level":1,"start_time":1674695760000,"end_time":1674695819000},{"score":9,"score_max":14,"score_min":7,"flag":1,"level":1,"start_time":1674695700000,"end_time":1674695759000},{"score":29,"score_max":92,"score_min":9,"flag":1,"level":1,"start_time":1674695640000,"end_time":1674695699000},{"score":45,"score_max":88,"score_min":16,"flag":1,"level":1,"start_time":1674695580000,"end_time":1674695639000},{"score":47,"score_max":89,"score_min":16,"flag":1,"level":1,"start_time":1674695520000,"end_time":1674695579000},{"score":51,"score_max":84,"score_min":32,"flag":1,"level":1,"start_time":1674695460000,"end_time":1674695519000},{"score":34,"score_max":59,"score_min":27,"flag":1,"level":1,"start_time":1674695340000,"end_time":1674695399000},{"score":89,"score_max":95,"score_min":85,"flag":1,"level":1,"start_time":1674695280000,"end_time":1674695339000},{"score":40,"score_max":96,"score_min":9,"flag":1,"level":1,"start_time":1674695220000,"end_time":1674695279000},{"score":13,"score_max":20,"score_min":4,"flag":1,"level":1,"start_time":1674695160000,"end_time":1674695219000},{"score":1,"score_max":4,"score_min":1,"flag":1,"level":1,"start_time":1674695100000,"end_time":1674695159000},{"score":0,"score_max":1,"score_min":0,"flag":1,"level":1,"start_time":1674695040000,"end_time":1674695099000},{"score":1,"score_max":1,"score_min":1,"flag":1,"level":1,"start_time":1674694980000,"end_time":1674695039000},{"score":13,"score_max":27,"score_min":2,"flag":1,"level":1,"start_time":1674694920000,"end_time":1674694979000},{"score":10,"score_max":23,"score_min":1,"flag":1,"level":1,"start_time":1674694860000,"end_time":1674694919000},{"score":5,"score_max":13,"score_min":1,"flag":1,"level":1,"start_time":1674694800000,"end_time":1674694859000}]