{"mAdaptiveGoal":0,"mIsGoalAchieved":false,"mIsMostActiveAchieved":false,"mMostActiveMinutes":0,"mStreakDayCount":0,"mUnitDataList":[{"distance":20.830002,"mCalorie":1.38,"mOthersTime":0,"mRunTime":0,"mStartTime":6000000,"mTimeUnit":600000,"mWalkTime":18009,"runStep":0,"walkStep":27},{"distance":28.990108,"mCalorie":2.2900043,"mOthersTime":0,"mRunTime":1200,"mStartTime":13200000,"mTimeUnit":600000,"mWalkTime":22678,"runStep":3,"walkStep":34},{"distance":7.49,"mCalorie":0.51,"mOthersTime":0,"mRunTime":0,"mStartTime":33600000,"mTimeUnit":600000,"mWalkTime":6670,"runStep":0,"walkStep":10},{"distance":19.52,"mCalorie":1.35,"mOthersTime":0,"mRunTime":0,"mStartTime":34200000,"mTimeUnit":600000,"mWalkTime":18009,"runStep":0,"walkStep":27},{"distance":10.5,"mCalorie":0.96,"mOthersTime":0,"mRunTime":1200,"mStartTime":37200000,"mTimeUnit":600000,"mWalkTime":6670,"runStep":3,"walkStep":10},{"distance":11.24,"mCalorie":0.64,"mOthersTime":0,"mRunTime":0,"mStartTime":42000000,"mTimeUnit":600000,"mWalkTime":9338,"runStep":0,"walkStep":14},{"distance":8.139893,"mCalorie":0.3899994,"mOthersTime":0,"mRunTime":0,"mStartTime":46200000,"mTimeUnit":600000,"mWalkTime":6670,"runStep":0,"walkStep":10},{"distance":28.36,"mCalorie":1.9,"mOthersTime":0,"mRunTime":1200,"mStartTime":51000000,"mTimeUnit":600000,"mWalkTime":23345,"runStep":3,"walkStep":35},{"distance":46.43,"mCalorie":3.01,"mOthersTime":0,"mRunTime":0,"mStartTime":52200000,"mTimeUnit":600000,"mWalkTime":41354,"runStep":0,"walkStep":62},{"distance":60.34,"mCalorie":4.6200004,"mOthersTime":0,"mRunTime":3200,"mStartTime":52800000,"mTimeUnit":600000,"mWalkTime":45356,"runStep":8,"walkStep":68},{"distance":11.14,"mCalorie":0.96,"mOthersTime":0,"mRunTime":0,"mStartTime":53400000,"mTimeUnit":600000,"mWalkTime":10672,"runStep":0,"walkStep":16},{"distance":15.6796875,"mCalorie":1.1100311,"mOthersTime":0,"mRunTime":0,"mStartTime":57000000,"mTimeUnit":600000,"mWalkTime":14674,"runStep":0,"walkStep":22},{"distance":32.07,"mCalorie":2.25,"mOthersTime":0,"mRunTime":0,"mStartTime":57600000,"mTimeUnit":600000,"mWalkTime":29348,"runStep":0,"walkStep":44},{"distance":8.86,"mCalorie":0.57,"mOthersTime":0,"mRunTime":0,"mStartTime":58200000,"mTimeUnit":600000,"mWalkTime":8004,"runStep":0,"walkStep":12},{"distance":6.84,"mCalorie":0.7,"mOthersTime":0,"mRunTime":0,"mStartTime":59400000,"mTimeUnit":600000,"mWalkTime":6670,"runStep":0,"walkStep":10},{"distance":7.0,"mCalorie":0.6799927,"mOthersTime":0,"mRunTime":0,"mStartTime":60000000,"mTimeUnit":600000,"mWalkTime":6670,"runStep":0,"walkStep":10},{"distance":33.99,"mCalorie":1.9300001,"mOthersTime":0,"mRunTime":0,"mStartTime":61200000,"mTimeUnit":600000,"mWalkTime":28014,"runStep":0,"walkStep":42},{"distance":289.72998,"mCalorie":18.82,"mOthersTime":0,"mRunTime":0,"mStartTime":64800000,"mTimeUnit":600000,"mWalkTime":211349,"runStep":0,"walkStep":377},{"distance":253.95,"mCalorie":17.029999,"mOthersTime":0,"mRunTime":0,"mStartTime":65400000,"mTimeUnit":600000,"mWalkTime":228084,"runStep":0,"walkStep":343},{"distance":319.21,"mCalorie":20.970001,"mOthersTime":0,"mRunTime":0,"mStartTime":66000000,"mTimeUnit":600000,"mWalkTime":278776,"runStep":0,"walkStep":423},{"distance":17.69041,"mCalorie":1.22,"mOthersTime":0,"mRunTime":0,"mStartTime":66600000,"mTimeUnit":600000,"mWalkTime":16008,"runStep":0,"walkStep":24},{"distance":53.04,"mCalorie":3.52,"mOthersTime":0,"mRunTime":0,"mStartTime":69600000,"mTimeUnit":600000,"mWalkTime":47357,"runStep":0,"walkStep":71},{"distance":28.51,"mCalorie":1.87,"mOthersTime":0,"mRunTime":0,"mStartTime":70200000,"mTimeUnit":600000,"mWalkTime":26013,"runStep":0,"walkStep":39},{"distance":75.57001,"mCalorie":5.280001,"mOthersTime":0,"mRunTime":400,"mStartTime":70800000,"mTimeUnit":600000,"mWalkTime":64032,"runStep":1,"walkStep":96},{"distance":29.820002,"mCalorie":2.12,"mOthersTime":0,"mRunTime":0,"mStartTime":81600000,"mTimeUnit":600000,"mWalkTime":28014,"runStep":0,"walkStep":42},{"distance":11.12,"mCalorie":0.75,"mOthersTime":0,"mRunTime":0,"mStartTime":82200000,"mTimeUnit":600000,"mWalkTime":10005,"runStep":0,"walkStep":15},{"distance":18.55,"mCalorie":1.23,"mOthersTime":0,"mRunTime":0,"mStartTime":85800000,"mTimeUnit":600000,"mWalkTime":16675,"runStep":0,"walkStep":25}],"version":1}