com.samsung.shealth.tracker.heart_rate,6227003,3
source,tag_id,com.samsung.health.heart_rate.heart_beat_count,com.samsung.health.heart_rate.start_time,com.samsung.health.heart_rate.custom,com.samsung.health.heart_rate.binning_data,com.samsung.health.heart_rate.update_time,com.samsung.health.heart_rate.create_time,com.samsung.health.heart_rate.max,com.samsung.health.heart_rate.min,com.samsung.health.heart_rate.time_offset,com.samsung.health.heart_rate.deviceuuid,com.samsung.health.heart_rate.comment,com.samsung.health.heart_rate.pkg_name,com.samsung.health.heart_rate.end_time,com.samsung.health.heart_rate.datauuid,com.samsung.health.heart_rate.heart_rate
,21312,1,2023-01-22 21:50:29.296,,,2023-01-22 21:52:15.417,2023-01-22 21:52:15.417,,,UTC-0600,iRIQdWw88T,,com.sec.android.app.shealth,2023-01-22 21:50:29.296,47afa0b2-4bf7-4fde-a119-879791caed24,95.0,
,21312,1,2023-01-22 23:30:58.560,,,2023-01-22 23:31:21.432,2023-01-22 23:31:21.432,,,UTC-0600,iRIQdWw88T,,com.sec.android.app.shealth,2023-01-22 23:30:58.560,05164ce0-b4e6-468a-832c-010e3825964b,97.0,
,21312,1,2023-01-23 01:00:29.271,,,2023-01-23 01:05:09.093,2023-01-23 01:05:09.093,,,UTC-0600,iRIQdWw88T,,com.sec.android.app.shealth,2023-01-23 01:00:29.271,41ec18ea-b966-4fef-8059-16443155694b,96.0,
,20000,1,2023-01-23 02:23:04.799,,,2023-01-23 02:23:05.399,2023-01-23 02:23:05.399,,,UTC-0600,iRIQdWw88T,,com.sec.android.app.shealth,2023-01-23 02:23:04.799,a63b0dea-14f0-46ef-87a7-12019b261c5b,88.0,
,21312,1,2023-01-23 04:50:29.235,,,2023-01-23 04:50:37.752,2023-01-23 04:50:37.752,,,UTC-0600,iRIQdWw88T,,com.sec.android.app.shealth,2023-01-23 04:50:29.235,5f12976e-4b4d-47bb-bd58-d7e1629d4376,85.0,
,21312,1,2023-01-22 22:00:29.263,,,2023-01-22 22:02:49.949,2023-01-22 22:02:49.949,,,UTC-0600,iRIQdWw88T,,com.sec.android.app.shealth,2023-01-22 22:00:29.263,c0a0c257-8ff4-4982-a32e-6321442a26c1,100.0,
,21312,1,2023-01-22 23:40:29.272,,,2023-01-22 23:42:11.045,2023-01-22 23:42:11.045,,,UTC-0600,iRIQdWw88T,,com.sec.android.app.shealth,2023-01-22 23:40:29.272,ac56f244-4aa7-49a2-95bc-8cb8fba473ca,93.0,
,21312,1,2023-01-23 01:10:29.302,,,2023-01-23 01:12:10.414,2023-01-23 01:12:10.414,,,UTC-0600,iRIQdWw88T,,com.sec.android.app.shealth,2023-01-23 01:10:29.302,e9ca242b-b177-40d1-aabe-c8d70fe3a41d,93.0,
,21312,1,2023-01-23 02:30:29.291,,,2023-01-23 02:30:29.225,2023-01-23 02:30:29.225,,,UTC-0600,iRIQdWw88T,,com.sec.android.app.shealth,2023-01-23 02:30:29.291,8e02c08b-032a-435b-94a1-1f31df422303,91.0,
,21312,1,2023-01-22 22:10:29.282,,,2023-01-22 22:14:58.803,2023-01-22 22:14:58.803,,,UTC-0600,iRIQdWw88T,,com.sec.android.app.shealth,2023-01-22 22:10:29.282,22aa3ba8-e94c-4d40-8018-e637af555204,92.0,
,21312,1,2023-01-23 06:00:48.680,,,2023-01-23 06:15:03.097,2023-01-23 06:15:03.097,,,UTC-0600,iRIQdWw88T,,com.sec.android.app.shealth,2023-01-23 06:00:48.680,be81f935-0f5a-4d72-bd96-84b0a1d69e95,80.0,
,21312,1,2023-01-23 00:10:29.241,,,2023-01-23 00:15:00.332,2023-01-23 00:15:00.332,,,UTC-0600,iRIQdWw88T,,com.sec.android.app.shealth,2023-01-23 00:10:29.241,7370ded2-3b05-42eb-89b7-e2074cb97b32,95.0,
,21312,1,2023-01-23 01:30:29.291,,,2023-01-23 01:34:30.703,2023-01-23 01:34:30.703,,,UTC-0600,iRIQdWw88T,,com.sec.android.app.shealth,2023-01-23 01:30:29.291,d9988766-8dfa-48f6-819e-c5ee48627c5a,104.0,
,21312,1,2023-01-23 02:40:58.482,,,2023-01-23 02:42:45.268,2023-01-23 02:42:45.268,,,UTC-0600,iRIQdWw88T,,com.sec.android.app.shealth,2023-01-23 02:40:58.482,89569379-0e43-48b1-ba50-bde06fe18e9e,95.0,
,21312,1,2023-01-22 22:20:50.723,,,2023-01-22 22:26:17.597,2023-01-22 22:26:17.597,,,UTC-0600,iRIQdWw88T,,com.sec.android.app.shealth,2023-01-22 22:20:50.723,c86d2196-6b42-4108-b15a-a7862953bfcb,115.0,
,21312,1,2023-01-23 00:20:29.302,,,2023-01-23 00:34:59.546,2023-01-23 00:34:59.546,,,UTC-0600,iRIQdWw88T,,com.sec.android.app.shealth,2023-01-23 00:20:29.302,61622c2d-2be1-44b6-b9a7-61cd0031ddff,101.0,
,21312,1,2023-01-23 05:10:50.690,,,2023-01-23 05:11:59.071,2023-01-23 05:11:59.071,,,UTC-0600,iRIQdWw88T,,com.sec.android.app.shealth,2023-01-23 05:10:50.690,ab423fe8-cfe3-4751-8cf0-e1603fc39105,59.0,
,21312,1,2023-01-23 07:00:29.229,,,2023-01-23 07:12:02.227,2023-01-23 07:12:02.227,,,UTC-0600,iRIQdWw88T,,com.sec.android.app.shealth,2023-01-23 07:00:29.229,d2c7a71b-869c-4da5-b014-df5e7e3a6c2a,74.0,
,21312,1,2023-01-23 01:40:29.277,,,2023-01-23 01:46:28.217,2023-01-23 01:46:28.217,,,UTC-0600,iRIQdWw88T,,com.sec.android.app.shealth,2023-01-23 01:40:29.277,8824b6e7-ddcb-41ab-817e-5743a7b17f43,106.0,
,21312,1,2023-01-23 05:00:29.300,,,2023-01-23 05:00:58.003,2023-01-23 05:00:58.003,,,UTC-0600,iRIQdWw88T,,com.sec.android.app.shealth,2023-01-23 05:00:29.300,d51c6726-3d6c-4a6f-be2b-0a4c4fa4aaa8,87.0,
,21312,1,2023-01-23 06:20:29.281,,,2023-01-23 06:35:02.977,2023-01-23 06:35:02.977,,,UTC-0600,iRIQdWw88T,,com.sec.android.app.shealth,2023-01-23 06:20:29.281,c79c9302-f9a5-4061-b7b0-20c00f4b2261,70.0,
,21312,1,2023-01-23 06:10:29.261,,,2023-01-23 06:15:03.106,2023-01-23 06:15:03.106,,,UTC-0600,iRIQdWw88T,,com.sec.android.app.shealth,2023-01-23 06:10:29.261,38f752d6-bc63-4b1d-897d-e66939ddbc23,76.0,
,21312,1,2023-01-23 08:00:29.233,,,2023-01-23 08:15:00.039,2023-01-23 08:15:00.039,,,UTC-0600,iRIQdWw88T,,com.sec.android.app.shealth,2023-01-23 08:00:29.233,5b9bd4f8-90c1-4205-9b9d-258c108ad818,81.0,
,21312,1,2023-01-23 07:10:29.259,,,2023-01-23 07:12:02.359,2023-01-23 07:12:02.359,,,UTC-0600,iRIQdWw88T,,com.sec.android.app.shealth,2023-01-23 07:10:29.259,03791bcd-2986-4823-86d7-e6f963c470df,85.0,
,21312,1,2023-01-23 07:20:29.246,,,2023-01-23 07:22:45.896,2023-01-23 07:22:45.896,,,UTC-0600,iRIQdWw88T,,com.sec.android.app.shealth,2023-01-23 07:20:29.246,59d2ad36-210e-4eb9-9cb9-bc00bfcd6604,81.0,
,21312,1,2023-01-23 02:50:41.467,,,2023-01-23 02:53:17.050,2023-01-23 02:53:17.050,,,UTC-0600,iRIQdWw88T,,com.sec.android.app.shealth,2023-01-23 02:50:41.467,22a3c650-a8fb-49e6-8b87-5929ad50c20f,90.0,
,21312,1,2023-01-23 05:20:48.377,,,2023-01-23 05:34:59.126,2023-01-23 05:34:59.126,,,UTC-0600,iRIQdWw88T,,com.sec.android.app.shealth,2023-01-23 05:20:48.377,b403f370-a42c-4179-910e-694b7c66bed2,84.0,
,21312,1,2023-01-23 08:10:29.295,,,2023-01-23 08:15:00.080,2023-01-23 08:15:00.080,,,UTC-0600,iRIQdWw88T,,com.sec.android.app.shealth,2023-01-23 08:10:29.295,7aac5fc0-0743-4826-829d-986189235c54,81.0,
,21312,1,2023-01-23 09:10:29.251,,,2023-01-23 09:15:00.116,2023-01-23 09:15:00.116,,,UTC-0600,iRIQdWw88T,,com.sec.android.app.shealth,2023-01-23 09:10:29.251,054ef912-e6e8-4e21-985e-caaff18afca5,82.0,
,21312,1,2023-01-23 09:20:29.279,,,2023-01-23 09:34:59.386,2023-01-23 09:34:59.386,,,UTC-0600,iRIQdWw88T,,com.sec.android.app.shealth,2023-01-23 09:20:29.279,39e0d212-2462-45ea-848d-1112ba8eb0b1,78.0,
,21312,1,2023-01-23 10:11:09.359,,,2023-01-23 10:15:00.016,2023-01-23 10:15:00.016,,,UTC-0600,iRIQdWw88T,,com.sec.android.app.shealth,2023-01-23 10:11:09.359,cf1edef5-2e91-4955-9bfc-0a2a6e57b0d0,88.0,
,21312,1,2023-01-23 06:30:29.256,,,2023-01-23 06:35:02.989,2023-01-23 06:35:02.989,,,UTC-0600,iRIQdWw88T,,com.sec.android.app.shealth,2023-01-23 06:30:29.256,eff0df1f-8b83-4d8d-8fd5-53eb0d19bfc8,77.0,
,21312,1,2023-01-23 11:40:29.286,,,2023-01-23 11:40:35.583,2023-01-23 11:40:35.583,,,UTC-0600,iRIQdWw88T,,com.sec.android.app.shealth,2023-01-23 11:40:29.286,849e2b9a-2429-48a7-a16b-ef1a5d2bf7da,80.0,
,21312,1,2023-01-23 08:20:29.287,,,2023-01-23 08:33:03.176,2023-01-23 08:33:03.176,,,UTC-0600,iRIQdWw88T,,com.sec.android.app.shealth,2023-01-23 08:20:29.287,26b42ab6-6d71-451d-96f4-e3c3b37cb450,78.0,
,21312,1,2023-01-23 12:40:29.234,,,2023-01-23 12:54:55.507,2023-01-23 12:54:55.507,,,UTC-0600,iRIQdWw88T,,com.sec.android.app.shealth,2023-01-23 12:40:29.234,6fe36ba2-9d21-4377-a3c4-c92b3bfdb69a,70.0,
,21312,1,2023-01-23 13:40:29.258,,,2023-01-23 13:54:56.209,2023-01-23 13:54:56.209,,,UTC-0600,iRIQdWw88T,,com.sec.android.app.shealth,2023-01-23 13:40:29.258,f0acc696-2552-4d92-8971-1783029ba894,59.0,
,21312,1,2023-01-22 22:30:29.239,,,2023-01-22 22:34:59.922,2023-01-22 22:34:59.922,,,UTC-0600,iRIQdWw88T,,com.sec.android.app.shealth,2023-01-22 22:30:29.239,e3141ae7-9c4e-4dfb-ab69-b471e8eb41e7,101.0,
,21312,1,2023-01-23 14:40:29.305,,,2023-01-23 14:54:45.928,2023-01-23 14:54:45.928,,,UTC-0600,iRIQdWw88T,,com.sec.android.app.shealth,2023-01-23 14:40:29.305,81e71233-cac8-43ba-a5eb-b12d0e56a994,68.0,
,21312,1,2023-01-23 00:30:29.262,,,2023-01-23 00:34:59.556,2023-01-23 00:34:59.556,,,UTC-0600,iRIQdWw88T,,com.sec.android.app.shealth,2023-01-23 00:30:29.262,23e1a648-2f7f-4ad3-8125-fd471aa211f6,101.0,
,21312,1,2023-01-23 16:00:29.228,,,2023-01-23 16:02:05.399,2023-01-23 16:02:05.399,,,UTC-0600,iRIQdWw88T,,com.sec.android.app.shealth,2023-01-23 16:00:29.228,83fc986e-25af-4d46-8853-ed6225c1f3c5,83.0,
,21312,1,2023-01-23 07:30:29.316,,,2023-01-23 07:34:59.534,2023-01-23 07:34:59.534,,,UTC-0600,iRIQdWw88T,,com.sec.android.app.shealth,2023-01-23 07:30:29.316,507a539e-8441-4f62-91e4-f6b87d8f7dd3,78.0,
,21312,1,2023-01-23 01:50:29.234,,,2023-01-23 01:54:44.202,2023-01-23 01:54:44.202,,,UTC-0600,iRIQdWw88T,,com.sec.android.app.shealth,2023-01-23 01:50:29.234,d4dedab5-7039-4506-b474-4200ae92ceb5,90.0,
,21312,1,2023-01-23 09:30:29.261,,,2023-01-23 09:34:59.396,2023-01-23 09:34:59.396,,,UTC-0600,iRIQdWw88T,,com.sec.android.app.shealth,2023-01-23 09:30:29.261,e9403ccb-1737-4a0d-bfba-abdd4afe0895,81.0,
,21312,1,2023-01-23 04:31:16.661,,,2023-01-23 04:34:36.816,2023-01-23 04:34:36.816,,,UTC-0600,iRIQdWw88T,,com.sec.android.app.shealth,2023-01-23 04:31:16.661,0cf18cb5-5046-4f4d-8517-afc8b6f858c4,97.0,
,21312,1,2023-01-23 17:20:38.486,,,2023-01-23 17:34:58.808,2023-01-23 17:34:58.808,,,UTC-0600,iRIQdWw88T,,com.sec.android.app.shealth,2023-01-23 17:20:38.486,ec0de8ac-41f7-4684-a97b-cdb460d55e39,92.0,
,21312,1,2023-01-23 05:31:24.510,,,2023-01-23 05:34:59.138,2023-01-23 05:34:59.138,,,UTC-0600,iRIQdWw88T,,com.sec.android.app.shealth,2023-01-23 05:31:24.510,36677b02-84c4-43ac-98fb-21a719c8337f,95.0,
,21312,1,2023-01-23 18:30:29.231,,,2023-01-23 18:34:59.809,2023-01-23 18:34:59.809,,,UTC-0600,iRIQdWw88T,,com.sec.android.app.shealth,2023-01-23 18:30:29.231,4c536633-1080-46dd-bd82-1bb0855774e2,78.0,
,21312,1,2023-01-23 06:40:29.319,,,2023-01-23 06:55:02.103,2023-01-23 06:55:02.103,,,UTC-0600,iRIQdWw88T,,com.sec.android.app.shealth,2023-01-23 06:40:29.319,a5792f91-eb3c-4cf3-a538-062c5b669460,73.0,
,21312,1,2023-01-23 10:50:29.280,,,2023-01-23 10:54:59.726,2023-01-23 10:54:59.726,,,UTC-0600,iRIQdWw88T,,com.sec.android.app.shealth,2023-01-23 10:50:29.280,7a8cf125-73f8-46b2-b65f-75da8e50aa84,83.0,
,21312,1,2023-01-23 07:40:29.302,,,2023-01-23 07:48:28.965,2023-01-23 07:48:28.965,,,UTC-0600,iRIQdWw88T,,com.sec.android.app.shealth,2023-01-23 07:40:29.302,7607c75a-1cd9-45fe-adfa-3a46f7d00a40,84.0,
,21312,1,2023-01-23 08:30:29.308,,,2023-01-23 08:33:03.243,2023-01-23 08:33:03.243,,,UTC-0600,iRIQdWw88T,,com.sec.android.app.shealth,2023-01-23 08:30:29.308,430b1f6c-ac68-42e5-b928-75e585a73a29,76.0,
,21312,1,2023-01-23 19:30:29.361,,,2023-01-23 19:35:05.833,2023-01-23 19:35:05.833,,,UTC-0600,iRIQdWw88T,,com.sec.android.app.shealth,2023-01-23 19:30:29.361,abf3ffd3-cfa6-41bb-82db-815e821a5c53,60.0,
,21312,1,2023-01-23 10:30:55.728,,,2023-01-23 10:32:31.777,2023-01-23 10:32:31.777,,,UTC-0600,iRIQdWw88T,,com.sec.android.app.shealth,2023-01-23 10:30:55.728,4656343f-03b8-401a-b6f8-003ca4155921,99.0,
,21312,1,2023-01-23 09:40:29.313,,,2023-01-23 09:44:42.630,2023-01-23 09:44:42.630,,,UTC-0600,iRIQdWw88T,,com.sec.android.app.shealth,2023-01-23 09:40:29.313,b131c443-9236-43da-a4fc-bca8d23e78ee,79.0,
,21312,1,2023-01-23 08:50:29.255,,,2023-01-23 08:54:59.101,2023-01-23 08:54:59.101,,,UTC-0600,iRIQdWw88T,,com.sec.android.app.shealth,2023-01-23 08:50:29.255,66dbc872-a2e3-4dd5-ab35-adb351a81eeb,90.0,
,21312,1,2023-01-23 11:50:29.249,,,2023-01-23 11:50:45.485,2023-01-23 11:50:45.485,,,UTC-0600,iRIQdWw88T,,com.sec.android.app.shealth,2023-01-23 11:50:29.249,e4139ace-e38a-4c53-ad70-0bf377b5159e,76.0,
,21312,1,2023-01-23 12:00:29.293,,,2023-01-23 12:01:33.911,2023-01-23 12:01:33.911,,,UTC-0600,iRIQdWw88T,,com.sec.android.app.shealth,2023-01-23 12:00:29.293,e7173356-d58e-41d8-b3b4-bf7d59b1fb13,74.0,
,21312,1,2023-01-23 20:50:29.335,,,2023-01-23 20:51:02.431,2023-01-23 20:51:02.431,,,UTC-0600,iRIQdWw88T,,com.sec.android.app.shealth,2023-01-23 20:50:29.335,a472945c-1187-4758-8629-e38b9d519ec0,88.0,
,21312,1,2023-01-23 09:50:29.220,,,2023-01-23 09:55:00.063,2023-01-23 09:55:00.063,,,UTC-0600,iRIQdWw88T,,com.sec.android.app.shealth,2023-01-23 09:50:29.220,06ccd1dc-7442-4802-91be-83a5a00ebf52,77.0,
,21312,1,2023-01-23 12:50:29.227,,,2023-01-23 12:54:55.514,2023-01-23 12:54:55.514,,,UTC-0600,iRIQdWw88T,,com.sec.android.app.shealth,2023-01-23 12:50:29.227,8417b08b-eddf-487f-bec7-eda0f1d11bbd,65.0,
,21312,1,2023-01-23 13:00:29.232,,,2023-01-23 13:01:03.183,2023-01-23 13:01:03.183,,,UTC-0600,iRIQdWw88T,,com.sec.android.app.shealth,2023-01-23 13:00:29.232,87202f06-45b1-45e3-89b5-3e0bc02e542a,66.0,
,21312,1,2023-01-23 11:00:29.229,,,2023-01-23 11:01:05.850,2023-01-23 11:01:05.850,,,UTC-0600,iRIQdWw88T,,com.sec.android.app.shealth,2023-01-23 11:00:29.229,07ee8d2c-49dd-457c-acc0-11cf9fb45cbf,95.0,
,21312,1,2023-01-23 21:50:29.293,,,2023-01-23 21:54:08.131,2023-01-23 21:54:08.131,,,UTC-0600,iRIQdWw88T,,com.sec.android.app.shealth,2023-01-23 21:50:29.293,265a0ace-91c7-4586-9cc8-4afc3605339f,85.0,
,21312,1,2023-01-23 13:50:29.221,,,2023-01-23 13:54:56.228,2023-01-23 13:54:56.228,,,UTC-0600,iRIQdWw88T,,com.sec.android.app.shealth,2023-01-23 13:50:29.221,c8e48d18-9512-4e20-acf7-18cd4d3677d0,63.0,
,21312,1,2023-01-23 12:10:29.243,,,2023-01-23 12:12:54.396,2023-01-23 12:12:54.396,,,UTC-0600,iRIQdWw88T,,com.sec.android.app.shealth,2023-01-23 12:10:29.243,68f36f0d-b591-47d8-a854-2fc0576f5e0e,69.0,
,21312,1,2023-01-23 11:10:29.392,,,2023-01-23 11:11:07.072,2023-01-23 11:11:07.072,,,UTC-0600,iRIQdWw88T,,com.sec.android.app.shealth,2023-01-23 11:10:29.392,9ba28e6c-247d-47a7-9c30-d8eaf8c1554b,91.0,
,21312,1,2023-01-23 23:00:29.220,,,2023-01-23 23:06:01.140,2023-01-23 23:06:01.140,,,UTC-0600,iRIQdWw88T,,com.sec.android.app.shealth,2023-01-23 23:00:29.220,d98276a5-3fe9-4ff4-81a0-02a7c23f754e,80.0,
,21312,1,2023-01-23 14:00:29.319,,,2023-01-23 14:14:52.774,2023-01-23 14:14:52.774,,,UTC-0600,iRIQdWw88T,,com.sec.android.app.shealth,2023-01-23 14:00:29.319,9b42d378-4e9e-4f15-ab39-4bede3879c48,59.0,
,21312,1,2023-01-23 12:20:29.289,,,2023-01-23 12:34:58.917,2023-01-23 12:34:58.917,,,UTC-0600,iRIQdWw88T,,com.sec.android.app.shealth,2023-01-23 12:20:29.289,4632cf3b-8c7b-4891-b336-d29114df0fc5,69.0,
,21312,1,2023-01-23 14:50:29.268,,,2023-01-23 14:54:45.937,2023-01-23 14:54:45.937,,,UTC-0600,iRIQdWw88T,,com.sec.android.app.shealth,2023-01-23 14:50:29.268,d16a640b-0a87-416e-860d-f2cda9062af8,69.0,
,21312,1,2023-01-23 13:10:29.226,,,2023-01-23 13:15:03.007,2023-01-23 13:15:03.007,,,UTC-0600,iRIQdWw88T,,com.sec.android.app.shealth,2023-01-23 13:10:29.226,24365491-270b-416f-a464-80765c256343,59.0,
,21312,1,2023-01-23 13:20:29.292,,,2023-01-23 13:34:59.612,2023-01-23 13:34:59.612,,,UTC-0600,iRIQdWw88T,,com.sec.android.app.shealth,2023-01-23 13:20:29.292,ad5bb230-cc9f-4abe-99f3-cd321771868a,62.0,
,21312,1,2023-01-23 14:10:29.224,,,2023-01-23 14:14:52.779,2023-01-23 14:14:52.779,,,UTC-0600,iRIQdWw88T,,com.sec.android.app.shealth,2023-01-23 14:10:29.224,a1364bc6-eb50-4c35-8532-1df381b88e53,61.0,
,21312,1,2023-01-23 14:20:29.266,,,2023-01-23 14:34:49.352,2023-01-23 14:34:49.352,,,UTC-0600,iRIQdWw88T,,com.sec.android.app.shealth,2023-01-23 14:20:29.266,a48a909c-b056-42d3-9beb-6ee8e3fc3330,63.0,
,21312,1,2023-01-23 16:20:29.245,,,2023-01-23 16:22:46.750,2023-01-23 16:22:46.750,,,UTC-0600,iRIQdWw88T,,com.sec.android.app.shealth,2023-01-23 16:20:29.245,c72adc05-22f0-4766-bf31-12136265781d,81.0,
,21312,1,2023-01-23 15:00:29.274,,,2023-01-23 15:14:42.435,2023-01-23 15:14:42.435,,,UTC-0600,iRIQdWw88T,,com.sec.android.app.shealth,2023-01-23 15:00:29.274,08ec2be5-bc3c-4550-8455-4cf6a5ba1d27,60.0,
,21312,1,2023-01-24 00:00:29.336,,,2023-01-24 00:00:50.211,2023-01-24 00:00:50.211,,,UTC-0600,iRIQdWw88T,,com.sec.android.app.shealth,2023-01-24 00:00:29.336,4f5e7fee-86cd-49e5-ac34-4363ab22e1e2,81.0,
,21312,1,2023-01-24 01:30:42.037,,,2023-01-24 01:31:33.171,2023-01-24 01:31:33.171,,,UTC-0600,iRIQdWw88T,,com.sec.android.app.shealth,2023-01-24 01:30:42.037,cf1010bf-20d8-4c31-b01b-9a40c2424201,100.0,
,21312,1,2023-01-23 15:10:29.251,,,2023-01-23 15:14:42.444,2023-01-23 15:14:42.444,,,UTC-0600,iRIQdWw88T,,com.sec.android.app.shealth,2023-01-23 15:10:29.251,5204df21-32e2-4958-99f8-e178367f51f9,74.0,
,21312,1,2023-01-23 16:30:29.300,,,2023-01-23 16:33:03.339,2023-01-23 16:33:03.339,,,UTC-0600,iRIQdWw88T,,com.sec.android.app.shealth,2023-01-23 16:30:29.300,58da6a76-9b34-4aa5-9874-4a7a7844ee0a,80.0,
,21312,1,2023-01-23 16:40:55.731,,,2023-01-23 16:54:58.922,2023-01-23 16:54:58.922,,,UTC-0600,iRIQdWw88T,,com.sec.android.app.shealth,2023-01-23 16:40:55.731,4076cb17-428a-4149-8ced-238d7df4d4e7,110.0,
,21312,1,2023-01-23 17:30:29.270,,,2023-01-23 17:34:58.817,2023-01-23 17:34:58.817,,,UTC-0600,iRIQdWw88T,,com.sec.android.app.shealth,2023-01-23 17:30:29.270,b356ec82-b0ce-4af0-8607-4b222d6a67a3,93.0,
,21312,1,2023-01-23 15:20:29.273,,,2023-01-23 15:35:19.628,2023-01-23 15:35:19.628,,,UTC-0600,iRIQdWw88T,,com.sec.android.app.shealth,2023-01-23 15:20:29.273,9274d07b-0083-49d5-a886-76f91f374ce8,73.0,
,21312,1,2023-01-23 18:40:29.289,,,2023-01-23 18:54:57.658,2023-01-23 18:54:57.658,,,UTC-0600,iRIQdWw88T,,com.sec.android.app.shealth,2023-01-23 18:40:29.289,ccba0750-8e1d-45f0-94ff-aa195011a6f7,70.0,
,21312,1,2023-01-23 17:40:29.269,,,2023-01-23 17:46:09.806,2023-01-23 17:46:09.806,,,UTC-0600,iRIQdWw88T,,com.sec.android.app.shealth,2023-01-23 17:40:29.269,921ad691-0b84-4c1c-9964-dd0660326612,88.0,
,21312,1,2023-01-23 19:40:29.240,,,2023-01-23 19:41:43.762,2023-01-23 19:41:43.762,,,UTC-0600,iRIQdWw88T,,com.sec.android.app.shealth,2023-01-23 19:40:29.240,e470fc88-2dfc-4d74-9b21-c77fc98ee398,86.0,
,21312,1,2023-01-23 17:00:29.281,,,2023-01-23 17:03:35.075,2023-01-23 17:03:35.075,,,UTC-0600,iRIQdWw88T,,com.sec.android.app.shealth,2023-01-23 17:00:29.281,3f61ad49-5c63-4285-9a8e-86a7452b8fa7,77.0,
,21312,1,2023-01-23 18:50:29.276,,,2023-01-23 18:54:57.670,2023-01-23 18:54:57.670,,,UTC-0600,iRIQdWw88T,,com.sec.android.app.shealth,2023-01-23 18:50:29.276,01adc19d-8196-481c-a6f8-e96a75c6cc3a,71.0,
,21312,1,2023-01-23 21:00:29.239,,,2023-01-23 21:00:38.427,2023-01-23 21:00:38.427,,,UTC-0600,iRIQdWw88T,,com.sec.android.app.shealth,2023-01-23 21:00:29.239,79252cec-bac6-4abf-a656-ad75ea5aa8f2,84.0,
,21312,1,2023-01-23 18:10:29.239,,,2023-01-23 18:14:59.550,2023-01-23 18:14:59.550,,,UTC-0600,iRIQdWw88T,,com.sec.android.app.shealth,2023-01-23 18:10:29.239,c9dbeec3-a6f0-4761-85be-3cc15e064ac4,78.0,
,21312,1,2023-01-23 22:10:29.291,,,2023-01-23 22:15:00.401,2023-01-23 22:15:00.401,,,UTC-0600,iRIQdWw88T,,com.sec.android.app.shealth,2023-01-23 22:10:29.291,3b306e51-c955-4275-9e4b-13960a97e5b0,92.0,
,21312,1,2023-01-23 19:50:29.306,,,2023-01-23 19:53:10.212,2023-01-23 19:53:10.212,,,UTC-0600,iRIQdWw88T,,com.sec.android.app.shealth,2023-01-23 19:50:29.306,bda47476-1058-4d96-9af9-1a1b314fad7e,75.0,
,21312,1,2023-01-23 23:10:29.300,,,2023-01-23 23:11:04.304,2023-01-23 23:11:04.304,,,UTC-0600,iRIQdWw88T,,com.sec.android.app.shealth,2023-01-23 23:10:29.300,def6b92b-920f-4a49-9a7a-73f1ce6e8cf4,71.0,
,21312,1,2023-01-23 17:50:29.275,,,2023-01-23 17:51:02.752,2023-01-23 17:51:02.752,,,UTC-0600,iRIQdWw88T,,com.sec.android.app.shealth,2023-01-23 17:50:29.275,6f69b5ef-3268-4048-8a7a-9e1c7babb3bf,82.0,
,21312,1,2023-01-23 19:10:29.250,,,2023-01-23 19:14:53.875,2023-01-23 19:14:53.875,,,UTC-0600,iRIQdWw88T,,com.sec.android.app.shealth,2023-01-23 19:10:29.250,bb44bcf2-55e0-4308-9b9a-e72fde07e01d,61.0,
,21312,1,2023-01-23 21:10:29.299,,,2023-01-23 21:10:33.936,2023-01-23 21:10:33.936,,,UTC-0600,iRIQdWw88T,,com.sec.android.app.shealth,2023-01-23 21:10:29.299,5222fc93-919b-4b07-a63a-5138a5eb1648,81.0,
,21312,1,2023-01-24 00:10:57.075,,,2023-01-24 00:11:31.457,2023-01-24 00:11:31.457,,,UTC-0600,iRIQdWw88T,,com.sec.android.app.shealth,2023-01-24 00:10:57.075,9321369c-700f-4b8d-ba2f-e25353ca4033,103.0,
,21312,1,2023-01-23 20:10:29.293,,,2023-01-23 20:14:56.510,2023-01-23 20:14:56.510,,,UTC-0600,iRIQdWw88T,,com.sec.android.app.shealth,2023-01-23 20:10:29.293,cb3da7c8-93e7-413f-b961-3e72f32c3ffc,83.0,
,21312,1,2023-01-23 19:00:29.317,,,2023-01-23 19:14:53.867,2023-01-23 19:14:53.867,,,UTC-0600,iRIQdWw88T,,com.sec.android.app.shealth,2023-01-23 19:00:29.317,a08e3c29-c588-46cc-8ea1-a7fdc552af15,69.0,
,21312,1,2023-01-23 21:30:29.306,,,2023-01-23 21:33:22.606,2023-01-23 21:33:22.606,,,UTC-0600,iRIQdWw88T,,com.sec.android.app.shealth,2023-01-23 21:30:29.306,1f2c2e28-69db-443b-b63b-8a408461f3b9,97.0,
,21312,1,2023-01-23 22:20:29.251,,,2023-01-23 22:21:51.709,2023-01-23 22:21:51.709,,,UTC-0600,iRIQdWw88T,,com.sec.android.app.shealth,2023-01-23 22:20:29.251,1755caff-1961-4d70-a23c-5cd4b43d4dc3,86.0,
,21312,1,2023-01-24 01:40:29.265,,,2023-01-24 01:47:46.990,2023-01-24 01:47:46.990,,,UTC-0600,iRIQdWw88T,,com.sec.android.app.shealth,2023-01-24 01:40:29.265,9baaecc1-089d-4019-99b2-5c10736fafbe,80.0,
,21312,1,2023-01-23 22:40:29.251,,,2023-01-23 22:47:28.775,2023-01-23 22:47:28.775,,,UTC-0600,iRIQdWw88T,,com.sec.android.app.shealth,2023-01-23 22:40:29.251,1ca92438-8982-4e51-8be5-a6e2a7c705b0,89.0,
,21312,1,2023-01-23 23:20:31.374,,,2023-01-23 23:34:59.136,2023-01-23 23:34:59.136,,,UTC-0600,iRIQdWw88T,,com.sec.android.app.shealth,2023-01-23 23:20:31.374,6fda39f6-ed5d-4645-8baa-98938ac58bd0,94.0,
,21312,1,2023-01-23 23:40:29.231,,,2023-01-23 23:46:05.048,2023-01-23 23:46:05.048,,,UTC-0600,iRIQdWw88T,,com.sec.android.app.shealth,2023-01-23 23:40:29.231,b9afc988-9cfc-48b8-9851-86b68b6816cd,79.0,
,21312,1,2023-01-23 20:00:29.276,,,2023-01-23 20:14:56.503,2023-01-23 20:14:56.503,,,UTC-0600,iRIQdWw88T,,com.sec.android.app.shealth,2023-01-23 20:00:29.276,beb020bf-e5a9-4de5-b8d7-6c31d727ba8f,83.0,
,21312,1,2023-01-24 00:40:31.101,,,2023-01-24 00:45:38.571,2023-01-24 00:45:38.571,,,UTC-0600,iRIQdWw88T,,com.sec.android.app.shealth,2023-01-24 00:40:31.101,ce35eb30-1619-415b-a10f-044bc3fede81,90.0,
,21312,1,2023-01-23 21:21:07.349,,,2023-01-23 21:28:06.319,2023-01-23 21:28:06.319,,,UTC-0600,iRIQdWw88T,,com.sec.android.app.shealth,2023-01-23 21:21:07.349,e87a44e3-0eb9-447f-90c0-604120114f01,86.0,
,21312,1,2023-01-24 01:00:29.256,,,2023-01-24 01:00:59.462,2023-01-24 01:00:59.462,,,UTC-0600,iRIQdWw88T,,com.sec.android.app.shealth,2023-01-24 01:00:29.256,7d6e0fe6-3705-4852-bad5-a564c0baae42,80.0,
,21312,1,2023-01-23 22:30:29.292,,,2023-01-23 22:35:00.112,2023-01-23 22:35:00.112,,,UTC-0600,iRIQdWw88T,,com.sec.android.app.shealth,2023-01-23 22:30:29.292,6d03705c-22b1-4619-8636-42d8d3ca0626,82.0,
,21312,1,2023-01-24 01:50:29.258,,,2023-01-24 01:52:41.886,2023-01-24 01:52:41.886,,,UTC-0600,iRIQdWw88T,,com.sec.android.app.shealth,2023-01-24 01:50:29.258,d48e9485-ccd3-4edc-ab4d-003b04ec1ff4,77.0,
,21312,1,2023-01-23 23:30:29.269,,,2023-01-23 23:34:59.168,2023-01-23 23:34:59.168,,,UTC-0600,iRIQdWw88T,,com.sec.android.app.shealth,2023-01-23 23:30:29.269,f601ffde-5873-49dc-979b-a33a996781d7,87.0,
,21312,1,2023-01-24 00:51:56.711,,,2023-01-24 00:53:35.062,2023-01-24 00:53:35.062,,,UTC-0600,iRIQdWw88T,,com.sec.android.app.shealth,2023-01-24 00:51:56.711,91f03e30-53bc-4214-aaab-4270adc9eed9,105.0,
,21312,1,2023-01-22 23:20:29.380,,,2023-01-22 23:22:49.188,2023-01-22 23:22:49.188,,,UTC-0600,iRIQdWw88T,,com.sec.android.app.shealth,2023-01-22 23:20:29.380,d1035f31-bc5d-4dc7-816e-82230a5205b4,90.0,
,21312,1,2023-01-24 02:00:44.700,,,2023-01-24 02:01:04.703,2023-01-24 02:01:04.703,,,UTC-0600,iRIQdWw88T,,com.sec.android.app.shealth,2023-01-24 02:00:44.700,bdbca9cc-014f-40ca-98a0-1d438fc9c17a,83.0,
,21312,1,2023-01-24 02:50:29.228,,,2023-01-24 02:54:57.904,2023-01-24 02:54:57.904,,,UTC-0600,iRIQdWw88T,,com.sec.android.app.shealth,2023-01-24 02:50:29.228,a19ae1ad-b55f-4540-b0c9-31489afb186d,61.0,
,21312,1,2023-01-23 00:50:29.247,,,2023-01-23 00:54:56.886,2023-01-23 00:54:56.886,,,UTC-0600,iRIQdWw88T,,com.sec.android.app.shealth,2023-01-23 00:50:29.247,d4506b05-77cd-44e1-9171-2ba58f0a2a3e,103.0,
,21316,1,2023-01-24 08:22:36.786,,,2023-01-24 09:05:45.076,2023-01-24 08:35:00.065,,,UTC-0600,iRIQdWw88T,,com.sec.android.app.shealth,2023-01-24 08:22:36.786,32d8ab12-9dac-4e86-8b24-a1bee11c6144,95.0,
,21312,1,2023-01-23 02:20:29.259,,,2023-01-23 02:20:29.232,2023-01-23 02:20:29.232,,,UTC-0600,iRIQdWw88T,,com.sec.android.app.shealth,2023-01-23 02:20:29.259,2def1ee4-54b5-423b-9ea8-1694f3c43345,92.0,
,21312,1,2023-01-23 04:40:55.702,,,2023-01-23 04:41:01.878,2023-01-23 04:41:01.878,,,UTC-0600,iRIQdWw88T,,com.sec.android.app.shealth,2023-01-23 04:40:55.702,631b3c2e-1336-46ca-a1c9-95c80b0214cb,91.0,
,21312,1,2023-01-23 05:40:29.279,,,2023-01-23 05:40:31.332,2023-01-23 05:40:31.332,,,UTC-0600,iRIQdWw88T,,com.sec.android.app.shealth,2023-01-23 05:40:29.279,eb9fab94-1f80-45f3-8d42-6d88550ba5a8,79.0,
,21312,1,2023-01-23 06:50:29.236,,,2023-01-23 06:55:02.115,2023-01-23 06:55:02.115,,,UTC-0600,iRIQdWw88T,,com.sec.android.app.shealth,2023-01-23 06:50:29.236,66836f96-68f5-46e3-b2a3-b80520f2b281,83.0,
,21312,1,2023-01-23 07:50:29.237,,,2023-01-23 07:55:01.267,2023-01-23 07:55:01.267,,,UTC-0600,iRIQdWw88T,,com.sec.android.app.shealth,2023-01-23 07:50:29.237,a71052bc-0cdc-48c3-8d18-40a6e3910c6c,73.0,
,21312,1,2023-01-23 09:00:29.289,,,2023-01-23 09:03:02.987,2023-01-23 09:03:02.987,,,UTC-0600,iRIQdWw88T,,com.sec.android.app.shealth,2023-01-23 09:00:29.289,ae6e9229-61fc-467e-b9bc-0f814f6c6254,92.0,
,21312,1,2023-01-23 10:00:29.278,,,2023-01-23 10:03:01.367,2023-01-23 10:03:01.367,,,UTC-0600,iRIQdWw88T,,com.sec.android.app.shealth,2023-01-23 10:00:29.278,093cdc08-fd1b-4a29-8aa8-049ca8087e70,81.0,
,21312,1,2023-01-23 11:31:00.265,,,2023-01-23 11:33:46.477,2023-01-23 11:33:46.477,,,UTC-0600,iRIQdWw88T,,com.sec.android.app.shealth,2023-01-23 11:31:00.265,5cade63a-90ed-4cae-b7f3-919392737274,74.0,
,21312,1,2023-01-23 12:30:29.297,,,2023-01-23 12:34:58.923,2023-01-23 12:34:58.923,,,UTC-0600,iRIQdWw88T,,com.sec.android.app.shealth,2023-01-23 12:30:29.297,3fd934ee-4f5e-479d-864d-cf5a2214ac4c,70.0,
,21312,1,2023-01-23 13:30:29.257,,,2023-01-23 13:34:59.618,2023-01-23 13:34:59.618,,,UTC-0600,iRIQdWw88T,,com.sec.android.app.shealth,2023-01-23 13:30:29.257,beba362d-e2e8-4fb2-b808-cfec47b816be,68.0,
,21312,1,2023-01-23 14:30:29.227,,,2023-01-23 14:34:49.357,2023-01-23 14:34:49.357,,,UTC-0600,iRIQdWw88T,,com.sec.android.app.shealth,2023-01-23 14:30:29.227,67c5ba57-9975-44f7-ae60-0fd11f01983b,57.0,
,21312,1,2023-01-23 15:30:29.243,,,2023-01-23 15:35:19.636,2023-01-23 15:35:19.636,,,UTC-0600,iRIQdWw88T,,com.sec.android.app.shealth,2023-01-23 15:30:29.243,5de8651e-e1d8-4a7e-a1e2-4c0f7bf3acc8,63.0,
,21312,1,2023-01-23 17:10:51.227,,,2023-01-23 17:11:24.615,2023-01-23 17:11:24.615,,,UTC-0600,iRIQdWw88T,,com.sec.android.app.shealth,2023-01-23 17:10:51.227,f44d5845-4899-4b81-a4cf-e5a00bbe4024,87.0,
,21312,1,2023-01-23 18:20:29.235,,,2023-01-23 18:34:59.799,2023-01-23 18:34:59.799,,,UTC-0600,iRIQdWw88T,,com.sec.android.app.shealth,2023-01-23 18:20:29.235,e104e076-73d9-400b-b319-b1799c42eef5,73.0,
,21312,1,2023-01-23 19:20:29.295,,,2023-01-23 19:27:48.162,2023-01-23 19:27:48.162,,,UTC-0600,iRIQdWw88T,,com.sec.android.app.shealth,2023-01-23 19:20:29.295,4409f960-a6ac-42cb-862d-41c23e5238f1,71.0,
,21312,1,2023-01-23 20:20:29.326,,,2023-01-23 20:20:40.267,2023-01-23 20:20:40.267,,,UTC-0600,iRIQdWw88T,,com.sec.android.app.shealth,2023-01-23 20:20:29.326,20a846f2-bcba-4798-a428-4b34c5b34c29,95.0,
,21312,1,2023-01-23 21:40:29.260,,,2023-01-23 21:42:18.404,2023-01-23 21:42:18.404,,,UTC-0600,iRIQdWw88T,,com.sec.android.app.shealth,2023-01-23 21:40:29.260,aea76d37-16c0-4d07-a357-50d2353d3ddf,100.0,
,21312,1,2023-01-23 22:50:29.327,,,2023-01-23 22:50:43.039,2023-01-23 22:50:43.039,,,UTC-0600,iRIQdWw88T,,com.sec.android.app.shealth,2023-01-23 22:50:29.327,12336d0b-da01-44e1-804d-4b6ad161c8f4,77.0,
,21312,1,2023-01-23 23:50:29.295,,,2023-01-23 23:55:01.771,2023-01-23 23:55:01.771,,,UTC-0600,iRIQdWw88T,,com.sec.android.app.shealth,2023-01-23 23:50:29.295,691e9593-b711-479e-b855-de2272238325,78.0,
,21313,1,2023-01-24 06:00:00.000,,64bd2c3c-2b9f-485e-8505-3abc411c885c.com.samsung.health.heart_rate.binning_data.json,2023-01-24 07:13:55.691,2023-01-24 06:59:53.437,86.0,74.0,UTC-0600,iRIQdWw88T,,com.sec.android.app.shealth,2023-01-24 06:59:59.999,64bd2c3c-2b9f-485e-8505-3abc411c885c,82.0,
,21312,1,2023-01-24 01:20:29.294,,,2023-01-24 01:25:33.968,2023-01-24 01:25:33.968,,,UTC-0600,iRIQdWw88T,,com.sec.android.app.shealth,2023-01-24 01:20:29.294,602e5001-17c5-4ff9-b46e-10ce0c3b7726,81.0,
,21313,1,2023-01-24 07:00:00.000,,ad1eb7b0-f33c-4b73-91a2-ef4a090a1932.com.samsung.health.heart_rate.binning_data.json,2023-01-24 08:01:03.913,2023-01-24 07:13:55.898,116.0,79.0,UTC-0600,iRIQdWw88T,,com.sec.android.app.shealth,2023-01-24 07:59:59.999,ad1eb7b0-f33c-4b73-91a2-ef4a090a1932,99.0,
,21313,1,2023-01-24 08:00:00.000,,b9c95bb2-843a-4416-9aae-c9882d340658.com.samsung.health.heart_rate.binning_data.json,2023-01-24 08:09:38.502,2023-01-24 08:01:04.027,106.0,90.0,UTC-0600,iRIQdWw88T,,com.sec.android.app.shealth,2023-01-24 08:09:38.448,b9c95bb2-843a-4416-9aae-c9882d340658,97.0,
,21313,1,2023-01-24 08:00:00.000,,5091b313-b011-4cd6-91b3-f34ffc5f26d4.com.samsung.health.heart_rate.binning_data.json,2023-01-24 09:05:46.046,2023-01-24 07:40:15.719,114.0,84.0,UTC-0600,iRIQdWw88T,,com.sec.android.app.shealth,2023-01-24 08:59:59.999,5091b313-b011-4cd6-91b3-f34ffc5f26d4,95.0,
,21313,1,2023-01-24 13:00:00.000,,0891365f-1615-4caf-aec8-17b5545b4317.com.samsung.health.heart_rate.binning_data.json,2023-01-24 14:01:07.303,2023-01-24 13:14:06.136,87.0,60.0,UTC-0600,iRIQdWw88T,,com.sec.android.app.shealth,2023-01-24 13:59:59.999,0891365f-1615-4caf-aec8-17b5545b4317,77.0,
,21313,1,2023-01-24 03:00:00.000,,b53a1592-f7a3-48cf-9552-18fd11c9ab0c.com.samsung.health.heart_rate.binning_data.json,2023-01-24 06:59:53.116,2023-01-24 03:00:58.043,98.0,73.0,UTC-0600,iRIQdWw88T,,com.sec.android.app.shealth,2023-01-24 03:59:59.999,b53a1592-f7a3-48cf-9552-18fd11c9ab0c,85.0,
,21313,1,2023-01-24 12:00:00.000,,1a27150e-8e3f-47fa-952c-8b31dfc65415.com.samsung.health.heart_rate.binning_data.json,2023-01-24 13:13:57.733,2023-01-24 12:14:01.956,103.0,57.0,UTC-0600,iRIQdWw88T,,com.sec.android.app.shealth,2023-01-24 12:59:59.999,1a27150e-8e3f-47fa-952c-8b31dfc65415,80.0,
,21313,1,2023-01-24 10:00:00.000,,59438928-017e-4ec2-9d46-4fc017a6da1a.com.samsung.health.heart_rate.binning_data.json,2023-01-24 11:13:56.541,2023-01-24 10:01:42.559,100.0,65.0,UTC-0600,iRIQdWw88T,,com.sec.android.app.shealth,2023-01-24 10:59:59.999,59438928-017e-4ec2-9d46-4fc017a6da1a,83.0,
,21313,1,2023-01-24 14:00:00.000,,72133b2f-2bcb-4c3a-a746-530ad37e1afc.com.samsung.health.heart_rate.binning_data.json,2023-01-24 15:11:26.363,2023-01-24 14:01:08.461,95.0,55.0,UTC-0600,iRIQdWw88T,,com.sec.android.app.shealth,2023-01-24 14:59:59.999,72133b2f-2bcb-4c3a-a746-530ad37e1afc,76.0,
,21313,1,2023-01-24 18:00:00.000,,3a149e4c-d2f5-4988-a4df-6bd4f3434c5e.com.samsung.health.heart_rate.binning_data.json,2023-01-24 19:03:29.417,2023-01-24 18:11:21.281,93.0,52.0,UTC-0600,iRIQdWw88T,,com.sec.android.app.shealth,2023-01-24 18:59:59.999,3a149e4c-d2f5-4988-a4df-6bd4f3434c5e,68.0,
,21313,1,2023-01-24 19:00:00.000,,dddb1853-d050-495f-8b51-2262a3c93af3.com.samsung.health.heart_rate.binning_data.json,2023-01-24 20:01:58.648,2023-01-24 19:03:29.530,91.0,60.0,UTC-0600,iRIQdWw88T,,com.sec.android.app.shealth,2023-01-24 19:59:59.999,dddb1853-d050-495f-8b51-2262a3c93af3,77.0,
,21313,1,2023-01-24 11:00:00.000,,542baefd-ab19-4f9c-b891-edf80be150fa.com.samsung.health.heart_rate.binning_data.json,2023-01-24 12:13:56.701,2023-01-24 11:13:56.960,96.0,60.0,UTC-0600,iRIQdWw88T,,com.sec.android.app.shealth,2023-01-24 11:59:59.999,542baefd-ab19-4f9c-b891-edf80be150fa,81.0,
,21313,1,2023-01-24 09:00:00.000,,c14208ab-a5a5-40fb-82f3-79101ea9150b.com.samsung.health.heart_rate.binning_data.json,2023-01-24 10:01:42.385,2023-01-24 09:05:46.534,104.0,84.0,UTC-0600,iRIQdWw88T,,com.sec.android.app.shealth,2023-01-24 09:59:59.999,c14208ab-a5a5-40fb-82f3-79101ea9150b,93.0,
,21313,1,2023-01-25 01:00:00.000,,62cac7d3-bf5e-4a68-979c-bf5852a462ab.com.samsung.health.heart_rate.binning_data.json,2023-01-25 02:05:13.952,2023-01-25 01:23:01.525,100.0,74.0,UTC-0600,iRIQdWw88T,,com.sec.android.app.shealth,2023-01-25 01:59:59.999,62cac7d3-bf5e-4a68-979c-bf5852a462ab,88.0,
,21313,1,2023-01-24 17:00:00.000,,dd6781b0-dabb-4dd4-b0b0-1d21707a9c34.com.samsung.health.heart_rate.binning_data.json,2023-01-24 18:11:21.533,2023-01-24 17:11:23.963,89.0,50.0,UTC-0600,iRIQdWw88T,,com.sec.android.app.shealth,2023-01-24 17:59:59.999,dd6781b0-dabb-4dd4-b0b0-1d21707a9c34,65.0,
,21313,1,2023-01-24 16:00:00.000,,c04ee0d9-4dee-489b-baeb-66053515c194.com.samsung.health.heart_rate.binning_data.json,2023-01-24 17:11:23.563,2023-01-24 16:13:57.739,103.0,59.0,UTC-0600,iRIQdWw88T,,com.sec.android.app.shealth,2023-01-24 16:59:59.999,c04ee0d9-4dee-489b-baeb-66053515c194,79.0,
,21313,1,2023-01-24 15:00:00.000,,7208275b-85c1-4fd2-bc64-7554fb958ee3.com.samsung.health.heart_rate.binning_data.json,2023-01-24 16:13:57.389,2023-01-24 15:11:27.318,104.0,55.0,UTC-0600,iRIQdWw88T,,com.sec.android.app.shealth,2023-01-24 15:59:59.999,7208275b-85c1-4fd2-bc64-7554fb958ee3,80.0,
,21313,1,2023-01-24 20:00:00.000,,c9016918-d215-41b8-8c4d-2e5dbea374fb.com.samsung.health.heart_rate.binning_data.json,2023-01-24 21:08:23.098,2023-01-24 20:01:58.815,100.0,57.0,UTC-0600,iRIQdWw88T,,com.sec.android.app.shealth,2023-01-24 20:59:59.999,c9016918-d215-41b8-8c4d-2e5dbea374fb,83.0,
,21313,1,2023-01-25 07:00:00.000,,5d720fae-a283-4c63-b8d3-64724235d00d.com.samsung.health.heart_rate.binning_data.json,2023-01-25 08:01:00.217,2023-01-25 07:06:44.675,105.0,63.0,UTC-0600,iRIQdWw88T,,com.sec.android.app.shealth,2023-01-25 07:59:59.999,5d720fae-a283-4c63-b8d3-64724235d00d,86.0,
,21313,1,2023-01-24 23:00:00.000,,d2c0a9b6-ae70-4c88-bb5a-aa6d757bf086.com.samsung.health.heart_rate.binning_data.json,2023-01-25 00:01:32.347,2023-01-24 23:05:10.701,98.0,65.0,UTC-0600,iRIQdWw88T,,com.sec.android.app.shealth,2023-01-24 23:59:59.999,d2c0a9b6-ae70-4c88-bb5a-aa6d757bf086,80.0,
,21313,1,2023-01-25 00:00:00.000,,689fccae-eebe-4e81-b629-97f2d26361dd.com.samsung.health.heart_rate.binning_data.json,2023-01-25 00:20:08.359,2023-01-25 00:01:32.702,104.0,57.0,UTC-0600,iRIQdWw88T,,com.sec.android.app.shealth,2023-01-25 00:20:08.292,689fccae-eebe-4e81-b629-97f2d26361dd,84.0,
,21313,1,2023-01-24 22:00:00.000,,f44141c4-6291-4916-8508-6bd0c9d1345a.com.samsung.health.heart_rate.binning_data.json,2023-01-24 23:05:08.932,2023-01-24 22:01:58.651,98.0,70.0,UTC-0600,iRIQdWw88T,,com.sec.android.app.shealth,2023-01-24 22:59:59.999,f44141c4-6291-4916-8508-6bd0c9d1345a,81.0,
,21313,1,2023-01-25 05:00:00.000,,51916392-b30e-40f8-b9a1-3c527bb321e0.com.samsung.health.heart_rate.binning_data.json,2023-01-25 06:01:13.816,2023-01-25 05:06:31.664,98.0,65.0,UTC-0600,iRIQdWw88T,,com.sec.android.app.shealth,2023-01-25 05:59:59.999,51916392-b30e-40f8-b9a1-3c527bb321e0,84.0,
,21313,1,2023-01-24 21:00:00.000,,6806687b-1274-435f-9252-06305b070fbf.com.samsung.health.heart_rate.binning_data.json,2023-01-24 22:01:58.265,2023-01-24 21:08:23.355,103.0,69.0,UTC-0600,iRIQdWw88T,,com.sec.android.app.shealth,2023-01-24 21:59:59.999,6806687b-1274-435f-9252-06305b070fbf,85.0,
,21313,1,2023-01-25 02:00:00.000,,99903ab9-4093-4100-8b7b-9d99e8f4e6a5.com.samsung.health.heart_rate.binning_data.json,2023-01-25 03:02:09.123,2023-01-25 02:05:14.399,105.0,70.0,UTC-0600,iRIQdWw88T,,com.sec.android.app.shealth,2023-01-25 02:59:59.999,99903ab9-4093-4100-8b7b-9d99e8f4e6a5,87.0,
,21313,1,2023-01-25 06:00:00.000,,c79dca19-a309-4ee8-840c-2c92d58104a1.com.samsung.health.heart_rate.binning_data.json,2023-01-25 07:06:43.494,2023-01-25 06:01:13.958,110.0,75.0,UTC-0600,iRIQdWw88T,,com.sec.android.app.shealth,2023-01-25 06:59:59.999,c79dca19-a309-4ee8-840c-2c92d58104a1,89.0,
,21313,1,2023-01-25 13:00:00.000,,601c0258-245b-434c-9310-d217750220bd.com.samsung.health.heart_rate.binning_data.json,2023-01-25 14:01:04.448,2023-01-25 13:08:43.119,88.0,54.0,UTC-0600,iRIQdWw88T,,com.sec.android.app.shealth,2023-01-25 13:59:59.999,601c0258-245b-434c-9310-d217750220bd,73.0,
,21313,1,2023-01-25 03:00:00.000,,1a3448c4-0e65-4c16-ac2d-ac4a5285566f.com.samsung.health.heart_rate.binning_data.json,2023-01-25 04:03:39.709,2023-01-25 03:02:09.500,103.0,69.0,UTC-0600,iRIQdWw88T,,com.sec.android.app.shealth,2023-01-25 03:59:59.999,1a3448c4-0e65-4c16-ac2d-ac4a5285566f,83.0,
,21313,1,2023-01-25 08:00:00.000,,a604e08a-72a0-4112-8a61-2826042595dd.com.samsung.health.heart_rate.binning_data.json,2023-01-25 09:05:33.579,2023-01-25 08:01:00.571,102.0,57.0,UTC-0600,iRIQdWw88T,,com.sec.android.app.shealth,2023-01-25 08:59:59.999,a604e08a-72a0-4112-8a61-2826042595dd,85.0,
,21313,1,2023-01-25 04:00:00.000,,911ea614-03e4-4782-8839-fdf3082b3558.com.samsung.health.heart_rate.binning_data.json,2023-01-25 05:06:31.220,2023-01-25 04:03:40.062,103.0,70.0,UTC-0600,iRIQdWw88T,,com.sec.android.app.shealth,2023-01-25 04:59:59.999,911ea614-03e4-4782-8839-fdf3082b3558,85.0,
,21313,1,2023-01-25 09:00:00.000,,30fa1ee7-1bc8-43d2-8b1d-48a00d4c9abe.com.samsung.health.heart_rate.binning_data.json,2023-01-25 10:02:57.694,2023-01-25 09:05:33.888,97.0,73.0,UTC-0600,iRIQdWw88T,,com.sec.android.app.shealth,2023-01-25 09:59:59.999,30fa1ee7-1bc8-43d2-8b1d-48a00d4c9abe,81.0,
,21313,1,2023-01-25 12:00:00.000,,0946401e-fcc8-4420-bd84-448d1f300441.com.samsung.health.heart_rate.binning_data.json,2023-01-25 13:08:42.719,2023-01-25 12:09:49.977,92.0,53.0,UTC-0600,iRIQdWw88T,,com.sec.android.app.shealth,2023-01-25 12:59:59.999,0946401e-fcc8-4420-bd84-448d1f300441,71.0,
,21313,1,2023-01-25 19:00:00.000,,69d24e47-f775-4193-8a4c-0f12b5c5bae3.com.samsung.health.heart_rate.binning_data.json,2023-01-25 20:01:37.694,2023-01-25 19:11:32.250,101.0,48.0,UTC-0600,iRIQdWw88T,,com.sec.android.app.shealth,2023-01-25 19:59:59.999,69d24e47-f775-4193-8a4c-0f12b5c5bae3,68.0,
,21313,1,2023-01-25 10:00:00.000,,73c4b83e-13df-4699-8b80-e5af1e93bc86.com.samsung.health.heart_rate.binning_data.json,2023-01-25 11:05:04.799,2023-01-25 10:02:58.144,101.0,59.0,UTC-0600,iRIQdWw88T,,com.sec.android.app.shealth,2023-01-25 10:59:59.999,73c4b83e-13df-4699-8b80-e5af1e93bc86,75.0,
,21313,1,2023-01-25 11:00:00.000,,90513073-8e45-43c8-b9fc-17a3cdec8de3.com.samsung.health.heart_rate.binning_data.json,2023-01-25 12:09:49.580,2023-01-25 11:05:05.203,94.0,55.0,UTC-0600,iRIQdWw88T,,com.sec.android.app.shealth,2023-01-25 11:59:59.999,90513073-8e45-43c8-b9fc-17a3cdec8de3,69.0,
,21313,1,2023-01-25 14:00:00.000,,0c647488-d2a7-4222-98f3-da9efaa5a989.com.samsung.health.heart_rate.binning_data.json,2023-01-25 15:08:54.130,2023-01-25 14:01:05.181,88.0,49.0,UTC-0600,iRIQdWw88T,,com.sec.android.app.shealth,2023-01-25 14:59:59.999,0c647488-d2a7-4222-98f3-da9efaa5a989,64.0,
,21313,1,2023-01-25 15:00:00.000,,dbfa9966-4669-4b0d-a808-ec399e81f8b7.com.samsung.health.heart_rate.binning_data.json,2023-01-25 16:09:19.022,2023-01-25 15:08:54.910,98.0,55.0,UTC-0600,iRIQdWw88T,,com.sec.android.app.shealth,2023-01-25 15:59:59.999,dbfa9966-4669-4b0d-a808-ec399e81f8b7,75.0,
,21313,1,2023-01-26 01:00:00.000,,1356e01d-761b-413f-b0e8-2f06cd7d8573.com.samsung.health.heart_rate.binning_data.json,2023-01-26 02:00:27.980,2023-01-26 01:01:53.461,107.0,65.0,UTC-0600,iRIQdWw88T,,com.sec.android.app.shealth,2023-01-26 01:59:59.999,1356e01d-761b-413f-b0e8-2f06cd7d8573,85.0,
,21313,1,2023-01-25 16:00:00.000,,ce1bfd24-c3e1-43dd-aad2-5d7b8aa5ae63.com.samsung.health.heart_rate.binning_data.json,2023-01-25 17:09:26.919,2023-01-25 16:09:20.066,94.0,55.0,UTC-0600,iRIQdWw88T,,com.sec.android.app.shealth,2023-01-25 16:59:59.999,ce1bfd24-c3e1-43dd-aad2-5d7b8aa5ae63,70.0,
,21313,1,2023-01-25 18:00:00.000,,0a565124-82c7-4e26-a06f-11e540495455.com.samsung.health.heart_rate.binning_data.json,2023-01-25 19:11:31.756,2023-01-25 18:11:59.821,84.0,51.0,UTC-0600,iRIQdWw88T,,com.sec.android.app.shealth,2023-01-25 18:59:59.999,0a565124-82c7-4e26-a06f-11e540495455,61.0,
,21313,1,2023-01-25 20:00:00.000,,c467a7b0-cb33-4168-8de2-1049f809394a.com.samsung.health.heart_rate.binning_data.json,2023-01-25 21:04:23.170,2023-01-25 20:01:37.823,99.0,65.0,UTC-0600,iRIQdWw88T,,com.sec.android.app.shealth,2023-01-25 20:59:59.999,c467a7b0-cb33-4168-8de2-1049f809394a,83.0,
,21313,1,2023-01-25 22:00:00.000,,95f9d344-8a48-4858-8621-784cb1c9c26d.com.samsung.health.heart_rate.binning_data.json,2023-01-25 23:09:19.669,2023-01-25 22:01:21.682,102.0,55.0,UTC-0600,iRIQdWw88T,,com.sec.android.app.shealth,2023-01-25 22:59:59.999,95f9d344-8a48-4858-8621-784cb1c9c26d,80.0,
,21313,1,2023-01-26 08:00:00.000,,82440174-6e26-4702-b9e4-26b03f3e67bf.com.samsung.health.heart_rate.binning_data.json,2023-01-26 09:11:36.992,2023-01-26 08:16:24.055,97.0,58.0,UTC-0600,iRIQdWw88T,,com.sec.android.app.shealth,2023-01-26 08:59:59.999,82440174-6e26-4702-b9e4-26b03f3e67bf,83.0,
,21313,1,2023-01-25 17:00:00.000,,0c60fdbc-cbad-4a51-b032-f15acc6b228c.com.samsung.health.heart_rate.binning_data.json,2023-01-25 18:11:59.499,2023-01-25 17:09:27.133,93.0,51.0,UTC-0600,iRIQdWw88T,,com.sec.android.app.shealth,2023-01-25 17:59:59.999,0c60fdbc-cbad-4a51-b032-f15acc6b228c,60.0,
,21313,1,2023-01-26 00:00:00.000,,39b82aa6-b343-4328-a85e-019815ccefb8.com.samsung.health.heart_rate.binning_data.json,2023-01-26 01:01:53.118,2023-01-26 00:17:49.340,104.0,65.0,UTC-0600,iRIQdWw88T,,com.sec.android.app.shealth,2023-01-26 00:59:59.999,39b82aa6-b343-4328-a85e-019815ccefb8,81.0,
,21313,1,2023-01-25 21:00:00.000,,0c8beddc-bec1-4460-b989-3d2b1b074eb1.com.samsung.health.heart_rate.binning_data.json,2023-01-25 22:01:21.337,2023-01-25 21:04:23.521,107.0,68.0,UTC-0600,iRIQdWw88T,,com.sec.android.app.shealth,2023-01-25 21:59:59.999,0c8beddc-bec1-4460-b989-3d2b1b074eb1,92.0,
,21313,1,2023-01-26 02:00:00.000,,367ee0db-fe8e-46be-8ad5-f3eb1106e4be.com.samsung.health.heart_rate.binning_data.json,2023-01-26 03:04:49.218,2023-01-26 03:04:49.218,107.0,71.0,UTC-0600,iRIQdWw88T,,com.sec.android.app.shealth,2023-01-26 02:59:59.999,367ee0db-fe8e-46be-8ad5-f3eb1106e4be,84.0,
,21313,1,2023-01-26 04:00:00.000,,e657d586-3825-4198-be7b-a8e41784386a.com.samsung.health.heart_rate.binning_data.json,2023-01-26 05:06:18.303,2023-01-26 04:01:50.065,98.0,63.0,UTC-0600,iRIQdWw88T,,com.sec.android.app.shealth,2023-01-26 04:59:59.999,e657d586-3825-4198-be7b-a8e41784386a,77.0,
,21313,1,2023-01-26 14:00:00.000,,74127973-b0eb-40e6-bd42-c142a0117b0b.com.samsung.health.heart_rate.binning_data.json,2023-01-26 15:04:00.963,2023-01-26 14:08:12.340,98.0,52.0,UTC-0600,iRIQdWw88T,,com.sec.android.app.shealth,2023-01-26 14:59:59.999,74127973-b0eb-40e6-bd42-c142a0117b0b,71.0,
,21313,1,2023-01-26 06:00:00.000,,24de7b33-75a6-40c1-8c59-9d2b58745902.com.samsung.health.heart_rate.binning_data.json,2023-01-26 06:02:33.061,2023-01-26 06:02:33.061,85.0,73.0,UTC-0600,iRIQdWw88T,,com.sec.android.app.shealth,2023-01-26 06:02:33.048,24de7b33-75a6-40c1-8c59-9d2b58745902,78.0,
,21313,1,2023-01-25 23:00:00.000,,0ca60456-ae1a-46d8-ac37-10f2fd35df70.com.samsung.health.heart_rate.binning_data.json,2023-01-26 00:17:48.792,2023-01-25 23:09:20.117,102.0,58.0,UTC-0600,iRIQdWw88T,,com.sec.android.app.shealth,2023-01-25 23:59:59.999,0ca60456-ae1a-46d8-ac37-10f2fd35df70,82.0,
,21313,1,2023-01-26 03:00:00.000,,85899e64-61d6-4bf0-8e2c-64e1177bb303.com.samsung.health.heart_rate.binning_data.json,2023-01-26 04:01:49.927,2023-01-26 03:04:49.741,97.0,63.0,UTC-0600,iRIQdWw88T,,com.sec.android.app.shealth,2023-01-26 03:59:59.999,85899e64-61d6-4bf0-8e2c-64e1177bb303,78.0,
,21313,1,2023-01-26 09:00:00.000,,162fdbda-98a9-4549-a859-c59d86dc06c7.com.samsung.health.heart_rate.binning_data.json,2023-01-26 10:01:20.924,2023-01-26 09:11:37.412,98.0,70.0,UTC-0600,iRIQdWw88T,,com.sec.android.app.shealth,2023-01-26 09:59:59.999,162fdbda-98a9-4549-a859-c59d86dc06c7,82.0,
,21313,1,2023-01-26 11:00:00.000,,de224c0c-1663-4ae4-9eed-3bf43b4a6a09.com.samsung.health.heart_rate.binning_data.json,2023-01-26 12:15:01.312,2023-01-26 11:12:54.428,101.0,60.0,UTC-0600,iRIQdWw88T,,com.sec.android.app.shealth,2023-01-26 11:59:59.999,de224c0c-1663-4ae4-9eed-3bf43b4a6a09,76.0,
,21313,1,2023-01-26 20:00:00.000,,9f8c4d01-76d8-4894-b5f7-bfa719d06f75.com.samsung.health.heart_rate.binning_data.json,2023-01-26 20:01:46.393,2023-01-26 20:01:46.393,106.0,98.0,UTC-0600,iRIQdWw88T,,com.sec.android.app.shealth,2023-01-26 20:01:46.374,9f8c4d01-76d8-4894-b5f7-bfa719d06f75,102.0,
,21313,1,2023-01-26 13:00:00.000,,6018f549-fdea-4781-b83d-35692a3a44fa.com.samsung.health.heart_rate.binning_data.json,2023-01-26 14:08:11.674,2023-01-26 13:15:32.322,85.0,54.0,UTC-0600,iRIQdWw88T,,com.sec.android.app.shealth,2023-01-26 13:59:59.999,6018f549-fdea-4781-b83d-35692a3a44fa,71.0,
,21313,1,2023-01-26 10:00:00.000,,4f2a5948-cd03-46a0-8e00-0bddbc500a76.com.samsung.health.heart_rate.binning_data.json,2023-01-26 11:12:53.716,2023-01-26 10:01:21.295,97.0,65.0,UTC-0600,iRIQdWw88T,,com.sec.android.app.shealth,2023-01-26 10:59:59.999,4f2a5948-cd03-46a0-8e00-0bddbc500a76,82.0,
,21313,1,2023-01-26 17:00:00.000,,30e9b518-a7b3-427b-a720-a1d138f5111c.com.samsung.health.heart_rate.binning_data.json,2023-01-26 18:01:23.144,2023-01-26 17:01:42.894,95.0,66.0,UTC-0600,iRIQdWw88T,,com.sec.android.app.shealth,2023-01-26 17:59:59.999,30e9b518-a7b3-427b-a720-a1d138f5111c,75.0,
,21313,1,2023-01-26 15:00:00.000,,5912df43-8641-40a8-ae4d-ac6c57949bde.com.samsung.health.heart_rate.binning_data.json,2023-01-26 16:01:26.689,2023-01-26 15:04:01.376,101.0,55.0,UTC-0600,iRIQdWw88T,,com.sec.android.app.shealth,2023-01-26 15:59:59.999,5912df43-8641-40a8-ae4d-ac6c57949bde,79.0,
,21313,1,2023-01-26 19:00:00.000,,ba79bb1e-d38e-4c39-b26e-bf9aa464dc29.com.samsung.health.heart_rate.binning_data.json,2023-01-26 20:01:46.022,2023-01-26 19:02:03.441,137.0,56.0,UTC-0600,iRIQdWw88T,,com.sec.android.app.shealth,2023-01-26 19:59:59.999,ba79bb1e-d38e-4c39-b26e-bf9aa464dc29,102.0,
,21313,1,2023-01-26 05:00:00.000,,6cffc39f-c7fa-448b-9476-3f810cfb093d.com.samsung.health.heart_rate.binning_data.json,2023-01-26 06:02:32.954,2023-01-26 05:06:19.697,98.0,63.0,UTC-0600,iRIQdWw88T,,com.sec.android.app.shealth,2023-01-26 05:59:59.999,6cffc39f-c7fa-448b-9476-3f810cfb093d,82.0,
,21313,1,2023-01-26 16:00:00.000,,3724c046-4339-4366-bfcc-1b3619660c35.com.samsung.health.heart_rate.binning_data.json,2023-01-26 17:00:37.056,2023-01-26 16:01:27.062,94.0,56.0,UTC-0600,iRIQdWw88T,,com.sec.android.app.shealth,2023-01-26 16:59:59.999,3724c046-4339-4366-bfcc-1b3619660c35,76.0,
,21313,1,2023-01-26 12:00:00.000,,b45628b2-af79-41ab-b2ec-2cdc6b5e2e14.com.samsung.health.heart_rate.binning_data.json,2023-01-26 13:15:01.703,2023-01-26 12:18:08.631,100.0,54.0,UTC-0600,iRIQdWw88T,,com.sec.android.app.shealth,2023-01-26 12:59:59.999,b45628b2-af79-41ab-b2ec-2cdc6b5e2e14,72.0,
,21313,1,2023-01-26 18:00:00.000,,bd9e81ff-f790-41b4-87ac-db2b233a5d4b.com.samsung.health.heart_rate.binning_data.json,2023-01-26 19:02:02.924,2023-01-26 18:01:23.234,97.0,65.0,UTC-0600,iRIQdWw88T,,com.sec.android.app.shealth,2023-01-26 18:59:59.999,bd9e81ff-f790-41b4-87ac-db2b233a5d4b,83.0,
