[{"score":9,"score_max":18,"score_min":2,"flag":1,"level":1,"start_time":1674712740000,"end_time":1674712799000},{"score":11,"score_max":17,"score_min":6,"flag":1,"level":1,"start_time":1674712680000,"end_time":1674712739000},{"score":6,"score_max":8,"score_min":3,"flag":1,"level":1,"start_time":1674712620000,"end_time":1674712679000},{"score":3,"score_max":8,"score_min":2,"flag":1,"level":1,"start_time":1674712560000,"end_time":1674712619000},{"score":11,"score_max":15,"score_min":8,"flag":1,"level":1,"start_time":1674712500000,"end_time":1674712559000},{"score":5,"score_max":7,"score_min":5,"flag":1,"level":1,"start_time":1674712440000,"end_time":1674712499000},{"score":13,"score_max":18,"score_min":5,"flag":1,"level":1,"start_time":1674712380000,"end_time":1674712439000},{"score":4,"score_max":11,"score_min":2,"flag":1,"level":1,"start_time":1674712320000,"end_time":1674712379000},{"score":4,"score_max":9,"score_min":2,"flag":1,"level":1,"start_time":1674712260000,"end_time":1674712319000},{"score":8,"score_max":11,"score_min":8,"flag":1,"level":1,"start_time":1674712200000,"end_time":1674712259000},{"score":9,"score_max":12,"score_min":7,"flag":1,"level":1,"start_time":1674712140000,"end_time":1674712199000},{"score":7,"score_max":9,"score_min":6,"flag":1,"level":1,"start_time":1674712080000,"end_time":1674712139000},{"score":8,"score_max":11,"score_min":5,"flag":1,"level":1,"start_time":1674712020000,"end_time":1674712079000},{"score":4,"score_max":6,"score_min":4,"flag":1,"level":1,"start_time":1674711960000,"end_time":1674712019000},{"score":8,"score_max":10,"score_min":6,"flag":1,"level":1,"start_time":1674711900000,"end_time":1674711959000},{"score":5,"score_max":7,"score_min":4,"flag":1,"level":1,"start_time":1674711840000,"end_time":1674711899000},{"score":3,"score_max":5,"score_min":3,"flag":1,"level":1,"start_time":1674711780000,"end_time":1674711839000},{"score":2,"score_max":7,"score_min":2,"flag":1,"level":1,"start_time":1674711720000,"end_time":1674711779000},{"score":7,"score_max":13,"score_min":1,"flag":1,"level":1,"start_time":1674711660000,"end_time":1674711719000},{"score":0,"score_max":1,"score_min":0,"flag":1,"level":1,"start_time":1674711600000,"end_time":1674711659000},{"score":0,"score_max":0,"score_min":0,"flag":1,"level":1,"start_time":1674711480000,"end_time":1674711539000},{"score":9,"score_max":12,"score_min":7,"flag":1,"level":1,"start_time":1674711420000,"end_time":1674711479000},{"score":5,"score_max":7,"score_min":5,"flag":1,"level":1,"start_time":1674711360000,"end_time":1674711419000},{"score":8,"score_max":12,"score_min":6,"flag":1,"level":1,"start_time":1674711300000,"end_time":1674711359000},{"score":12,"score_max":16,"score_min":9,"flag":1,"level":1,"start_time":1674711240000,"end_time":1674711299000},{"score":15,"score_max":22,"score_min":11,"flag":1,"level":1,"start_time":1674711180000,"end_time":1674711239000},{"score":7,"score_max":14,"score_min":6,"flag":1,"level":1,"start_time":1674711120000,"end_time":1674711179000},{"score":9,"score_max":13,"score_min":7,"flag":1,"level":1,"start_time":1674711060000,"end_time":1674711119000},{"score":7,"score_max":11,"score_min":3,"flag":1,"level":1,"start_time":1674711000000,"end_time":1674711059000},{"score":8,"score_max":13,"score_min":5,"flag":1,"level":1,"start_time":1674710940000,"end_time":1674710999000},{"score":7,"score_max":10,"score_min":6,"flag":1,"level":1,"start_time":1674710880000,"end_time":1674710939000},{"score":6,"score_max":9,"score_min":5,"flag":1,"level":1,"start_time":1674710820000,"end_time":1674710879000},{"score":15,"score_max":20,"score_min":9,"flag":1,"level":1,"start_time":1674710760000,"end_time":1674710819000},{"score":3,"score_max":9,"score_min":2,"flag":1,"level":1,"start_time":1674710700000,"end_time":1674710759000},{"score":2,"score_max":4,"score_min":2,"flag":1,"level":1,"start_time":1674710640000,"end_time":1674710699000},{"score":8,"score_max":16,"score_min":4,"flag":1,"level":1,"start_time":1674710580000,"end_time":1674710639000},{"score":22,"score_max":35,"score_min":13,"flag":1,"level":1,"start_time":1674710520000,"end_time":1674710579000},{"score":13,"score_max":21,"score_min":11,"flag":1,"level":1,"start_time":1674710460000,"end_time":1674710519000},{"score":13,"score_max":22,"score_min":6,"flag":1,"level":1,"start_time":1674710400000,"end_time":1674710459000},{"score":9,"score_max":14,"score_min":6,"flag":1,"level":1,"start_time":1674710340000,"end_time":1674710399000},{"score":10,"score_max":15,"score_min":7,"flag":1,"level":1,"start_time":1674710280000,"end_time":1674710339000},{"score":10,"score_max":17,"score_min":7,"flag":1,"level":1,"start_time":1674710220000,"end_time":1674710279000},{"score":25,"score_max":36,"score_min":17,"flag":1,"level":1,"start_time":1674710160000,"end_time":1674710219000},{"score":16,"score_max":27,"score_min":8,"flag":1,"level":1,"start_time":1674710100000,"end_time":1674710159000},{"score":6,"score_max":9,"score_min":5,"flag":1,"level":1,"start_time":1674710040000,"end_time":1674710099000},{"score":6,"score_max":7,"score_min":6,"flag":1,"level":1,"start_time":1674709980000,"end_time":1674710039000},{"score":11,"score_max":16,"score_min":7,"flag":1,"level":1,"start_time":1674709860000,"end_time":1674709919000},{"score":9,"score_max":12,"score_min":7,"flag":1,"level":1,"start_time":1674709680000,"end_time":1674709739000},{"score":8,"score_max":14,"score_min":4,"flag":1,"level":1,"start_time":1674709620000,"end_time":1674709679000},{"score":4,"score_max":5,"score_min":3,"flag":1,"level":1,"start_time":1674709500000,"end_time":1674709559000},{"score":6,"score_max":13,"score_min":4,"flag":1,"level":1,"start_time":1674709440000,"end_time":1674709499000},{"score":33,"score_max":58,"score_min":13,"flag":1,"level":1,"start_time":1674709320000,"end_time":1674709379000},{"score":8,"score_max":20,"score_min":5,"flag":1,"level":1,"start_time":1674709260000,"end_time":1674709319000},{"score":7,"score_max":9,"score_min":5,"flag":1,"level":1,"start_time":1674709200000,"end_time":1674709259000}]