[{"score":15,"score_max":16,"score_min":14,"flag":1,"level":1,"start_time":1674763080000,"end_time":1674763139000},{"score":47,"score_max":59,"score_min":39,"flag":1,"level":1,"start_time":1674763020000,"end_time":1674763079000},{"score":55,"score_max":63,"score_min":49,"flag":1,"level":1,"start_time":1674762960000,"end_time":1674763019000},{"score":43,"score_max":49,"score_min":33,"flag":1,"level":1,"start_time":1674762900000,"end_time":1674762959000},{"score":40,"score_max":51,"score_min":34,"flag":1,"level":1,"start_time":1674762840000,"end_time":1674762899000},{"score":50,"score_max":55,"score_min":45,"flag":1,"level":1,"start_time":1674762780000,"end_time":1674762839000},{"score":36,"score_max":45,"score_min":32,"flag":1,"level":1,"start_time":1674762720000,"end_time":1674762779000},{"score":44,"score_max":54,"score_min":34,"flag":1,"level":1,"start_time":1674762660000,"end_time":1674762719000},{"score":50,"score_max":53,"score_min":48,"flag":1,"level":1,"start_time":1674762600000,"end_time":1674762659000},{"score":49,"score_max":55,"score_min":42,"flag":1,"level":1,"start_time":1674762540000,"end_time":1674762599000},{"score":23,"score_max":40,"score_min":15,"flag":1,"level":1,"start_time":1674762480000,"end_time":1674762539000},{"score":15,"score_max":23,"score_min":14,"flag":1,"level":1,"start_time":1674762420000,"end_time":1674762479000},{"score":20,"score_max":25,"score_min":16,"flag":1,"level":1,"start_time":1674762360000,"end_time":1674762419000},{"score":22,"score_max":37,"score_min":15,"flag":1,"level":1,"start_time":1674762300000,"end_time":1674762359000},{"score":37,"score_max":37,"score_min":37,"flag":1,"level":1,"start_time":1674762240000,"end_time":1674762299000},{"score":35,"score_max":38,"score_min":34,"flag":1,"level":1,"start_time":1674762180000,"end_time":1674762239000},{"score":44,"score_max":49,"score_min":38,"flag":1,"level":1,"start_time":1674762120000,"end_time":1674762179000},{"score":29,"score_max":43,"score_min":19,"flag":1,"level":1,"start_time":1674762060000,"end_time":1674762119000},{"score":17,"score_max":19,"score_min":16,"flag":1,"level":1,"start_time":1674762000000,"end_time":1674762059000},{"score":16,"score_max":20,"score_min":14,"flag":1,"level":1,"start_time":1674761940000,"end_time":1674761999000},{"score":8,"score_max":13,"score_min":1,"flag":1,"level":1,"start_time":1674760380000,"end_time":1674760439000},{"score":0,"score_max":0,"score_min":0,"flag":1,"level":1,"start_time":1674760080000,"end_time":1674760139000},{"score":0,"score_max":4,"score_min":0,"flag":1,"level":1,"start_time":1674760020000,"end_time":1674760079000},{"score":1,"score_max":3,"score_min":0,"flag":1,"level":1,"start_time":1674759960000,"end_time":1674760019000},{"score":1,"score_max":3,"score_min":1,"flag":1,"level":1,"start_time":1674759900000,"end_time":1674759959000},{"score":1,"score_max":1,"score_min":1,"flag":1,"level":1,"start_time":1674759840000,"end_time":1674759899000},{"score":1,"score_max":1,"score_min":1,"flag":1,"level":1,"start_time":1674759780000,"end_time":1674759839000},{"score":1,"score_max":2,"score_min":1,"flag":1,"level":1,"start_time":1674759720000,"end_time":1674759779000},{"score":0,"score_max":1,"score_min":0,"flag":1,"level":1,"start_time":1674759660000,"end_time":1674759719000},{"score":0,"score_max":1,"score_min":0,"flag":1,"level":1,"start_time":1674759600000,"end_time":1674759659000}]