[{"score":20,"score_max":46,"score_min":4,"flag":1,"level":1,"start_time":1674629940000,"end_time":1674629999000},{"score":3,"score_max":4,"score_min":3,"flag":1,"level":1,"start_time":1674629880000,"end_time":1674629939000},{"score":82,"score_max":85,"score_min":80,"flag":1,"level":0,"start_time":1674629820000,"end_time":1674629879000},{"score":40,"score_max":80,"score_min":3,"flag":1,"level":1,"start_time":1674629760000,"end_time":1674629819000},{"score":3,"score_max":7,"score_min":1,"flag":1,"level":1,"start_time":1674629700000,"end_time":1674629759000},{"score":5,"score_max":9,"score_min":4,"flag":1,"level":1,"start_time":1674629640000,"end_time":1674629699000},{"score":3,"score_max":5,"score_min":2,"flag":1,"level":1,"start_time":1674629580000,"end_time":1674629639000},{"score":2,"score_max":12,"score_min":1,"flag":1,"level":1,"start_time":1674629520000,"end_time":1674629579000},{"score":18,"score_max":28,"score_min":10,"flag":1,"level":1,"start_time":1674629460000,"end_time":1674629519000},{"score":7,"score_max":10,"score_min":7,"flag":1,"level":1,"start_time":1674629400000,"end_time":1674629459000},{"score":12,"score_max":16,"score_min":10,"flag":1,"level":1,"start_time":1674629340000,"end_time":1674629399000},{"score":11,"score_max":14,"score_min":10,"flag":1,"level":1,"start_time":1674629280000,"end_time":1674629339000},{"score":18,"score_max":24,"score_min":10,"flag":1,"level":1,"start_time":1674629220000,"end_time":1674629279000},{"score":19,"score_max":24,"score_min":14,"flag":1,"level":1,"start_time":1674629160000,"end_time":1674629219000},{"score":50,"score_max":87,"score_min":20,"flag":1,"level":1,"start_time":1674629100000,"end_time":1674629159000},{"score":96,"score_max":99,"score_min":88,"flag":1,"level":0,"start_time":1674629040000,"end_time":1674629099000},{"score":98,"score_max":99,"score_min":98,"flag":1,"level":0,"start_time":1674628980000,"end_time":1674629039000},{"score":95,"score_max":98,"score_min":91,"flag":1,"level":0,"start_time":1674628920000,"end_time":1674628979000},{"score":88,"score_max":91,"score_min":87,"flag":1,"level":0,"start_time":1674628860000,"end_time":1674628919000},{"score":45,"score_max":88,"score_min":10,"flag":1,"level":1,"start_time":1674628800000,"end_time":1674628859000},{"score":9,"score_max":12,"score_min":8,"flag":1,"level":1,"start_time":1674628740000,"end_time":1674628799000},{"score":10,"score_max":13,"score_min":8,"flag":1,"level":1,"start_time":1674628680000,"end_time":1674628739000},{"score":3,"score_max":8,"score_min":2,"flag":1,"level":1,"start_time":1674628620000,"end_time":1674628679000},{"score":5,"score_max":7,"score_min":3,"flag":1,"level":1,"start_time":1674628560000,"end_time":1674628619000},{"score":2,"score_max":5,"score_min":2,"flag":1,"level":1,"start_time":1674628500000,"end_time":1674628559000},{"score":4,"score_max":9,"score_min":3,"flag":1,"level":1,"start_time":1674628440000,"end_time":1674628499000},{"score":43,"score_max":65,"score_min":10,"flag":1,"level":1,"start_time":1674628380000,"end_time":1674628439000},{"score":19,"score_max":51,"score_min":10,"flag":1,"level":1,"start_time":1674628320000,"end_time":1674628379000},{"score":18,"score_max":24,"score_min":11,"flag":1,"level":1,"start_time":1674628260000,"end_time":1674628319000},{"score":13,"score_max":19,"score_min":9,"flag":1,"level":1,"start_time":1674628200000,"end_time":1674628259000},{"score":8,"score_max":10,"score_min":7,"flag":1,"level":1,"start_time":1674628140000,"end_time":1674628199000},{"score":10,"score_max":12,"score_min":8,"flag":1,"level":1,"start_time":1674628080000,"end_time":1674628139000},{"score":7,"score_max":11,"score_min":2,"flag":1,"level":1,"start_time":1674628020000,"end_time":1674628079000}]