[{"score":1,"score_max":2,"score_min":1,"flag":1,"level":1,"start_time":1674622560000,"end_time":1674622619000},{"score":18,"score_max":21,"score_min":15,"flag":1,"level":1,"start_time":1674622500000,"end_time":1674622559000},{"score":9,"score_max":15,"score_min":7,"flag":1,"level":1,"start_time":1674622440000,"end_time":1674622499000},{"score":7,"score_max":11,"score_min":4,"flag":1,"level":1,"start_time":1674622380000,"end_time":1674622439000},{"score":8,"score_max":12,"score_min":4,"flag":1,"level":1,"start_time":1674622320000,"end_time":1674622379000},{"score":9,"score_max":12,"score_min":4,"flag":1,"level":1,"start_time":1674622260000,"end_time":1674622319000},{"score":2,"score_max":4,"score_min":2,"flag":1,"level":1,"start_time":1674622200000,"end_time":1674622259000},{"score":5,"score_max":18,"score_min":2,"flag":1,"level":1,"start_time":1674622140000,"end_time":1674622199000},{"score":60,"score_max":84,"score_min":19,"flag":1,"level":1,"start_time":1674622080000,"end_time":1674622139000},{"score":21,"score_max":61,"score_min":8,"flag":1,"level":1,"start_time":1674622020000,"end_time":1674622079000},{"score":42,"score_max":82,"score_min":10,"flag":1,"level":1,"start_time":1674621960000,"end_time":1674622019000},{"score":78,"score_max":82,"score_min":74,"flag":1,"level":0,"start_time":1674621900000,"end_time":1674621959000},{"score":73,"score_max":77,"score_min":70,"flag":1,"level":1,"start_time":1674621840000,"end_time":1674621899000},{"score":30,"score_max":42,"score_min":9,"flag":1,"level":1,"start_time":1674621780000,"end_time":1674621839000},{"score":2,"score_max":8,"score_min":1,"flag":1,"level":1,"start_time":1674621720000,"end_time":1674621779000},{"score":2,"score_max":5,"score_min":2,"flag":1,"level":1,"start_time":1674621660000,"end_time":1674621719000},{"score":1,"score_max":4,"score_min":1,"flag":1,"level":1,"start_time":1674621600000,"end_time":1674621659000},{"score":10,"score_max":28,"score_min":1,"flag":1,"level":1,"start_time":1674621540000,"end_time":1674621599000},{"score":15,"score_max":30,"score_min":11,"flag":1,"level":1,"start_time":1674621480000,"end_time":1674621539000},{"score":29,"score_max":39,"score_min":16,"flag":1,"level":1,"start_time":1674621420000,"end_time":1674621479000},{"score":6,"score_max":16,"score_min":3,"flag":1,"level":1,"start_time":1674621360000,"end_time":1674621419000},{"score":8,"score_max":21,"score_min":4,"flag":1,"level":1,"start_time":1674621300000,"end_time":1674621359000},{"score":40,"score_max":61,"score_min":11,"flag":1,"level":1,"start_time":1674621240000,"end_time":1674621299000},{"score":14,"score_max":17,"score_min":9,"flag":1,"level":1,"start_time":1674621180000,"end_time":1674621239000},{"score":17,"score_max":43,"score_min":5,"flag":1,"level":1,"start_time":1674621120000,"end_time":1674621179000},{"score":1,"score_max":4,"score_min":1,"flag":1,"level":1,"start_time":1674621060000,"end_time":1674621119000},{"score":4,"score_max":13,"score_min":1,"flag":1,"level":1,"start_time":1674621000000,"end_time":1674621059000},{"score":19,"score_max":24,"score_min":13,"flag":1,"level":1,"start_time":1674620940000,"end_time":1674620999000},{"score":24,"score_max":28,"score_min":22,"flag":1,"level":1,"start_time":1674620880000,"end_time":1674620939000},{"score":16,"score_max":23,"score_min":11,"flag":1,"level":1,"start_time":1674620820000,"end_time":1674620879000},{"score":43,"score_max":58,"score_min":22,"flag":1,"level":1,"start_time":1674620760000,"end_time":1674620819000},{"score":20,"score_max":37,"score_min":14,"flag":1,"level":1,"start_time":1674620700000,"end_time":1674620759000},{"score":54,"score_max":65,"score_min":38,"flag":1,"level":1,"start_time":1674620640000,"end_time":1674620699000},{"score":15,"score_max":39,"score_min":9,"flag":1,"level":1,"start_time":1674620580000,"end_time":1674620639000},{"score":15,"score_max":25,"score_min":13,"flag":1,"level":1,"start_time":1674620520000,"end_time":1674620579000},{"score":14,"score_max":29,"score_min":10,"flag":1,"level":1,"start_time":1674620460000,"end_time":1674620519000},{"score":40,"score_max":47,"score_min":30,"flag":1,"level":1,"start_time":1674620400000,"end_time":1674620459000},{"score":45,"score_max":58,"score_min":28,"flag":1,"level":1,"start_time":1674620340000,"end_time":1674620399000},{"score":30,"score_max":54,"score_min":17,"flag":1,"level":1,"start_time":1674620280000,"end_time":1674620339000},{"score":15,"score_max":19,"score_min":13,"flag":1,"level":1,"start_time":1674620220000,"end_time":1674620279000},{"score":8,"score_max":16,"score_min":3,"flag":1,"level":1,"start_time":1674620160000,"end_time":1674620219000},{"score":12,"score_max":37,"score_min":4,"flag":1,"level":1,"start_time":1674620100000,"end_time":1674620159000},{"score":35,"score_max":66,"score_min":8,"flag":1,"level":1,"start_time":1674620040000,"end_time":1674620099000},{"score":11,"score_max":27,"score_min":8,"flag":1,"level":1,"start_time":1674619980000,"end_time":1674620039000},{"score":51,"score_max":61,"score_min":29,"flag":1,"level":1,"start_time":1674619920000,"end_time":1674619979000},{"score":35,"score_max":54,"score_min":28,"flag":1,"level":1,"start_time":1674619860000,"end_time":1674619919000},{"score":33,"score_max":44,"score_min":9,"flag":1,"level":1,"start_time":1674619800000,"end_time":1674619859000},{"score":8,"score_max":27,"score_min":4,"flag":1,"level":1,"start_time":1674619740000,"end_time":1674619799000},{"score":35,"score_max":42,"score_min":29,"flag":1,"level":1,"start_time":1674619680000,"end_time":1674619739000},{"score":14,"score_max":29,"score_min":5,"flag":1,"level":1,"start_time":1674619620000,"end_time":1674619679000},{"score":16,"score_max":36,"score_min":5,"flag":1,"level":1,"start_time":1674619560000,"end_time":1674619619000},{"score":32,"score_max":40,"score_min":22,"flag":1,"level":1,"start_time":1674619500000,"end_time":1674619559000},{"score":17,"score_max":22,"score_min":15,"flag":1,"level":1,"start_time":1674619440000,"end_time":1674619499000},{"score":24,"score_max":26,"score_min":22,"flag":1,"level":1,"start_time":1674619380000,"end_time":1674619439000},{"score":20,"score_max":29,"score_min":16,"flag":1,"level":1,"start_time":1674619320000,"end_time":1674619379000},{"score":26,"score_max":32,"score_min":13,"flag":1,"level":1,"start_time":1674619260000,"end_time":1674619319000},{"score":6,"score_max":12,"score_min":3,"flag":1,"level":1,"start_time":1674619200000,"end_time":1674619259000}]