[{"heart_rate":84,"heart_rate_max":95,"heart_rate_min":79,"start_time":1674604740000,"end_time":1674604799000},{"heart_rate":85,"heart_rate_max":96,"heart_rate_min":78,"start_time":1674604680000,"end_time":1674604739000},{"heart_rate":85,"heart_rate_max":90,"heart_rate_min":81,"start_time":1674604620000,"end_time":1674604679000},{"heart_rate":80,"heart_rate_max":83,"heart_rate_min":78,"start_time":1674604560000,"end_time":1674604619000},{"heart_rate":88,"heart_rate_max":95,"heart_rate_min":84,"start_time":1674604500000,"end_time":1674604559000},{"heart_rate":84,"heart_rate_max":93,"heart_rate_min":80,"start_time":1674604440000,"end_time":1674604499000},{"heart_rate":83,"heart_rate_max":87,"heart_rate_min":81,"start_time":1674604380000,"end_time":1674604439000},{"heart_rate":82,"heart_rate_max":88,"heart_rate_min":80,"start_time":1674604320000,"end_time":1674604379000},{"heart_rate":84,"heart_rate_max":90,"heart_rate_min":79,"start_time":1674604260000,"end_time":1674604319000},{"heart_rate":79,"heart_rate_max":85,"heart_rate_min":75,"start_time":1674604200000,"end_time":1674604259000},{"heart_rate":78,"heart_rate_max":84,"heart_rate_min":75,"start_time":1674604140000,"end_time":1674604199000},{"heart_rate":78,"heart_rate_max":83,"heart_rate_min":72,"start_time":1674604080000,"end_time":1674604139000},{"heart_rate":83,"heart_rate_max":87,"heart_rate_min":81,"start_time":1674604020000,"end_time":1674604079000},{"heart_rate":83,"heart_rate_max":88,"heart_rate_min":80,"start_time":1674603960000,"end_time":1674604019000},{"heart_rate":87,"heart_rate_max":91,"heart_rate_min":82,"start_time":1674603900000,"end_time":1674603959000},{"heart_rate":83,"heart_rate_max":86,"heart_rate_min":81,"start_time":1674603840000,"end_time":1674603899000},{"heart_rate":81,"heart_rate_max":84,"heart_rate_min":78,"start_time":1674603780000,"end_time":1674603839000},{"heart_rate":80,"heart_rate_max":86,"heart_rate_min":76,"start_time":1674603720000,"end_time":1674603779000},{"heart_rate":83,"heart_rate_max":87,"heart_rate_min":79,"start_time":1674603660000,"end_time":1674603719000},{"heart_rate":83,"heart_rate_max":86,"heart_rate_min":81,"start_time":1674603600000,"end_time":1674603659000},{"heart_rate":83,"heart_rate_max":86,"heart_rate_min":79,"start_time":1674603540000,"end_time":1674603599000},{"heart_rate":80,"heart_rate_max":85,"heart_rate_min":75,"start_time":1674603480000,"end_time":1674603539000},{"heart_rate":80,"heart_rate_max":84,"heart_rate_min":77,"start_time":1674603420000,"end_time":1674603479000},{"heart_rate":80,"heart_rate_max":85,"heart_rate_min":76,"start_time":1674603360000,"end_time":1674603419000},{"heart_rate":80,"heart_rate_max":87,"heart_rate_min":76,"start_time":1674603300000,"end_time":1674603359000},{"heart_rate":79,"heart_rate_max":83,"heart_rate_min":75,"start_time":1674603240000,"end_time":1674603299000},{"heart_rate":80,"heart_rate_max":91,"heart_rate_min":74,"start_time":1674603180000,"end_time":1674603239000},{"heart_rate":77,"heart_rate_max":83,"heart_rate_min":75,"start_time":1674603120000,"end_time":1674603179000},{"heart_rate":75,"heart_rate_max":78,"heart_rate_min":65,"start_time":1674603060000,"end_time":1674603119000},{"heart_rate":77,"heart_rate_max":83,"heart_rate_min":73,"start_time":1674603000000,"end_time":1674603059000},{"heart_rate":79,"heart_rate_max":80,"heart_rate_min":75,"start_time":1674602940000,"end_time":1674602999000},{"heart_rate":73,"heart_rate_max":83,"heart_rate_min":68,"start_time":1674602880000,"end_time":1674602939000},{"heart_rate":79,"heart_rate_max":86,"heart_rate_min":76,"start_time":1674602820000,"end_time":1674602879000},{"heart_rate":76,"heart_rate_max":83,"heart_rate_min":72,"start_time":1674602760000,"end_time":1674602819000},{"heart_rate":81,"heart_rate_max":87,"heart_rate_min":75,"start_time":1674602700000,"end_time":1674602759000},{"heart_rate":76,"heart_rate_max":88,"heart_rate_min":68,"start_time":1674602640000,"end_time":1674602699000},{"heart_rate":77,"heart_rate_max":85,"heart_rate_min":73,"start_time":1674602580000,"end_time":1674602639000},{"heart_rate":79,"heart_rate_max":83,"heart_rate_min":77,"start_time":1674602520000,"end_time":1674602579000},{"heart_rate":80,"heart_rate_max":82,"heart_rate_min":79,"start_time":1674602460000,"end_time":1674602519000},{"heart_rate":78,"heart_rate_max":82,"heart_rate_min":76,"start_time":1674602400000,"end_time":1674602459000},{"heart_rate":79,"heart_rate_max":84,"heart_rate_min":77,"start_time":1674602340000,"end_time":1674602399000},{"heart_rate":82,"heart_rate_max":89,"heart_rate_min":76,"start_time":1674602280000,"end_time":1674602339000},{"heart_rate":78,"heart_rate_max":80,"heart_rate_min":77,"start_time":1674602220000,"end_time":1674602279000},{"heart_rate":83,"heart_rate_max":88,"heart_rate_min":80,"start_time":1674602160000,"end_time":1674602219000},{"heart_rate":79,"heart_rate_max":82,"heart_rate_min":78,"start_time":1674602100000,"end_time":1674602159000},{"heart_rate":80,"heart_rate_max":87,"heart_rate_min":76,"start_time":1674602040000,"end_time":1674602099000},{"heart_rate":79,"heart_rate_max":86,"heart_rate_min":76,"start_time":1674601980000,"end_time":1674602039000},{"heart_rate":78,"heart_rate_max":81,"heart_rate_min":76,"start_time":1674601920000,"end_time":1674601979000},{"heart_rate":75,"heart_rate_max":82,"heart_rate_min":71,"start_time":1674601860000,"end_time":1674601919000},{"heart_rate":74,"heart_rate_max":85,"heart_rate_min":69,"start_time":1674601800000,"end_time":1674601859000},{"heart_rate":90,"heart_rate_max":98,"heart_rate_min":81,"start_time":1674601740000,"end_time":1674601799000},{"heart_rate":90,"heart_rate_max":93,"heart_rate_min":89,"start_time":1674601680000,"end_time":1674601739000},{"heart_rate":81,"heart_rate_max":86,"heart_rate_min":79,"start_time":1674601560000,"end_time":1674601619000},{"heart_rate":83,"heart_rate_max":88,"heart_rate_min":79,"start_time":1674601500000,"end_time":1674601559000},{"heart_rate":77,"heart_rate_max":81,"heart_rate_min":72,"start_time":1674601440000,"end_time":1674601499000},{"heart_rate":74,"heart_rate_max":78,"heart_rate_min":66,"start_time":1674601380000,"end_time":1674601439000},{"heart_rate":74,"heart_rate_max":82,"heart_rate_min":70,"start_time":1674601320000,"end_time":1674601379000},{"heart_rate":74,"heart_rate_max":81,"heart_rate_min":70,"start_time":1674601260000,"end_time":1674601319000},{"heart_rate":82,"heart_rate_max":86,"heart_rate_min":79,"start_time":1674601200000,"end_time":1674601259000}]