[{"heart_rate":71,"heart_rate_max":75,"heart_rate_min":69,"start_time":1674662340000,"end_time":1674662399000},{"heart_rate":71,"heart_rate_max":75,"heart_rate_min":69,"start_time":1674662280000,"end_time":1674662339000},{"heart_rate":72,"heart_rate_max":76,"heart_rate_min":69,"start_time":1674662220000,"end_time":1674662279000},{"heart_rate":73,"heart_rate_max":75,"heart_rate_min":71,"start_time":1674662160000,"end_time":1674662219000},{"heart_rate":77,"heart_rate_max":84,"heart_rate_min":72,"start_time":1674662100000,"end_time":1674662159000},{"heart_rate":82,"heart_rate_max":92,"heart_rate_min":74,"start_time":1674662040000,"end_time":1674662099000},{"heart_rate":83,"heart_rate_max":93,"heart_rate_min":78,"start_time":1674661980000,"end_time":1674662039000},{"heart_rate":75,"heart_rate_max":79,"heart_rate_min":71,"start_time":1674661920000,"end_time":1674661979000},{"heart_rate":74,"heart_rate_max":78,"heart_rate_min":72,"start_time":1674661860000,"end_time":1674661919000},{"heart_rate":79,"heart_rate_max":83,"heart_rate_min":74,"start_time":1674661800000,"end_time":1674661859000},{"heart_rate":76,"heart_rate_max":80,"heart_rate_min":74,"start_time":1674661740000,"end_time":1674661799000},{"heart_rate":80,"heart_rate_max":84,"heart_rate_min":75,"start_time":1674661680000,"end_time":1674661739000},{"heart_rate":77,"heart_rate_max":82,"heart_rate_min":74,"start_time":1674661620000,"end_time":1674661679000},{"heart_rate":75,"heart_rate_max":78,"heart_rate_min":74,"start_time":1674661560000,"end_time":1674661619000},{"heart_rate":82,"heart_rate_max":88,"heart_rate_min":77,"start_time":1674661500000,"end_time":1674661559000},{"heart_rate":76,"heart_rate_max":79,"heart_rate_min":74,"start_time":1674661440000,"end_time":1674661499000},{"heart_rate":77,"heart_rate_max":79,"heart_rate_min":74,"start_time":1674661380000,"end_time":1674661439000},{"heart_rate":76,"heart_rate_max":79,"heart_rate_min":74,"start_time":1674661320000,"end_time":1674661379000},{"heart_rate":79,"heart_rate_max":83,"heart_rate_min":77,"start_time":1674661260000,"end_time":1674661319000},{"heart_rate":74,"heart_rate_max":78,"heart_rate_min":72,"start_time":1674661200000,"end_time":1674661259000},{"heart_rate":77,"heart_rate_max":87,"heart_rate_min":73,"start_time":1674661140000,"end_time":1674661199000},{"heart_rate":77,"heart_rate_max":79,"heart_rate_min":75,"start_time":1674661080000,"end_time":1674661139000},{"heart_rate":71,"heart_rate_max":76,"heart_rate_min":67,"start_time":1674661020000,"end_time":1674661079000},{"heart_rate":77,"heart_rate_max":85,"heart_rate_min":74,"start_time":1674660960000,"end_time":1674661019000},{"heart_rate":73,"heart_rate_max":80,"heart_rate_min":69,"start_time":1674660900000,"end_time":1674660959000},{"heart_rate":67,"heart_rate_max":76,"heart_rate_min":56,"start_time":1674660840000,"end_time":1674660899000},{"heart_rate":76,"heart_rate_max":85,"heart_rate_min":71,"start_time":1674660780000,"end_time":1674660839000},{"heart_rate":74,"heart_rate_max":78,"heart_rate_min":65,"start_time":1674660720000,"end_time":1674660779000},{"heart_rate":78,"heart_rate_max":81,"heart_rate_min":75,"start_time":1674660660000,"end_time":1674660719000},{"heart_rate":77,"heart_rate_max":79,"heart_rate_min":74,"start_time":1674660600000,"end_time":1674660659000},{"heart_rate":72,"heart_rate_max":77,"heart_rate_min":67,"start_time":1674660540000,"end_time":1674660599000},{"heart_rate":74,"heart_rate_max":81,"heart_rate_min":68,"start_time":1674660480000,"end_time":1674660539000},{"heart_rate":70,"heart_rate_max":73,"heart_rate_min":68,"start_time":1674660420000,"end_time":1674660479000},{"heart_rate":72,"heart_rate_max":77,"heart_rate_min":69,"start_time":1674660360000,"end_time":1674660419000},{"heart_rate":72,"heart_rate_max":78,"heart_rate_min":67,"start_time":1674660300000,"end_time":1674660359000},{"heart_rate":77,"heart_rate_max":80,"heart_rate_min":71,"start_time":1674660240000,"end_time":1674660299000},{"heart_rate":88,"heart_rate_max":95,"heart_rate_min":85,"start_time":1674660180000,"end_time":1674660239000},{"heart_rate":82,"heart_rate_max":91,"heart_rate_min":77,"start_time":1674660120000,"end_time":1674660179000},{"heart_rate":84,"heart_rate_max":91,"heart_rate_min":80,"start_time":1674660060000,"end_time":1674660119000},{"heart_rate":82,"heart_rate_max":86,"heart_rate_min":73,"start_time":1674660000000,"end_time":1674660059000},{"heart_rate":81,"heart_rate_max":93,"heart_rate_min":76,"start_time":1674659940000,"end_time":1674659999000},{"heart_rate":81,"heart_rate_max":86,"heart_rate_min":76,"start_time":1674659880000,"end_time":1674659939000},{"heart_rate":77,"heart_rate_max":84,"heart_rate_min":75,"start_time":1674659820000,"end_time":1674659879000},{"heart_rate":78,"heart_rate_max":86,"heart_rate_min":73,"start_time":1674659760000,"end_time":1674659819000},{"heart_rate":76,"heart_rate_max":82,"heart_rate_min":72,"start_time":1674659700000,"end_time":1674659759000},{"heart_rate":77,"heart_rate_max":85,"heart_rate_min":74,"start_time":1674659640000,"end_time":1674659699000},{"heart_rate":84,"heart_rate_max":89,"heart_rate_min":80,"start_time":1674659580000,"end_time":1674659639000},{"heart_rate":83,"heart_rate_max":89,"heart_rate_min":76,"start_time":1674659520000,"end_time":1674659579000},{"heart_rate":79,"heart_rate_max":84,"heart_rate_min":76,"start_time":1674659460000,"end_time":1674659519000},{"heart_rate":80,"heart_rate_max":88,"heart_rate_min":75,"start_time":1674659400000,"end_time":1674659459000},{"heart_rate":97,"heart_rate_max":98,"heart_rate_min":75,"start_time":1674659340000,"end_time":1674659399000},{"heart_rate":73,"heart_rate_max":89,"heart_rate_min":67,"start_time":1674659280000,"end_time":1674659339000},{"heart_rate":67,"heart_rate_max":76,"heart_rate_min":60,"start_time":1674659220000,"end_time":1674659279000},{"heart_rate":61,"heart_rate_max":65,"heart_rate_min":56,"start_time":1674659160000,"end_time":1674659219000},{"heart_rate":74,"heart_rate_max":85,"heart_rate_min":65,"start_time":1674659100000,"end_time":1674659159000},{"heart_rate":62,"heart_rate_max":68,"heart_rate_min":55,"start_time":1674659040000,"end_time":1674659099000},{"heart_rate":61,"heart_rate_max":68,"heart_rate_min":55,"start_time":1674658980000,"end_time":1674659039000},{"heart_rate":61,"heart_rate_max":67,"heart_rate_min":56,"start_time":1674658920000,"end_time":1674658979000},{"heart_rate":62,"heart_rate_max":70,"heart_rate_min":55,"start_time":1674658860000,"end_time":1674658919000},{"heart_rate":63,"heart_rate_max":68,"heart_rate_min":55,"start_time":1674658800000,"end_time":1674658859000}]