[{"heart_rate":62,"heart_rate_max":69,"heart_rate_min":54,"start_time":1674583140000,"end_time":1674583199000},{"heart_rate":62,"heart_rate_max":68,"heart_rate_min":55,"start_time":1674583080000,"end_time":1674583139000},{"heart_rate":62,"heart_rate_max":69,"heart_rate_min":58,"start_time":1674583020000,"end_time":1674583079000},{"heart_rate":60,"heart_rate_max":66,"heart_rate_min":56,"start_time":1674582960000,"end_time":1674583019000},{"heart_rate":61,"heart_rate_max":66,"heart_rate_min":58,"start_time":1674582900000,"end_time":1674582959000},{"heart_rate":61,"heart_rate_max":65,"heart_rate_min":57,"start_time":1674582840000,"end_time":1674582899000},{"heart_rate":70,"heart_rate_max":83,"heart_rate_min":58,"start_time":1674582780000,"end_time":1674582839000},{"heart_rate":71,"heart_rate_max":86,"heart_rate_min":66,"start_time":1674582720000,"end_time":1674582779000},{"heart_rate":81,"heart_rate_max":87,"heart_rate_min":76,"start_time":1674582660000,"end_time":1674582719000},{"heart_rate":80,"heart_rate_max":83,"heart_rate_min":73,"start_time":1674582600000,"end_time":1674582659000},{"heart_rate":71,"heart_rate_max":80,"heart_rate_min":64,"start_time":1674582480000,"end_time":1674582539000},{"heart_rate":64,"heart_rate_max":69,"heart_rate_min":62,"start_time":1674582420000,"end_time":1674582479000},{"heart_rate":63,"heart_rate_max":68,"heart_rate_min":59,"start_time":1674582360000,"end_time":1674582419000},{"heart_rate":62,"heart_rate_max":68,"heart_rate_min":55,"start_time":1674582300000,"end_time":1674582359000},{"heart_rate":62,"heart_rate_max":69,"heart_rate_min":58,"start_time":1674582240000,"end_time":1674582299000},{"heart_rate":61,"heart_rate_max":66,"heart_rate_min":58,"start_time":1674582180000,"end_time":1674582239000},{"heart_rate":59,"heart_rate_max":63,"heart_rate_min":58,"start_time":1674582120000,"end_time":1674582179000},{"heart_rate":67,"heart_rate_max":84,"heart_rate_min":59,"start_time":1674582060000,"end_time":1674582119000},{"heart_rate":68,"heart_rate_max":71,"heart_rate_min":61,"start_time":1674582000000,"end_time":1674582059000},{"heart_rate":70,"heart_rate_max":73,"heart_rate_min":69,"start_time":1674581940000,"end_time":1674581999000},{"heart_rate":69,"heart_rate_max":74,"heart_rate_min":67,"start_time":1674581880000,"end_time":1674581939000},{"heart_rate":66,"heart_rate_max":74,"heart_rate_min":54,"start_time":1674581820000,"end_time":1674581879000},{"heart_rate":68,"heart_rate_max":73,"heart_rate_min":66,"start_time":1674581760000,"end_time":1674581819000},{"heart_rate":65,"heart_rate_max":68,"heart_rate_min":64,"start_time":1674581700000,"end_time":1674581759000},{"heart_rate":65,"heart_rate_max":70,"heart_rate_min":61,"start_time":1674581640000,"end_time":1674581699000},{"heart_rate":65,"heart_rate_max":69,"heart_rate_min":55,"start_time":1674581580000,"end_time":1674581639000},{"heart_rate":66,"heart_rate_max":77,"heart_rate_min":54,"start_time":1674581520000,"end_time":1674581579000},{"heart_rate":73,"heart_rate_max":83,"heart_rate_min":65,"start_time":1674581460000,"end_time":1674581519000},{"heart_rate":67,"heart_rate_max":72,"heart_rate_min":60,"start_time":1674581400000,"end_time":1674581459000},{"heart_rate":67,"heart_rate_max":71,"heart_rate_min":60,"start_time":1674581340000,"end_time":1674581399000},{"heart_rate":69,"heart_rate_max":73,"heart_rate_min":60,"start_time":1674581280000,"end_time":1674581339000},{"heart_rate":69,"heart_rate_max":71,"heart_rate_min":66,"start_time":1674581220000,"end_time":1674581279000},{"heart_rate":66,"heart_rate_max":71,"heart_rate_min":60,"start_time":1674581160000,"end_time":1674581219000},{"heart_rate":68,"heart_rate_max":74,"heart_rate_min":59,"start_time":1674581100000,"end_time":1674581159000},{"heart_rate":67,"heart_rate_max":76,"heart_rate_min":60,"start_time":1674581040000,"end_time":1674581099000},{"heart_rate":64,"heart_rate_max":72,"heart_rate_min":54,"start_time":1674580980000,"end_time":1674581039000},{"heart_rate":67,"heart_rate_max":70,"heart_rate_min":65,"start_time":1674580920000,"end_time":1674580979000},{"heart_rate":65,"heart_rate_max":69,"heart_rate_min":63,"start_time":1674580860000,"end_time":1674580919000},{"heart_rate":64,"heart_rate_max":69,"heart_rate_min":55,"start_time":1674580800000,"end_time":1674580859000},{"heart_rate":65,"heart_rate_max":69,"heart_rate_min":63,"start_time":1674580740000,"end_time":1674580799000},{"heart_rate":66,"heart_rate_max":72,"heart_rate_min":60,"start_time":1674580680000,"end_time":1674580739000},{"heart_rate":66,"heart_rate_max":71,"heart_rate_min":64,"start_time":1674580620000,"end_time":1674580679000},{"heart_rate":62,"heart_rate_max":67,"heart_rate_min":54,"start_time":1674580560000,"end_time":1674580619000},{"heart_rate":63,"heart_rate_max":75,"heart_rate_min":58,"start_time":1674580500000,"end_time":1674580559000},{"heart_rate":68,"heart_rate_max":89,"heart_rate_min":58,"start_time":1674580440000,"end_time":1674580499000},{"heart_rate":61,"heart_rate_max":67,"heart_rate_min":57,"start_time":1674580380000,"end_time":1674580439000},{"heart_rate":61,"heart_rate_max":69,"heart_rate_min":57,"start_time":1674580320000,"end_time":1674580379000},{"heart_rate":59,"heart_rate_max":65,"heart_rate_min":54,"start_time":1674580260000,"end_time":1674580319000},{"heart_rate":57,"heart_rate_max":65,"heart_rate_min":52,"start_time":1674580200000,"end_time":1674580259000},{"heart_rate":57,"heart_rate_max":64,"heart_rate_min":50,"start_time":1674580140000,"end_time":1674580199000},{"heart_rate":63,"heart_rate_max":67,"heart_rate_min":60,"start_time":1674580080000,"end_time":1674580139000},{"heart_rate":64,"heart_rate_max":71,"heart_rate_min":57,"start_time":1674580020000,"end_time":1674580079000},{"heart_rate":62,"heart_rate_max":66,"heart_rate_min":56,"start_time":1674579960000,"end_time":1674580019000},{"heart_rate":62,"heart_rate_max":69,"heart_rate_min":53,"start_time":1674579900000,"end_time":1674579959000},{"heart_rate":62,"heart_rate_max":68,"heart_rate_min":57,"start_time":1674579840000,"end_time":1674579899000},{"heart_rate":61,"heart_rate_max":70,"heart_rate_min":53,"start_time":1674579780000,"end_time":1674579839000},{"heart_rate":63,"heart_rate_max":69,"heart_rate_min":59,"start_time":1674579720000,"end_time":1674579779000},{"heart_rate":69,"heart_rate_max":79,"heart_rate_min":62,"start_time":1674579660000,"end_time":1674579719000}]