[{"heart_rate":77,"heart_rate_max":81,"heart_rate_min":75,"start_time":1674590340000,"end_time":1674590399000},{"heart_rate":79,"heart_rate_max":84,"heart_rate_min":76,"start_time":1674590280000,"end_time":1674590339000},{"heart_rate":77,"heart_rate_max":82,"heart_rate_min":73,"start_time":1674590220000,"end_time":1674590279000},{"heart_rate":78,"heart_rate_max":82,"heart_rate_min":77,"start_time":1674590160000,"end_time":1674590219000},{"heart_rate":78,"heart_rate_max":83,"heart_rate_min":75,"start_time":1674590100000,"end_time":1674590159000},{"heart_rate":76,"heart_rate_max":83,"heart_rate_min":73,"start_time":1674590040000,"end_time":1674590099000},{"heart_rate":82,"heart_rate_max":89,"heart_rate_min":78,"start_time":1674589980000,"end_time":1674590039000},{"heart_rate":78,"heart_rate_max":80,"heart_rate_min":77,"start_time":1674589920000,"end_time":1674589979000},{"heart_rate":79,"heart_rate_max":82,"heart_rate_min":77,"start_time":1674589860000,"end_time":1674589919000},{"heart_rate":76,"heart_rate_max":80,"heart_rate_min":73,"start_time":1674589800000,"end_time":1674589859000},{"heart_rate":73,"heart_rate_max":78,"heart_rate_min":70,"start_time":1674589740000,"end_time":1674589799000},{"heart_rate":80,"heart_rate_max":82,"heart_rate_min":79,"start_time":1674589680000,"end_time":1674589739000},{"heart_rate":78,"heart_rate_max":81,"heart_rate_min":75,"start_time":1674589620000,"end_time":1674589679000},{"heart_rate":77,"heart_rate_max":80,"heart_rate_min":76,"start_time":1674589560000,"end_time":1674589619000},{"heart_rate":76,"heart_rate_max":81,"heart_rate_min":71,"start_time":1674589500000,"end_time":1674589559000},{"heart_rate":80,"heart_rate_max":88,"heart_rate_min":76,"start_time":1674589440000,"end_time":1674589499000},{"heart_rate":79,"heart_rate_max":82,"heart_rate_min":78,"start_time":1674589380000,"end_time":1674589439000},{"heart_rate":75,"heart_rate_max":81,"heart_rate_min":73,"start_time":1674589320000,"end_time":1674589379000},{"heart_rate":78,"heart_rate_max":83,"heart_rate_min":75,"start_time":1674589260000,"end_time":1674589319000},{"heart_rate":72,"heart_rate_max":80,"heart_rate_min":65,"start_time":1674589200000,"end_time":1674589259000},{"heart_rate":71,"heart_rate_max":76,"heart_rate_min":67,"start_time":1674589140000,"end_time":1674589199000},{"heart_rate":80,"heart_rate_max":84,"heart_rate_min":77,"start_time":1674589080000,"end_time":1674589139000},{"heart_rate":77,"heart_rate_max":81,"heart_rate_min":74,"start_time":1674589020000,"end_time":1674589079000},{"heart_rate":73,"heart_rate_max":77,"heart_rate_min":68,"start_time":1674588960000,"end_time":1674589019000},{"heart_rate":75,"heart_rate_max":87,"heart_rate_min":70,"start_time":1674588900000,"end_time":1674588959000},{"heart_rate":80,"heart_rate_max":91,"heart_rate_min":73,"start_time":1674588840000,"end_time":1674588899000},{"heart_rate":76,"heart_rate_max":80,"heart_rate_min":73,"start_time":1674588780000,"end_time":1674588839000},{"heart_rate":80,"heart_rate_max":91,"heart_rate_min":72,"start_time":1674588720000,"end_time":1674588779000},{"heart_rate":81,"heart_rate_max":87,"heart_rate_min":78,"start_time":1674588660000,"end_time":1674588719000},{"heart_rate":78,"heart_rate_max":82,"heart_rate_min":77,"start_time":1674588600000,"end_time":1674588659000},{"heart_rate":77,"heart_rate_max":84,"heart_rate_min":73,"start_time":1674588540000,"end_time":1674588599000},{"heart_rate":75,"heart_rate_max":78,"heart_rate_min":74,"start_time":1674588480000,"end_time":1674588539000},{"heart_rate":73,"heart_rate_max":77,"heart_rate_min":71,"start_time":1674588420000,"end_time":1674588479000},{"heart_rate":81,"heart_rate_max":84,"heart_rate_min":80,"start_time":1674588360000,"end_time":1674588419000},{"heart_rate":79,"heart_rate_max":84,"heart_rate_min":77,"start_time":1674588300000,"end_time":1674588359000},{"heart_rate":81,"heart_rate_max":86,"heart_rate_min":79,"start_time":1674588240000,"end_time":1674588299000},{"heart_rate":79,"heart_rate_max":81,"heart_rate_min":76,"start_time":1674588180000,"end_time":1674588239000},{"heart_rate":79,"heart_rate_max":83,"heart_rate_min":76,"start_time":1674588120000,"end_time":1674588179000},{"heart_rate":77,"heart_rate_max":83,"heart_rate_min":74,"start_time":1674588060000,"end_time":1674588119000},{"heart_rate":74,"heart_rate_max":89,"heart_rate_min":70,"start_time":1674588000000,"end_time":1674588059000},{"heart_rate":81,"heart_rate_max":88,"heart_rate_min":74,"start_time":1674587940000,"end_time":1674587999000},{"heart_rate":79,"heart_rate_max":85,"heart_rate_min":72,"start_time":1674587880000,"end_time":1674587939000},{"heart_rate":81,"heart_rate_max":85,"heart_rate_min":76,"start_time":1674587820000,"end_time":1674587879000},{"heart_rate":80,"heart_rate_max":82,"heart_rate_min":79,"start_time":1674587760000,"end_time":1674587819000},{"heart_rate":79,"heart_rate_max":81,"heart_rate_min":77,"start_time":1674587700000,"end_time":1674587759000},{"heart_rate":75,"heart_rate_max":80,"heart_rate_min":72,"start_time":1674587640000,"end_time":1674587699000},{"heart_rate":77,"heart_rate_max":80,"heart_rate_min":73,"start_time":1674587580000,"end_time":1674587639000},{"heart_rate":72,"heart_rate_max":81,"heart_rate_min":67,"start_time":1674587520000,"end_time":1674587579000},{"heart_rate":77,"heart_rate_max":85,"heart_rate_min":73,"start_time":1674587460000,"end_time":1674587519000},{"heart_rate":75,"heart_rate_max":79,"heart_rate_min":73,"start_time":1674587400000,"end_time":1674587459000},{"heart_rate":77,"heart_rate_max":80,"heart_rate_min":74,"start_time":1674587340000,"end_time":1674587399000},{"heart_rate":78,"heart_rate_max":80,"heart_rate_min":75,"start_time":1674587280000,"end_time":1674587339000},{"heart_rate":76,"heart_rate_max":81,"heart_rate_min":72,"start_time":1674587220000,"end_time":1674587279000},{"heart_rate":75,"heart_rate_max":80,"heart_rate_min":71,"start_time":1674587160000,"end_time":1674587219000},{"heart_rate":77,"heart_rate_max":84,"heart_rate_min":73,"start_time":1674587100000,"end_time":1674587159000},{"heart_rate":80,"heart_rate_max":87,"heart_rate_min":75,"start_time":1674587040000,"end_time":1674587099000},{"heart_rate":80,"heart_rate_max":85,"heart_rate_min":68,"start_time":1674586980000,"end_time":1674587039000},{"heart_rate":74,"heart_rate_max":80,"heart_rate_min":69,"start_time":1674586920000,"end_time":1674586979000},{"heart_rate":74,"heart_rate_max":78,"heart_rate_min":72,"start_time":1674586860000,"end_time":1674586919000},{"heart_rate":70,"heart_rate_max":75,"heart_rate_min":60,"start_time":1674586800000,"end_time":1674586859000}]