[{"heart_rate":78,"heart_rate_max":81,"heart_rate_min":75,"start_time":1674734340000,"end_time":1674734399000},{"heart_rate":74,"heart_rate_max":85,"heart_rate_min":64,"start_time":1674734280000,"end_time":1674734339000},{"heart_rate":74,"heart_rate_max":78,"heart_rate_min":67,"start_time":1674734220000,"end_time":1674734279000},{"heart_rate":76,"heart_rate_max":84,"heart_rate_min":68,"start_time":1674734160000,"end_time":1674734219000},{"heart_rate":69,"heart_rate_max":75,"heart_rate_min":64,"start_time":1674734100000,"end_time":1674734159000},{"heart_rate":78,"heart_rate_max":85,"heart_rate_min":68,"start_time":1674734040000,"end_time":1674734099000},{"heart_rate":76,"heart_rate_max":82,"heart_rate_min":65,"start_time":1674733980000,"end_time":1674734039000},{"heart_rate":79,"heart_rate_max":84,"heart_rate_min":77,"start_time":1674733920000,"end_time":1674733979000},{"heart_rate":79,"heart_rate_max":86,"heart_rate_min":71,"start_time":1674733860000,"end_time":1674733919000},{"heart_rate":79,"heart_rate_max":84,"heart_rate_min":71,"start_time":1674733800000,"end_time":1674733859000},{"heart_rate":77,"heart_rate_max":82,"heart_rate_min":71,"start_time":1674733740000,"end_time":1674733799000},{"heart_rate":79,"heart_rate_max":84,"heart_rate_min":77,"start_time":1674733680000,"end_time":1674733739000},{"heart_rate":77,"heart_rate_max":80,"heart_rate_min":74,"start_time":1674733620000,"end_time":1674733679000},{"heart_rate":75,"heart_rate_max":79,"heart_rate_min":71,"start_time":1674733560000,"end_time":1674733619000},{"heart_rate":71,"heart_rate_max":76,"heart_rate_min":66,"start_time":1674733500000,"end_time":1674733559000},{"heart_rate":74,"heart_rate_max":78,"heart_rate_min":65,"start_time":1674733440000,"end_time":1674733499000},{"heart_rate":71,"heart_rate_max":77,"heart_rate_min":61,"start_time":1674733380000,"end_time":1674733439000},{"heart_rate":75,"heart_rate_max":78,"heart_rate_min":74,"start_time":1674733320000,"end_time":1674733379000},{"heart_rate":75,"heart_rate_max":80,"heart_rate_min":64,"start_time":1674733260000,"end_time":1674733319000},{"heart_rate":75,"heart_rate_max":80,"heart_rate_min":71,"start_time":1674733200000,"end_time":1674733259000},{"heart_rate":75,"heart_rate_max":80,"heart_rate_min":64,"start_time":1674733140000,"end_time":1674733199000},{"heart_rate":73,"heart_rate_max":78,"heart_rate_min":69,"start_time":1674733080000,"end_time":1674733139000},{"heart_rate":74,"heart_rate_max":79,"heart_rate_min":65,"start_time":1674733020000,"end_time":1674733079000},{"heart_rate":76,"heart_rate_max":80,"heart_rate_min":73,"start_time":1674732960000,"end_time":1674733019000},{"heart_rate":74,"heart_rate_max":79,"heart_rate_min":68,"start_time":1674732900000,"end_time":1674732959000},{"heart_rate":72,"heart_rate_max":78,"heart_rate_min":61,"start_time":1674732840000,"end_time":1674732899000},{"heart_rate":79,"heart_rate_max":84,"heart_rate_min":73,"start_time":1674732780000,"end_time":1674732839000},{"heart_rate":75,"heart_rate_max":83,"heart_rate_min":70,"start_time":1674732720000,"end_time":1674732779000},{"heart_rate":76,"heart_rate_max":85,"heart_rate_min":70,"start_time":1674732660000,"end_time":1674732719000},{"heart_rate":84,"heart_rate_max":101,"heart_rate_min":68,"start_time":1674732600000,"end_time":1674732659000},{"heart_rate":83,"heart_rate_max":96,"heart_rate_min":77,"start_time":1674732540000,"end_time":1674732599000},{"heart_rate":82,"heart_rate_max":89,"heart_rate_min":78,"start_time":1674732480000,"end_time":1674732539000},{"heart_rate":78,"heart_rate_max":81,"heart_rate_min":77,"start_time":1674732420000,"end_time":1674732479000},{"heart_rate":78,"heart_rate_max":81,"heart_rate_min":76,"start_time":1674732360000,"end_time":1674732419000},{"heart_rate":76,"heart_rate_max":81,"heart_rate_min":65,"start_time":1674732300000,"end_time":1674732359000},{"heart_rate":79,"heart_rate_max":81,"heart_rate_min":77,"start_time":1674732240000,"end_time":1674732299000},{"heart_rate":77,"heart_rate_max":81,"heart_rate_min":66,"start_time":1674732180000,"end_time":1674732239000},{"heart_rate":78,"heart_rate_max":81,"heart_rate_min":65,"start_time":1674732120000,"end_time":1674732179000},{"heart_rate":78,"heart_rate_max":81,"heart_rate_min":75,"start_time":1674732060000,"end_time":1674732119000},{"heart_rate":77,"heart_rate_max":80,"heart_rate_min":75,"start_time":1674732000000,"end_time":1674732059000},{"heart_rate":75,"heart_rate_max":80,"heart_rate_min":65,"start_time":1674731940000,"end_time":1674731999000},{"heart_rate":75,"heart_rate_max":79,"heart_rate_min":65,"start_time":1674731880000,"end_time":1674731939000},{"heart_rate":77,"heart_rate_max":81,"heart_rate_min":69,"start_time":1674731820000,"end_time":1674731879000},{"heart_rate":78,"heart_rate_max":81,"heart_rate_min":77,"start_time":1674731760000,"end_time":1674731819000},{"heart_rate":76,"heart_rate_max":79,"heart_rate_min":75,"start_time":1674731700000,"end_time":1674731759000},{"heart_rate":78,"heart_rate_max":81,"heart_rate_min":76,"start_time":1674731640000,"end_time":1674731699000},{"heart_rate":76,"heart_rate_max":79,"heart_rate_min":75,"start_time":1674731580000,"end_time":1674731639000},{"heart_rate":80,"heart_rate_max":85,"heart_rate_min":76,"start_time":1674731520000,"end_time":1674731579000},{"heart_rate":78,"heart_rate_max":81,"heart_rate_min":76,"start_time":1674731460000,"end_time":1674731519000},{"heart_rate":78,"heart_rate_max":80,"heart_rate_min":76,"start_time":1674731400000,"end_time":1674731459000},{"heart_rate":78,"heart_rate_max":81,"heart_rate_min":76,"start_time":1674731340000,"end_time":1674731399000},{"heart_rate":76,"heart_rate_max":78,"heart_rate_min":74,"start_time":1674731280000,"end_time":1674731339000},{"heart_rate":77,"heart_rate_max":78,"heart_rate_min":75,"start_time":1674731220000,"end_time":1674731279000},{"heart_rate":75,"heart_rate_max":78,"heart_rate_min":74,"start_time":1674731160000,"end_time":1674731219000},{"heart_rate":75,"heart_rate_max":81,"heart_rate_min":65,"start_time":1674731100000,"end_time":1674731159000},{"heart_rate":74,"heart_rate_max":82,"heart_rate_min":60,"start_time":1674731040000,"end_time":1674731099000},{"heart_rate":79,"heart_rate_max":85,"heart_rate_min":73,"start_time":1674730980000,"end_time":1674731039000},{"heart_rate":76,"heart_rate_max":82,"heart_rate_min":65,"start_time":1674730920000,"end_time":1674730979000},{"heart_rate":78,"heart_rate_max":80,"heart_rate_min":75,"start_time":1674730860000,"end_time":1674730919000},{"heart_rate":75,"heart_rate_max":80,"heart_rate_min":65,"start_time":1674730800000,"end_time":1674730859000}]