[{"heart_rate":75,"heart_rate_max":91,"heart_rate_min":64,"start_time":1674579540000,"end_time":1674579599000},{"heart_rate":85,"heart_rate_max":99,"heart_rate_min":76,"start_time":1674579480000,"end_time":1674579539000},{"heart_rate":76,"heart_rate_max":82,"heart_rate_min":69,"start_time":1674579420000,"end_time":1674579479000},{"heart_rate":67,"heart_rate_max":72,"heart_rate_min":59,"start_time":1674579360000,"end_time":1674579419000},{"heart_rate":73,"heart_rate_max":76,"heart_rate_min":70,"start_time":1674579300000,"end_time":1674579359000},{"heart_rate":75,"heart_rate_max":80,"heart_rate_min":73,"start_time":1674579240000,"end_time":1674579299000},{"heart_rate":79,"heart_rate_max":88,"heart_rate_min":72,"start_time":1674579180000,"end_time":1674579239000},{"heart_rate":79,"heart_rate_max":88,"heart_rate_min":74,"start_time":1674579120000,"end_time":1674579179000},{"heart_rate":74,"heart_rate_max":82,"heart_rate_min":72,"start_time":1674579060000,"end_time":1674579119000},{"heart_rate":72,"heart_rate_max":79,"heart_rate_min":64,"start_time":1674579000000,"end_time":1674579059000},{"heart_rate":79,"heart_rate_max":85,"heart_rate_min":72,"start_time":1674578940000,"end_time":1674578999000},{"heart_rate":79,"heart_rate_max":84,"heart_rate_min":76,"start_time":1674578880000,"end_time":1674578939000},{"heart_rate":79,"heart_rate_max":81,"heart_rate_min":77,"start_time":1674578820000,"end_time":1674578879000},{"heart_rate":78,"heart_rate_max":81,"heart_rate_min":76,"start_time":1674578760000,"end_time":1674578819000},{"heart_rate":79,"heart_rate_max":82,"heart_rate_min":77,"start_time":1674578700000,"end_time":1674578759000},{"heart_rate":82,"heart_rate_max":92,"heart_rate_min":75,"start_time":1674578640000,"end_time":1674578699000},{"heart_rate":80,"heart_rate_max":87,"heart_rate_min":71,"start_time":1674578580000,"end_time":1674578639000},{"heart_rate":80,"heart_rate_max":84,"heart_rate_min":77,"start_time":1674578520000,"end_time":1674578579000},{"heart_rate":79,"heart_rate_max":90,"heart_rate_min":73,"start_time":1674578460000,"end_time":1674578519000},{"heart_rate":75,"heart_rate_max":79,"heart_rate_min":73,"start_time":1674578400000,"end_time":1674578459000},{"heart_rate":81,"heart_rate_max":87,"heart_rate_min":76,"start_time":1674578340000,"end_time":1674578399000},{"heart_rate":78,"heart_rate_max":88,"heart_rate_min":73,"start_time":1674578280000,"end_time":1674578339000},{"heart_rate":78,"heart_rate_max":82,"heart_rate_min":72,"start_time":1674578220000,"end_time":1674578279000},{"heart_rate":75,"heart_rate_max":79,"heart_rate_min":73,"start_time":1674578160000,"end_time":1674578219000},{"heart_rate":76,"heart_rate_max":80,"heart_rate_min":73,"start_time":1674578100000,"end_time":1674578159000},{"heart_rate":76,"heart_rate_max":80,"heart_rate_min":72,"start_time":1674578040000,"end_time":1674578099000},{"heart_rate":75,"heart_rate_max":78,"heart_rate_min":74,"start_time":1674577980000,"end_time":1674578039000},{"heart_rate":76,"heart_rate_max":79,"heart_rate_min":74,"start_time":1674577920000,"end_time":1674577979000},{"heart_rate":77,"heart_rate_max":80,"heart_rate_min":76,"start_time":1674577860000,"end_time":1674577919000},{"heart_rate":75,"heart_rate_max":78,"heart_rate_min":73,"start_time":1674577800000,"end_time":1674577859000},{"heart_rate":73,"heart_rate_max":76,"heart_rate_min":71,"start_time":1674577740000,"end_time":1674577799000},{"heart_rate":76,"heart_rate_max":80,"heart_rate_min":74,"start_time":1674577680000,"end_time":1674577739000},{"heart_rate":76,"heart_rate_max":79,"heart_rate_min":73,"start_time":1674577620000,"end_time":1674577679000},{"heart_rate":80,"heart_rate_max":87,"heart_rate_min":74,"start_time":1674577560000,"end_time":1674577619000},{"heart_rate":75,"heart_rate_max":81,"heart_rate_min":71,"start_time":1674577500000,"end_time":1674577559000},{"heart_rate":73,"heart_rate_max":80,"heart_rate_min":72,"start_time":1674577440000,"end_time":1674577499000},{"heart_rate":84,"heart_rate_max":95,"heart_rate_min":79,"start_time":1674577380000,"end_time":1674577439000},{"heart_rate":101,"heart_rate_max":103,"heart_rate_min":101,"start_time":1674577320000,"end_time":1674577379000},{"heart_rate":99,"heart_rate_max":99,"heart_rate_min":99,"start_time":1674577260000,"end_time":1674577319000},{"heart_rate":95,"heart_rate_max":98,"heart_rate_min":94,"start_time":1674577200000,"end_time":1674577259000},{"heart_rate":80,"heart_rate_max":82,"heart_rate_min":78,"start_time":1674577140000,"end_time":1674577199000},{"heart_rate":84,"heart_rate_max":86,"heart_rate_min":83,"start_time":1674577080000,"end_time":1674577139000},{"heart_rate":81,"heart_rate_max":89,"heart_rate_min":79,"start_time":1674577020000,"end_time":1674577079000},{"heart_rate":78,"heart_rate_max":81,"heart_rate_min":76,"start_time":1674576960000,"end_time":1674577019000},{"heart_rate":77,"heart_rate_max":79,"heart_rate_min":76,"start_time":1674576900000,"end_time":1674576959000},{"heart_rate":80,"heart_rate_max":84,"heart_rate_min":75,"start_time":1674576840000,"end_time":1674576899000},{"heart_rate":80,"heart_rate_max":85,"heart_rate_min":76,"start_time":1674576780000,"end_time":1674576839000},{"heart_rate":80,"heart_rate_max":87,"heart_rate_min":76,"start_time":1674576720000,"end_time":1674576779000},{"heart_rate":79,"heart_rate_max":85,"heart_rate_min":72,"start_time":1674576660000,"end_time":1674576719000},{"heart_rate":80,"heart_rate_max":87,"heart_rate_min":76,"start_time":1674576600000,"end_time":1674576659000},{"heart_rate":83,"heart_rate_max":86,"heart_rate_min":81,"start_time":1674576540000,"end_time":1674576599000},{"heart_rate":81,"heart_rate_max":84,"heart_rate_min":79,"start_time":1674576480000,"end_time":1674576539000},{"heart_rate":79,"heart_rate_max":82,"heart_rate_min":76,"start_time":1674576420000,"end_time":1674576479000},{"heart_rate":81,"heart_rate_max":84,"heart_rate_min":78,"start_time":1674576360000,"end_time":1674576419000},{"heart_rate":85,"heart_rate_max":92,"heart_rate_min":82,"start_time":1674576300000,"end_time":1674576359000},{"heart_rate":80,"heart_rate_max":94,"heart_rate_min":77,"start_time":1674576240000,"end_time":1674576299000},{"heart_rate":80,"heart_rate_max":84,"heart_rate_min":78,"start_time":1674576180000,"end_time":1674576239000},{"heart_rate":81,"heart_rate_max":84,"heart_rate_min":79,"start_time":1674576120000,"end_time":1674576179000},{"heart_rate":82,"heart_rate_max":87,"heart_rate_min":79,"start_time":1674576060000,"end_time":1674576119000},{"heart_rate":77,"heart_rate_max":80,"heart_rate_min":75,"start_time":1674576000000,"end_time":1674576059000}]