[{"heart_rate":91,"heart_rate_max":94,"heart_rate_min":89,"start_time":1674554340000,"end_time":1674554399000},{"heart_rate":95,"heart_rate_max":98,"heart_rate_min":90,"start_time":1674554280000,"end_time":1674554339000},{"heart_rate":93,"heart_rate_max":98,"heart_rate_min":90,"start_time":1674554220000,"end_time":1674554279000},{"heart_rate":91,"heart_rate_max":99,"heart_rate_min":86,"start_time":1674554160000,"end_time":1674554219000},{"heart_rate":90,"heart_rate_max":97,"heart_rate_min":85,"start_time":1674554100000,"end_time":1674554159000},{"heart_rate":90,"heart_rate_max":96,"heart_rate_min":87,"start_time":1674554040000,"end_time":1674554099000},{"heart_rate":90,"heart_rate_max":91,"heart_rate_min":89,"start_time":1674553980000,"end_time":1674554039000},{"heart_rate":92,"heart_rate_max":97,"heart_rate_min":89,"start_time":1674553920000,"end_time":1674553979000},{"heart_rate":90,"heart_rate_max":95,"heart_rate_min":86,"start_time":1674553860000,"end_time":1674553919000},{"heart_rate":93,"heart_rate_max":96,"heart_rate_min":91,"start_time":1674553800000,"end_time":1674553859000},{"heart_rate":92,"heart_rate_max":96,"heart_rate_min":88,"start_time":1674553740000,"end_time":1674553799000},{"heart_rate":97,"heart_rate_max":102,"heart_rate_min":96,"start_time":1674553680000,"end_time":1674553739000},{"heart_rate":96,"heart_rate_max":96,"heart_rate_min":96,"start_time":1674553620000,"end_time":1674553679000},{"heart_rate":91,"heart_rate_max":100,"heart_rate_min":90,"start_time":1674553500000,"end_time":1674553559000},{"heart_rate":91,"heart_rate_max":96,"heart_rate_min":89,"start_time":1674553440000,"end_time":1674553499000},{"heart_rate":87,"heart_rate_max":92,"heart_rate_min":86,"start_time":1674553380000,"end_time":1674553439000},{"heart_rate":94,"heart_rate_max":100,"heart_rate_min":90,"start_time":1674553320000,"end_time":1674553379000},{"heart_rate":94,"heart_rate_max":98,"heart_rate_min":91,"start_time":1674553260000,"end_time":1674553319000},{"heart_rate":92,"heart_rate_max":97,"heart_rate_min":86,"start_time":1674553200000,"end_time":1674553259000},{"heart_rate":94,"heart_rate_max":98,"heart_rate_min":91,"start_time":1674553140000,"end_time":1674553199000},{"heart_rate":93,"heart_rate_max":97,"heart_rate_min":90,"start_time":1674553080000,"end_time":1674553139000},{"heart_rate":86,"heart_rate_max":90,"heart_rate_min":84,"start_time":1674553020000,"end_time":1674553079000},{"heart_rate":93,"heart_rate_max":97,"heart_rate_min":90,"start_time":1674552960000,"end_time":1674553019000},{"heart_rate":94,"heart_rate_max":96,"heart_rate_min":92,"start_time":1674552900000,"end_time":1674552959000},{"heart_rate":96,"heart_rate_max":100,"heart_rate_min":92,"start_time":1674552840000,"end_time":1674552899000},{"heart_rate":92,"heart_rate_max":98,"heart_rate_min":90,"start_time":1674552780000,"end_time":1674552839000},{"heart_rate":97,"heart_rate_max":99,"heart_rate_min":96,"start_time":1674552720000,"end_time":1674552779000},{"heart_rate":95,"heart_rate_max":100,"heart_rate_min":93,"start_time":1674552660000,"end_time":1674552719000},{"heart_rate":96,"heart_rate_max":100,"heart_rate_min":93,"start_time":1674552600000,"end_time":1674552659000},{"heart_rate":91,"heart_rate_max":93,"heart_rate_min":90,"start_time":1674552540000,"end_time":1674552599000},{"heart_rate":96,"heart_rate_max":99,"heart_rate_min":95,"start_time":1674552480000,"end_time":1674552539000},{"heart_rate":94,"heart_rate_max":98,"heart_rate_min":91,"start_time":1674552420000,"end_time":1674552479000},{"heart_rate":95,"heart_rate_max":100,"heart_rate_min":93,"start_time":1674552360000,"end_time":1674552419000},{"heart_rate":95,"heart_rate_max":99,"heart_rate_min":93,"start_time":1674552300000,"end_time":1674552359000},{"heart_rate":93,"heart_rate_max":97,"heart_rate_min":91,"start_time":1674552240000,"end_time":1674552299000},{"heart_rate":96,"heart_rate_max":102,"heart_rate_min":93,"start_time":1674552180000,"end_time":1674552239000},{"heart_rate":95,"heart_rate_max":102,"heart_rate_min":91,"start_time":1674552120000,"end_time":1674552179000},{"heart_rate":96,"heart_rate_max":102,"heart_rate_min":91,"start_time":1674552060000,"end_time":1674552119000},{"heart_rate":90,"heart_rate_max":93,"heart_rate_min":87,"start_time":1674552000000,"end_time":1674552059000},{"heart_rate":95,"heart_rate_max":98,"heart_rate_min":94,"start_time":1674551940000,"end_time":1674551999000},{"heart_rate":96,"heart_rate_max":99,"heart_rate_min":94,"start_time":1674551880000,"end_time":1674551939000},{"heart_rate":93,"heart_rate_max":97,"heart_rate_min":91,"start_time":1674551820000,"end_time":1674551879000},{"heart_rate":93,"heart_rate_max":96,"heart_rate_min":89,"start_time":1674551760000,"end_time":1674551819000},{"heart_rate":92,"heart_rate_max":95,"heart_rate_min":91,"start_time":1674551700000,"end_time":1674551759000},{"heart_rate":92,"heart_rate_max":94,"heart_rate_min":91,"start_time":1674551640000,"end_time":1674551699000},{"heart_rate":92,"heart_rate_max":97,"heart_rate_min":88,"start_time":1674551580000,"end_time":1674551639000},{"heart_rate":90,"heart_rate_max":93,"heart_rate_min":88,"start_time":1674551520000,"end_time":1674551579000},{"heart_rate":96,"heart_rate_max":103,"heart_rate_min":92,"start_time":1674551460000,"end_time":1674551519000},{"heart_rate":93,"heart_rate_max":96,"heart_rate_min":90,"start_time":1674551400000,"end_time":1674551459000},{"heart_rate":93,"heart_rate_max":99,"heart_rate_min":90,"start_time":1674551340000,"end_time":1674551399000},{"heart_rate":94,"heart_rate_max":101,"heart_rate_min":92,"start_time":1674551280000,"end_time":1674551339000},{"heart_rate":94,"heart_rate_max":96,"heart_rate_min":92,"start_time":1674551220000,"end_time":1674551279000},{"heart_rate":94,"heart_rate_max":98,"heart_rate_min":92,"start_time":1674551160000,"end_time":1674551219000},{"heart_rate":94,"heart_rate_max":100,"heart_rate_min":91,"start_time":1674551100000,"end_time":1674551159000},{"heart_rate":94,"heart_rate_max":102,"heart_rate_min":91,"start_time":1674551040000,"end_time":1674551099000},{"heart_rate":91,"heart_rate_max":95,"heart_rate_min":89,"start_time":1674550980000,"end_time":1674551039000},{"heart_rate":97,"heart_rate_max":104,"heart_rate_min":93,"start_time":1674550920000,"end_time":1674550979000},{"heart_rate":91,"heart_rate_max":95,"heart_rate_min":90,"start_time":1674550860000,"end_time":1674550919000},{"heart_rate":96,"heart_rate_max":98,"heart_rate_min":94,"start_time":1674550800000,"end_time":1674550859000}]