[{"heart_rate":82,"heart_rate_max":89,"heart_rate_min":77,"start_time":1674680340000,"end_time":1674680399000},{"heart_rate":86,"heart_rate_max":94,"heart_rate_min":81,"start_time":1674680280000,"end_time":1674680339000},{"heart_rate":83,"heart_rate_max":89,"heart_rate_min":78,"start_time":1674680220000,"end_time":1674680279000},{"heart_rate":80,"heart_rate_max":89,"heart_rate_min":73,"start_time":1674680160000,"end_time":1674680219000},{"heart_rate":73,"heart_rate_max":81,"heart_rate_min":70,"start_time":1674680100000,"end_time":1674680159000},{"heart_rate":79,"heart_rate_max":90,"heart_rate_min":69,"start_time":1674680040000,"end_time":1674680099000},{"heart_rate":79,"heart_rate_max":84,"heart_rate_min":74,"start_time":1674679980000,"end_time":1674680039000},{"heart_rate":77,"heart_rate_max":80,"heart_rate_min":74,"start_time":1674679920000,"end_time":1674679979000},{"heart_rate":74,"heart_rate_max":87,"heart_rate_min":69,"start_time":1674679860000,"end_time":1674679919000},{"heart_rate":83,"heart_rate_max":90,"heart_rate_min":76,"start_time":1674679800000,"end_time":1674679859000},{"heart_rate":77,"heart_rate_max":86,"heart_rate_min":70,"start_time":1674679740000,"end_time":1674679799000},{"heart_rate":83,"heart_rate_max":94,"heart_rate_min":72,"start_time":1674679680000,"end_time":1674679739000},{"heart_rate":82,"heart_rate_max":88,"heart_rate_min":78,"start_time":1674679620000,"end_time":1674679679000},{"heart_rate":77,"heart_rate_max":82,"heart_rate_min":74,"start_time":1674679560000,"end_time":1674679619000},{"heart_rate":72,"heart_rate_max":79,"heart_rate_min":69,"start_time":1674679500000,"end_time":1674679559000},{"heart_rate":78,"heart_rate_max":82,"heart_rate_min":75,"start_time":1674679440000,"end_time":1674679499000},{"heart_rate":70,"heart_rate_max":74,"heart_rate_min":69,"start_time":1674679380000,"end_time":1674679439000},{"heart_rate":74,"heart_rate_max":79,"heart_rate_min":71,"start_time":1674679320000,"end_time":1674679379000},{"heart_rate":73,"heart_rate_max":77,"heart_rate_min":70,"start_time":1674679260000,"end_time":1674679319000},{"heart_rate":76,"heart_rate_max":81,"heart_rate_min":73,"start_time":1674679200000,"end_time":1674679259000},{"heart_rate":81,"heart_rate_max":84,"heart_rate_min":78,"start_time":1674679140000,"end_time":1674679199000},{"heart_rate":81,"heart_rate_max":86,"heart_rate_min":78,"start_time":1674679080000,"end_time":1674679139000},{"heart_rate":75,"heart_rate_max":80,"heart_rate_min":71,"start_time":1674679020000,"end_time":1674679079000},{"heart_rate":77,"heart_rate_max":82,"heart_rate_min":74,"start_time":1674678960000,"end_time":1674679019000},{"heart_rate":77,"heart_rate_max":83,"heart_rate_min":73,"start_time":1674678900000,"end_time":1674678959000},{"heart_rate":80,"heart_rate_max":93,"heart_rate_min":75,"start_time":1674678840000,"end_time":1674678899000},{"heart_rate":86,"heart_rate_max":90,"heart_rate_min":83,"start_time":1674678780000,"end_time":1674678839000},{"heart_rate":81,"heart_rate_max":85,"heart_rate_min":76,"start_time":1674678720000,"end_time":1674678779000},{"heart_rate":74,"heart_rate_max":80,"heart_rate_min":65,"start_time":1674678660000,"end_time":1674678719000},{"heart_rate":78,"heart_rate_max":85,"heart_rate_min":74,"start_time":1674678600000,"end_time":1674678659000},{"heart_rate":80,"heart_rate_max":84,"heart_rate_min":78,"start_time":1674678540000,"end_time":1674678599000},{"heart_rate":88,"heart_rate_max":94,"heart_rate_min":82,"start_time":1674678480000,"end_time":1674678539000},{"heart_rate":95,"heart_rate_max":98,"heart_rate_min":85,"start_time":1674678420000,"end_time":1674678479000},{"heart_rate":88,"heart_rate_max":95,"heart_rate_min":84,"start_time":1674678360000,"end_time":1674678419000},{"heart_rate":89,"heart_rate_max":93,"heart_rate_min":86,"start_time":1674678300000,"end_time":1674678359000},{"heart_rate":92,"heart_rate_max":94,"heart_rate_min":90,"start_time":1674678240000,"end_time":1674678299000},{"heart_rate":90,"heart_rate_max":94,"heart_rate_min":87,"start_time":1674678180000,"end_time":1674678239000},{"heart_rate":88,"heart_rate_max":94,"heart_rate_min":82,"start_time":1674678120000,"end_time":1674678179000},{"heart_rate":84,"heart_rate_max":87,"heart_rate_min":82,"start_time":1674678060000,"end_time":1674678119000},{"heart_rate":90,"heart_rate_max":93,"heart_rate_min":88,"start_time":1674678000000,"end_time":1674678059000},{"heart_rate":87,"heart_rate_max":97,"heart_rate_min":83,"start_time":1674677940000,"end_time":1674677999000},{"heart_rate":96,"heart_rate_max":97,"heart_rate_min":95,"start_time":1674677880000,"end_time":1674677939000},{"heart_rate":89,"heart_rate_max":94,"heart_rate_min":88,"start_time":1674677820000,"end_time":1674677879000},{"heart_rate":94,"heart_rate_max":95,"heart_rate_min":94,"start_time":1674677760000,"end_time":1674677819000},{"heart_rate":92,"heart_rate_max":93,"heart_rate_min":92,"start_time":1674677700000,"end_time":1674677759000},{"heart_rate":88,"heart_rate_max":88,"heart_rate_min":88,"start_time":1674677640000,"end_time":1674677699000},{"heart_rate":93,"heart_rate_max":94,"heart_rate_min":93,"start_time":1674677580000,"end_time":1674677639000},{"heart_rate":88,"heart_rate_max":92,"heart_rate_min":82,"start_time":1674677520000,"end_time":1674677579000},{"heart_rate":93,"heart_rate_max":93,"heart_rate_min":93,"start_time":1674677460000,"end_time":1674677519000},{"heart_rate":91,"heart_rate_max":93,"heart_rate_min":90,"start_time":1674677400000,"end_time":1674677459000},{"heart_rate":89,"heart_rate_max":93,"heart_rate_min":84,"start_time":1674677340000,"end_time":1674677399000},{"heart_rate":86,"heart_rate_max":93,"heart_rate_min":81,"start_time":1674677280000,"end_time":1674677339000},{"heart_rate":83,"heart_rate_max":88,"heart_rate_min":80,"start_time":1674677220000,"end_time":1674677279000},{"heart_rate":85,"heart_rate_max":89,"heart_rate_min":80,"start_time":1674677160000,"end_time":1674677219000},{"heart_rate":87,"heart_rate_max":89,"heart_rate_min":85,"start_time":1674677100000,"end_time":1674677159000},{"heart_rate":89,"heart_rate_max":90,"heart_rate_min":89,"start_time":1674677040000,"end_time":1674677099000},{"heart_rate":98,"heart_rate_max":99,"heart_rate_min":98,"start_time":1674676980000,"end_time":1674677039000},{"heart_rate":81,"heart_rate_max":89,"heart_rate_min":75,"start_time":1674676920000,"end_time":1674676979000},{"heart_rate":84,"heart_rate_max":98,"heart_rate_min":78,"start_time":1674676860000,"end_time":1674676919000},{"heart_rate":79,"heart_rate_max":87,"heart_rate_min":70,"start_time":1674676800000,"end_time":1674676859000}]