[{"heart_rate":88,"heart_rate_max":92,"heart_rate_min":84,"start_time":1674629940000,"end_time":1674629999000},{"heart_rate":79,"heart_rate_max":92,"heart_rate_min":75,"start_time":1674629880000,"end_time":1674629939000},{"heart_rate":89,"heart_rate_max":100,"heart_rate_min":80,"start_time":1674629820000,"end_time":1674629879000},{"heart_rate":92,"heart_rate_max":101,"heart_rate_min":88,"start_time":1674629760000,"end_time":1674629819000},{"heart_rate":80,"heart_rate_max":94,"heart_rate_min":76,"start_time":1674629700000,"end_time":1674629759000},{"heart_rate":83,"heart_rate_max":85,"heart_rate_min":79,"start_time":1674629640000,"end_time":1674629699000},{"heart_rate":81,"heart_rate_max":86,"heart_rate_min":79,"start_time":1674629580000,"end_time":1674629639000},{"heart_rate":79,"heart_rate_max":83,"heart_rate_min":75,"start_time":1674629520000,"end_time":1674629579000},{"heart_rate":84,"heart_rate_max":91,"heart_rate_min":75,"start_time":1674629460000,"end_time":1674629519000},{"heart_rate":83,"heart_rate_max":91,"heart_rate_min":81,"start_time":1674629400000,"end_time":1674629459000},{"heart_rate":83,"heart_rate_max":87,"heart_rate_min":82,"start_time":1674629340000,"end_time":1674629399000},{"heart_rate":84,"heart_rate_max":90,"heart_rate_min":82,"start_time":1674629280000,"end_time":1674629339000},{"heart_rate":83,"heart_rate_max":85,"heart_rate_min":83,"start_time":1674629220000,"end_time":1674629279000},{"heart_rate":86,"heart_rate_max":93,"heart_rate_min":83,"start_time":1674629160000,"end_time":1674629219000},{"heart_rate":85,"heart_rate_max":89,"heart_rate_min":83,"start_time":1674629100000,"end_time":1674629159000},{"heart_rate":94,"heart_rate_max":101,"heart_rate_min":86,"start_time":1674629040000,"end_time":1674629099000},{"heart_rate":99,"heart_rate_max":104,"heart_rate_min":97,"start_time":1674628980000,"end_time":1674629039000},{"heart_rate":98,"heart_rate_max":101,"heart_rate_min":96,"start_time":1674628920000,"end_time":1674628979000},{"heart_rate":94,"heart_rate_max":100,"heart_rate_min":88,"start_time":1674628860000,"end_time":1674628919000},{"heart_rate":94,"heart_rate_max":100,"heart_rate_min":89,"start_time":1674628800000,"end_time":1674628859000},{"heart_rate":83,"heart_rate_max":88,"heart_rate_min":80,"start_time":1674628740000,"end_time":1674628799000},{"heart_rate":83,"heart_rate_max":87,"heart_rate_min":81,"start_time":1674628680000,"end_time":1674628739000},{"heart_rate":83,"heart_rate_max":92,"heart_rate_min":78,"start_time":1674628620000,"end_time":1674628679000},{"heart_rate":81,"heart_rate_max":84,"heart_rate_min":78,"start_time":1674628560000,"end_time":1674628619000},{"heart_rate":81,"heart_rate_max":85,"heart_rate_min":79,"start_time":1674628500000,"end_time":1674628559000},{"heart_rate":80,"heart_rate_max":85,"heart_rate_min":78,"start_time":1674628440000,"end_time":1674628499000},{"heart_rate":83,"heart_rate_max":90,"heart_rate_min":78,"start_time":1674628380000,"end_time":1674628439000},{"heart_rate":89,"heart_rate_max":94,"heart_rate_min":80,"start_time":1674628320000,"end_time":1674628379000},{"heart_rate":84,"heart_rate_max":87,"heart_rate_min":80,"start_time":1674628260000,"end_time":1674628319000},{"heart_rate":85,"heart_rate_max":89,"heart_rate_min":83,"start_time":1674628200000,"end_time":1674628259000},{"heart_rate":83,"heart_rate_max":85,"heart_rate_min":81,"start_time":1674628140000,"end_time":1674628199000},{"heart_rate":83,"heart_rate_max":86,"heart_rate_min":80,"start_time":1674628080000,"end_time":1674628139000},{"heart_rate":83,"heart_rate_max":86,"heart_rate_min":81,"start_time":1674628020000,"end_time":1674628079000},{"heart_rate":92,"heart_rate_max":99,"heart_rate_min":83,"start_time":1674627960000,"end_time":1674628019000},{"heart_rate":95,"heart_rate_max":98,"heart_rate_min":94,"start_time":1674627900000,"end_time":1674627959000},{"heart_rate":100,"heart_rate_max":104,"heart_rate_min":96,"start_time":1674627840000,"end_time":1674627899000},{"heart_rate":106,"heart_rate_max":110,"heart_rate_min":104,"start_time":1674627780000,"end_time":1674627839000},{"heart_rate":103,"heart_rate_max":105,"heart_rate_min":102,"start_time":1674627720000,"end_time":1674627779000},{"heart_rate":96,"heart_rate_max":102,"heart_rate_min":92,"start_time":1674627660000,"end_time":1674627719000},{"heart_rate":94,"heart_rate_max":95,"heart_rate_min":94,"start_time":1674627480000,"end_time":1674627539000},{"heart_rate":97,"heart_rate_max":98,"heart_rate_min":97,"start_time":1674627360000,"end_time":1674627419000},{"heart_rate":102,"heart_rate_max":105,"heart_rate_min":100,"start_time":1674627300000,"end_time":1674627359000},{"heart_rate":103,"heart_rate_max":105,"heart_rate_min":100,"start_time":1674627240000,"end_time":1674627299000},{"heart_rate":99,"heart_rate_max":99,"heart_rate_min":99,"start_time":1674627180000,"end_time":1674627239000},{"heart_rate":98,"heart_rate_max":99,"heart_rate_min":98,"start_time":1674627120000,"end_time":1674627179000},{"heart_rate":100,"heart_rate_max":102,"heart_rate_min":99,"start_time":1674627060000,"end_time":1674627119000},{"heart_rate":102,"heart_rate_max":102,"heart_rate_min":102,"start_time":1674627000000,"end_time":1674627059000},{"heart_rate":95,"heart_rate_max":95,"heart_rate_min":95,"start_time":1674626940000,"end_time":1674626999000},{"heart_rate":97,"heart_rate_max":98,"heart_rate_min":97,"start_time":1674626880000,"end_time":1674626939000},{"heart_rate":87,"heart_rate_max":87,"heart_rate_min":87,"start_time":1674626460000,"end_time":1674626519000},{"heart_rate":90,"heart_rate_max":92,"heart_rate_min":87,"start_time":1674626400000,"end_time":1674626459000}]