[{"heart_rate":88,"heart_rate_max":92,"heart_rate_min":77,"start_time":1674593940000,"end_time":1674593999000},{"heart_rate":89,"heart_rate_max":91,"heart_rate_min":89,"start_time":1674593880000,"end_time":1674593939000},{"heart_rate":88,"heart_rate_max":91,"heart_rate_min":85,"start_time":1674593820000,"end_time":1674593879000},{"heart_rate":84,"heart_rate_max":89,"heart_rate_min":79,"start_time":1674593760000,"end_time":1674593819000},{"heart_rate":80,"heart_rate_max":83,"heart_rate_min":78,"start_time":1674593700000,"end_time":1674593759000},{"heart_rate":83,"heart_rate_max":89,"heart_rate_min":77,"start_time":1674593640000,"end_time":1674593699000},{"heart_rate":87,"heart_rate_max":92,"heart_rate_min":82,"start_time":1674593580000,"end_time":1674593639000},{"heart_rate":91,"heart_rate_max":96,"heart_rate_min":88,"start_time":1674593520000,"end_time":1674593579000},{"heart_rate":73,"heart_rate_max":83,"heart_rate_min":70,"start_time":1674593460000,"end_time":1674593519000},{"heart_rate":72,"heart_rate_max":74,"heart_rate_min":70,"start_time":1674593400000,"end_time":1674593459000},{"heart_rate":71,"heart_rate_max":74,"heart_rate_min":69,"start_time":1674593340000,"end_time":1674593399000},{"heart_rate":88,"heart_rate_max":94,"heart_rate_min":85,"start_time":1674593160000,"end_time":1674593219000},{"heart_rate":81,"heart_rate_max":93,"heart_rate_min":73,"start_time":1674593100000,"end_time":1674593159000},{"heart_rate":72,"heart_rate_max":74,"heart_rate_min":71,"start_time":1674593040000,"end_time":1674593099000},{"heart_rate":73,"heart_rate_max":77,"heart_rate_min":70,"start_time":1674592980000,"end_time":1674593039000},{"heart_rate":71,"heart_rate_max":75,"heart_rate_min":69,"start_time":1674592920000,"end_time":1674592979000},{"heart_rate":74,"heart_rate_max":80,"heart_rate_min":71,"start_time":1674592860000,"end_time":1674592919000},{"heart_rate":86,"heart_rate_max":93,"heart_rate_min":73,"start_time":1674592800000,"end_time":1674592859000},{"heart_rate":89,"heart_rate_max":93,"heart_rate_min":85,"start_time":1674592740000,"end_time":1674592799000},{"heart_rate":91,"heart_rate_max":96,"heart_rate_min":89,"start_time":1674592680000,"end_time":1674592739000},{"heart_rate":91,"heart_rate_max":96,"heart_rate_min":88,"start_time":1674592620000,"end_time":1674592679000},{"heart_rate":86,"heart_rate_max":91,"heart_rate_min":83,"start_time":1674592560000,"end_time":1674592619000},{"heart_rate":86,"heart_rate_max":97,"heart_rate_min":81,"start_time":1674592500000,"end_time":1674592559000},{"heart_rate":83,"heart_rate_max":86,"heart_rate_min":79,"start_time":1674592440000,"end_time":1674592499000},{"heart_rate":84,"heart_rate_max":96,"heart_rate_min":81,"start_time":1674592380000,"end_time":1674592439000},{"heart_rate":86,"heart_rate_max":91,"heart_rate_min":83,"start_time":1674592320000,"end_time":1674592379000},{"heart_rate":90,"heart_rate_max":93,"heart_rate_min":89,"start_time":1674592260000,"end_time":1674592319000},{"heart_rate":88,"heart_rate_max":95,"heart_rate_min":84,"start_time":1674592200000,"end_time":1674592259000},{"heart_rate":87,"heart_rate_max":91,"heart_rate_min":82,"start_time":1674592140000,"end_time":1674592199000},{"heart_rate":92,"heart_rate_max":96,"heart_rate_min":89,"start_time":1674592080000,"end_time":1674592139000},{"heart_rate":93,"heart_rate_max":98,"heart_rate_min":90,"start_time":1674592020000,"end_time":1674592079000},{"heart_rate":89,"heart_rate_max":92,"heart_rate_min":86,"start_time":1674591960000,"end_time":1674592019000},{"heart_rate":85,"heart_rate_max":90,"heart_rate_min":79,"start_time":1674591900000,"end_time":1674591959000},{"heart_rate":79,"heart_rate_max":88,"heart_rate_min":72,"start_time":1674591840000,"end_time":1674591899000},{"heart_rate":88,"heart_rate_max":93,"heart_rate_min":85,"start_time":1674591780000,"end_time":1674591839000},{"heart_rate":89,"heart_rate_max":92,"heart_rate_min":84,"start_time":1674591720000,"end_time":1674591779000},{"heart_rate":94,"heart_rate_max":99,"heart_rate_min":90,"start_time":1674591660000,"end_time":1674591719000},{"heart_rate":92,"heart_rate_max":95,"heart_rate_min":90,"start_time":1674591600000,"end_time":1674591659000},{"heart_rate":92,"heart_rate_max":94,"heart_rate_min":91,"start_time":1674591360000,"end_time":1674591419000},{"heart_rate":95,"heart_rate_max":100,"heart_rate_min":88,"start_time":1674591300000,"end_time":1674591359000},{"heart_rate":79,"heart_rate_max":84,"heart_rate_min":76,"start_time":1674591240000,"end_time":1674591299000},{"heart_rate":86,"heart_rate_max":89,"heart_rate_min":81,"start_time":1674591180000,"end_time":1674591239000},{"heart_rate":83,"heart_rate_max":88,"heart_rate_min":80,"start_time":1674591120000,"end_time":1674591179000},{"heart_rate":87,"heart_rate_max":90,"heart_rate_min":86,"start_time":1674591060000,"end_time":1674591119000},{"heart_rate":85,"heart_rate_max":88,"heart_rate_min":84,"start_time":1674591000000,"end_time":1674591059000},{"heart_rate":85,"heart_rate_max":89,"heart_rate_min":80,"start_time":1674590940000,"end_time":1674590999000},{"heart_rate":79,"heart_rate_max":85,"heart_rate_min":75,"start_time":1674590880000,"end_time":1674590939000},{"heart_rate":83,"heart_rate_max":90,"heart_rate_min":79,"start_time":1674590820000,"end_time":1674590879000},{"heart_rate":82,"heart_rate_max":87,"heart_rate_min":76,"start_time":1674590760000,"end_time":1674590819000},{"heart_rate":76,"heart_rate_max":81,"heart_rate_min":71,"start_time":1674590700000,"end_time":1674590759000},{"heart_rate":66,"heart_rate_max":79,"heart_rate_min":57,"start_time":1674590640000,"end_time":1674590699000},{"heart_rate":81,"heart_rate_max":86,"heart_rate_min":71,"start_time":1674590580000,"end_time":1674590639000},{"heart_rate":75,"heart_rate_max":78,"heart_rate_min":71,"start_time":1674590520000,"end_time":1674590579000},{"heart_rate":77,"heart_rate_max":81,"heart_rate_min":72,"start_time":1674590460000,"end_time":1674590519000},{"heart_rate":76,"heart_rate_max":82,"heart_rate_min":75,"start_time":1674590400000,"end_time":1674590459000}]