[{"heart_rate":61,"heart_rate_max":66,"heart_rate_min":55,"start_time":1674665940000,"end_time":1674665999000},{"heart_rate":64,"heart_rate_max":67,"heart_rate_min":62,"start_time":1674665880000,"end_time":1674665939000},{"heart_rate":62,"heart_rate_max":65,"heart_rate_min":59,"start_time":1674665820000,"end_time":1674665879000},{"heart_rate":61,"heart_rate_max":64,"heart_rate_min":58,"start_time":1674665760000,"end_time":1674665819000},{"heart_rate":62,"heart_rate_max":68,"heart_rate_min":59,"start_time":1674665700000,"end_time":1674665759000},{"heart_rate":60,"heart_rate_max":65,"heart_rate_min":59,"start_time":1674665640000,"end_time":1674665699000},{"heart_rate":61,"heart_rate_max":65,"heart_rate_min":58,"start_time":1674665580000,"end_time":1674665639000},{"heart_rate":61,"heart_rate_max":64,"heart_rate_min":58,"start_time":1674665520000,"end_time":1674665579000},{"heart_rate":62,"heart_rate_max":66,"heart_rate_min":60,"start_time":1674665460000,"end_time":1674665519000},{"heart_rate":64,"heart_rate_max":66,"heart_rate_min":63,"start_time":1674665400000,"end_time":1674665459000},{"heart_rate":64,"heart_rate_max":66,"heart_rate_min":63,"start_time":1674665340000,"end_time":1674665399000},{"heart_rate":67,"heart_rate_max":73,"heart_rate_min":63,"start_time":1674665280000,"end_time":1674665339000},{"heart_rate":77,"heart_rate_max":85,"heart_rate_min":71,"start_time":1674665220000,"end_time":1674665279000},{"heart_rate":71,"heart_rate_max":77,"heart_rate_min":67,"start_time":1674665160000,"end_time":1674665219000},{"heart_rate":71,"heart_rate_max":76,"heart_rate_min":68,"start_time":1674665100000,"end_time":1674665159000},{"heart_rate":68,"heart_rate_max":73,"heart_rate_min":65,"start_time":1674665040000,"end_time":1674665099000},{"heart_rate":71,"heart_rate_max":81,"heart_rate_min":65,"start_time":1674664980000,"end_time":1674665039000},{"heart_rate":72,"heart_rate_max":78,"heart_rate_min":67,"start_time":1674664920000,"end_time":1674664979000},{"heart_rate":75,"heart_rate_max":85,"heart_rate_min":67,"start_time":1674664860000,"end_time":1674664919000},{"heart_rate":71,"heart_rate_max":76,"heart_rate_min":68,"start_time":1674664800000,"end_time":1674664859000},{"heart_rate":68,"heart_rate_max":72,"heart_rate_min":66,"start_time":1674664740000,"end_time":1674664799000},{"heart_rate":65,"heart_rate_max":69,"heart_rate_min":64,"start_time":1674664680000,"end_time":1674664739000},{"heart_rate":67,"heart_rate_max":71,"heart_rate_min":64,"start_time":1674664620000,"end_time":1674664679000},{"heart_rate":66,"heart_rate_max":69,"heart_rate_min":64,"start_time":1674664560000,"end_time":1674664619000},{"heart_rate":67,"heart_rate_max":71,"heart_rate_min":64,"start_time":1674664500000,"end_time":1674664559000},{"heart_rate":67,"heart_rate_max":71,"heart_rate_min":65,"start_time":1674664440000,"end_time":1674664499000},{"heart_rate":81,"heart_rate_max":89,"heart_rate_min":73,"start_time":1674664380000,"end_time":1674664439000},{"heart_rate":74,"heart_rate_max":94,"heart_rate_min":65,"start_time":1674664320000,"end_time":1674664379000},{"heart_rate":73,"heart_rate_max":85,"heart_rate_min":66,"start_time":1674664260000,"end_time":1674664319000},{"heart_rate":88,"heart_rate_max":92,"heart_rate_min":85,"start_time":1674664200000,"end_time":1674664259000},{"heart_rate":75,"heart_rate_max":87,"heart_rate_min":69,"start_time":1674664140000,"end_time":1674664199000},{"heart_rate":71,"heart_rate_max":75,"heart_rate_min":69,"start_time":1674664080000,"end_time":1674664139000},{"heart_rate":70,"heart_rate_max":73,"heart_rate_min":67,"start_time":1674664020000,"end_time":1674664079000},{"heart_rate":73,"heart_rate_max":82,"heart_rate_min":66,"start_time":1674663960000,"end_time":1674664019000},{"heart_rate":68,"heart_rate_max":74,"heart_rate_min":67,"start_time":1674663900000,"end_time":1674663959000},{"heart_rate":71,"heart_rate_max":77,"heart_rate_min":68,"start_time":1674663840000,"end_time":1674663899000},{"heart_rate":76,"heart_rate_max":83,"heart_rate_min":70,"start_time":1674663780000,"end_time":1674663839000},{"heart_rate":66,"heart_rate_max":71,"heart_rate_min":55,"start_time":1674663720000,"end_time":1674663779000},{"heart_rate":71,"heart_rate_max":74,"heart_rate_min":68,"start_time":1674663660000,"end_time":1674663719000},{"heart_rate":69,"heart_rate_max":73,"heart_rate_min":60,"start_time":1674663600000,"end_time":1674663659000},{"heart_rate":74,"heart_rate_max":80,"heart_rate_min":69,"start_time":1674663540000,"end_time":1674663599000},{"heart_rate":77,"heart_rate_max":86,"heart_rate_min":71,"start_time":1674663480000,"end_time":1674663539000},{"heart_rate":77,"heart_rate_max":86,"heart_rate_min":73,"start_time":1674663420000,"end_time":1674663479000},{"heart_rate":76,"heart_rate_max":83,"heart_rate_min":71,"start_time":1674663360000,"end_time":1674663419000},{"heart_rate":74,"heart_rate_max":79,"heart_rate_min":71,"start_time":1674663300000,"end_time":1674663359000},{"heart_rate":70,"heart_rate_max":74,"heart_rate_min":64,"start_time":1674663240000,"end_time":1674663299000},{"heart_rate":69,"heart_rate_max":72,"heart_rate_min":67,"start_time":1674663180000,"end_time":1674663239000},{"heart_rate":74,"heart_rate_max":79,"heart_rate_min":67,"start_time":1674663120000,"end_time":1674663179000},{"heart_rate":70,"heart_rate_max":74,"heart_rate_min":67,"start_time":1674663060000,"end_time":1674663119000},{"heart_rate":72,"heart_rate_max":77,"heart_rate_min":69,"start_time":1674663000000,"end_time":1674663059000},{"heart_rate":79,"heart_rate_max":85,"heart_rate_min":71,"start_time":1674662940000,"end_time":1674662999000},{"heart_rate":74,"heart_rate_max":76,"heart_rate_min":74,"start_time":1674662880000,"end_time":1674662939000},{"heart_rate":71,"heart_rate_max":75,"heart_rate_min":69,"start_time":1674662820000,"end_time":1674662879000},{"heart_rate":71,"heart_rate_max":74,"heart_rate_min":68,"start_time":1674662760000,"end_time":1674662819000},{"heart_rate":68,"heart_rate_max":74,"heart_rate_min":64,"start_time":1674662700000,"end_time":1674662759000},{"heart_rate":68,"heart_rate_max":73,"heart_rate_min":60,"start_time":1674662640000,"end_time":1674662699000},{"heart_rate":74,"heart_rate_max":76,"heart_rate_min":72,"start_time":1674662580000,"end_time":1674662639000},{"heart_rate":75,"heart_rate_max":78,"heart_rate_min":72,"start_time":1674662520000,"end_time":1674662579000},{"heart_rate":74,"heart_rate_max":76,"heart_rate_min":73,"start_time":1674662460000,"end_time":1674662519000},{"heart_rate":73,"heart_rate_max":75,"heart_rate_min":71,"start_time":1674662400000,"end_time":1674662459000}]