[{"score":6,"score_max":9,"score_min":5,"flag":1,"level":1,"start_time":1674615540000,"end_time":1674615599000},{"score":12,"score_max":18,"score_min":9,"flag":1,"level":1,"start_time":1674615480000,"end_time":1674615539000},{"score":21,"score_max":27,"score_min":11,"flag":1,"level":1,"start_time":1674615420000,"end_time":1674615479000},{"score":31,"score_max":64,"score_min":11,"flag":1,"level":1,"start_time":1674615360000,"end_time":1674615419000},{"score":27,"score_max":63,"score_min":5,"flag":1,"level":1,"start_time":1674615300000,"end_time":1674615359000},{"score":4,"score_max":8,"score_min":4,"flag":1,"level":1,"start_time":1674615240000,"end_time":1674615299000},{"score":7,"score_max":9,"score_min":6,"flag":1,"level":1,"start_time":1674615180000,"end_time":1674615239000},{"score":5,"score_max":7,"score_min":4,"flag":1,"level":1,"start_time":1674615120000,"end_time":1674615179000},{"score":2,"score_max":4,"score_min":2,"flag":1,"level":1,"start_time":1674615060000,"end_time":1674615119000},{"score":2,"score_max":7,"score_min":1,"flag":1,"level":1,"start_time":1674615000000,"end_time":1674615059000},{"score":19,"score_max":28,"score_min":7,"flag":1,"level":1,"start_time":1674614940000,"end_time":1674614999000},{"score":4,"score_max":13,"score_min":2,"flag":1,"level":1,"start_time":1674614880000,"end_time":1674614939000},{"score":43,"score_max":60,"score_min":14,"flag":1,"level":1,"start_time":1674614820000,"end_time":1674614879000},{"score":67,"score_max":73,"score_min":55,"flag":1,"level":1,"start_time":1674614760000,"end_time":1674614819000},{"score":40,"score_max":54,"score_min":34,"flag":1,"level":1,"start_time":1674614700000,"end_time":1674614759000},{"score":30,"score_max":44,"score_min":17,"flag":1,"level":1,"start_time":1674614640000,"end_time":1674614699000},{"score":19,"score_max":31,"score_min":15,"flag":1,"level":1,"start_time":1674614580000,"end_time":1674614639000},{"score":39,"score_max":45,"score_min":28,"flag":1,"level":1,"start_time":1674614520000,"end_time":1674614579000},{"score":15,"score_max":25,"score_min":13,"flag":1,"level":1,"start_time":1674614460000,"end_time":1674614519000},{"score":17,"score_max":31,"score_min":13,"flag":1,"level":1,"start_time":1674614400000,"end_time":1674614459000},{"score":44,"score_max":58,"score_min":32,"flag":1,"level":1,"start_time":1674614340000,"end_time":1674614399000},{"score":29,"score_max":45,"score_min":14,"flag":1,"level":1,"start_time":1674614280000,"end_time":1674614339000},{"score":30,"score_max":41,"score_min":14,"flag":1,"level":1,"start_time":1674614220000,"end_time":1674614279000},{"score":14,"score_max":38,"score_min":8,"flag":1,"level":1,"start_time":1674614160000,"end_time":1674614219000},{"score":11,"score_max":13,"score_min":10,"flag":1,"level":1,"start_time":1674614100000,"end_time":1674614159000},{"score":31,"score_max":66,"score_min":12,"flag":1,"level":1,"start_time":1674614040000,"end_time":1674614099000},{"score":59,"score_max":74,"score_min":28,"flag":1,"level":1,"start_time":1674613980000,"end_time":1674614039000},{"score":17,"score_max":27,"score_min":10,"flag":1,"level":1,"start_time":1674613920000,"end_time":1674613979000},{"score":18,"score_max":23,"score_min":13,"flag":1,"level":1,"start_time":1674613860000,"end_time":1674613919000},{"score":12,"score_max":18,"score_min":8,"flag":1,"level":1,"start_time":1674613800000,"end_time":1674613859000},{"score":12,"score_max":20,"score_min":8,"flag":1,"level":1,"start_time":1674613740000,"end_time":1674613799000},{"score":18,"score_max":23,"score_min":14,"flag":1,"level":1,"start_time":1674613680000,"end_time":1674613739000},{"score":12,"score_max":23,"score_min":9,"flag":1,"level":1,"start_time":1674613620000,"end_time":1674613679000},{"score":25,"score_max":35,"score_min":21,"flag":1,"level":1,"start_time":1674613560000,"end_time":1674613619000},{"score":48,"score_max":64,"score_min":23,"flag":1,"level":1,"start_time":1674613500000,"end_time":1674613559000},{"score":51,"score_max":63,"score_min":46,"flag":1,"level":1,"start_time":1674613440000,"end_time":1674613499000},{"score":64,"score_max":91,"score_min":52,"flag":1,"level":1,"start_time":1674613380000,"end_time":1674613439000},{"score":84,"score_max":93,"score_min":55,"flag":1,"level":0,"start_time":1674613320000,"end_time":1674613379000},{"score":45,"score_max":52,"score_min":42,"flag":1,"level":1,"start_time":1674613260000,"end_time":1674613319000},{"score":45,"score_max":51,"score_min":41,"flag":1,"level":1,"start_time":1674613200000,"end_time":1674613259000},{"score":36,"score_max":42,"score_min":34,"flag":1,"level":1,"start_time":1674613140000,"end_time":1674613199000},{"score":47,"score_max":56,"score_min":36,"flag":1,"level":1,"start_time":1674613080000,"end_time":1674613139000},{"score":51,"score_max":57,"score_min":44,"flag":1,"level":1,"start_time":1674613020000,"end_time":1674613079000},{"score":41,"score_max":49,"score_min":26,"flag":1,"level":1,"start_time":1674612960000,"end_time":1674613019000},{"score":14,"score_max":25,"score_min":10,"flag":1,"level":1,"start_time":1674612900000,"end_time":1674612959000},{"score":36,"score_max":49,"score_min":21,"flag":1,"level":1,"start_time":1674612840000,"end_time":1674612899000},{"score":73,"score_max":74,"score_min":73,"flag":1,"level":1,"start_time":1674612780000,"end_time":1674612839000},{"score":80,"score_max":85,"score_min":73,"flag":1,"level":0,"start_time":1674612720000,"end_time":1674612779000},{"score":82,"score_max":85,"score_min":79,"flag":1,"level":0,"start_time":1674612660000,"end_time":1674612719000},{"score":88,"score_max":93,"score_min":82,"flag":1,"level":0,"start_time":1674612600000,"end_time":1674612659000},{"score":88,"score_max":93,"score_min":85,"flag":1,"level":0,"start_time":1674612540000,"end_time":1674612599000},{"score":78,"score_max":88,"score_min":62,"flag":1,"level":0,"start_time":1674612480000,"end_time":1674612539000},{"score":65,"score_max":72,"score_min":58,"flag":1,"level":1,"start_time":1674612420000,"end_time":1674612479000},{"score":48,"score_max":67,"score_min":40,"flag":1,"level":1,"start_time":1674612360000,"end_time":1674612419000},{"score":78,"score_max":83,"score_min":68,"flag":1,"level":0,"start_time":1674612300000,"end_time":1674612359000},{"score":61,"score_max":74,"score_min":53,"flag":1,"level":1,"start_time":1674612240000,"end_time":1674612299000},{"score":67,"score_max":78,"score_min":56,"flag":1,"level":1,"start_time":1674612180000,"end_time":1674612239000},{"score":50,"score_max":56,"score_min":47,"flag":1,"level":1,"start_time":1674612120000,"end_time":1674612179000},{"score":73,"score_max":89,"score_min":57,"flag":1,"level":0,"start_time":1674612060000,"end_time":1674612119000},{"score":92,"score_max":94,"score_min":89,"flag":1,"level":0,"start_time":1674612000000,"end_time":1674612059000}]