[{"score":4,"score_max":9,"score_min":3,"flag":1,"level":1,"start_time":1674619140000,"end_time":1674619199000},{"score":8,"score_max":10,"score_min":6,"flag":1,"level":1,"start_time":1674619080000,"end_time":1674619139000},{"score":18,"score_max":26,"score_min":10,"flag":1,"level":1,"start_time":1674619020000,"end_time":1674619079000},{"score":17,"score_max":24,"score_min":10,"flag":1,"level":1,"start_time":1674618960000,"end_time":1674619019000},{"score":12,"score_max":14,"score_min":10,"flag":1,"level":1,"start_time":1674618900000,"end_time":1674618959000},{"score":6,"score_max":12,"score_min":4,"flag":1,"level":1,"start_time":1674618840000,"end_time":1674618899000},{"score":13,"score_max":17,"score_min":8,"flag":1,"level":1,"start_time":1674618780000,"end_time":1674618839000},{"score":15,"score_max":28,"score_min":8,"flag":1,"level":1,"start_time":1674618720000,"end_time":1674618779000},{"score":8,"score_max":24,"score_min":2,"flag":1,"level":1,"start_time":1674618660000,"end_time":1674618719000},{"score":4,"score_max":7,"score_min":2,"flag":1,"level":1,"start_time":1674618600000,"end_time":1674618659000},{"score":4,"score_max":9,"score_min":3,"flag":1,"level":1,"start_time":1674618540000,"end_time":1674618599000},{"score":11,"score_max":14,"score_min":9,"flag":1,"level":1,"start_time":1674618480000,"end_time":1674618539000},{"score":18,"score_max":26,"score_min":9,"flag":1,"level":1,"start_time":1674618420000,"end_time":1674618479000},{"score":10,"score_max":15,"score_min":8,"flag":1,"level":1,"start_time":1674618360000,"end_time":1674618419000},{"score":17,"score_max":20,"score_min":13,"flag":1,"level":1,"start_time":1674618300000,"end_time":1674618359000},{"score":17,"score_max":20,"score_min":15,"flag":1,"level":1,"start_time":1674618240000,"end_time":1674618299000},{"score":29,"score_max":38,"score_min":19,"flag":1,"level":1,"start_time":1674618180000,"end_time":1674618239000},{"score":21,"score_max":37,"score_min":11,"flag":1,"level":1,"start_time":1674618120000,"end_time":1674618179000},{"score":9,"score_max":12,"score_min":7,"flag":1,"level":1,"start_time":1674618060000,"end_time":1674618119000},{"score":25,"score_max":47,"score_min":7,"flag":1,"level":1,"start_time":1674618000000,"end_time":1674618059000},{"score":18,"score_max":47,"score_min":8,"flag":1,"level":1,"start_time":1674617940000,"end_time":1674617999000},{"score":11,"score_max":16,"score_min":8,"flag":1,"level":1,"start_time":1674617880000,"end_time":1674617939000},{"score":5,"score_max":10,"score_min":3,"flag":1,"level":1,"start_time":1674617820000,"end_time":1674617879000},{"score":2,"score_max":3,"score_min":2,"flag":1,"level":1,"start_time":1674617760000,"end_time":1674617819000},{"score":27,"score_max":28,"score_min":25,"flag":1,"level":1,"start_time":1674617700000,"end_time":1674617759000},{"score":16,"score_max":25,"score_min":11,"flag":1,"level":1,"start_time":1674617640000,"end_time":1674617699000},{"score":12,"score_max":16,"score_min":10,"flag":1,"level":1,"start_time":1674617580000,"end_time":1674617639000},{"score":12,"score_max":16,"score_min":10,"flag":1,"level":1,"start_time":1674617520000,"end_time":1674617579000},{"score":7,"score_max":13,"score_min":4,"flag":1,"level":1,"start_time":1674617460000,"end_time":1674617519000},{"score":4,"score_max":5,"score_min":4,"flag":1,"level":1,"start_time":1674617400000,"end_time":1674617459000},{"score":3,"score_max":4,"score_min":3,"flag":1,"level":1,"start_time":1674617340000,"end_time":1674617399000},{"score":1,"score_max":3,"score_min":1,"flag":1,"level":1,"start_time":1674617280000,"end_time":1674617339000},{"score":0,"score_max":1,"score_min":0,"flag":1,"level":1,"start_time":1674617220000,"end_time":1674617279000},{"score":0,"score_max":1,"score_min":0,"flag":1,"level":1,"start_time":1674617160000,"end_time":1674617219000},{"score":3,"score_max":7,"score_min":1,"flag":1,"level":1,"start_time":1674617100000,"end_time":1674617159000},{"score":4,"score_max":7,"score_min":2,"flag":1,"level":1,"start_time":1674617040000,"end_time":1674617099000},{"score":11,"score_max":19,"score_min":3,"flag":1,"level":1,"start_time":1674616980000,"end_time":1674617039000},{"score":8,"score_max":14,"score_min":5,"flag":1,"level":1,"start_time":1674616920000,"end_time":1674616979000},{"score":14,"score_max":18,"score_min":11,"flag":1,"level":1,"start_time":1674616860000,"end_time":1674616919000},{"score":14,"score_max":16,"score_min":11,"flag":1,"level":1,"start_time":1674616800000,"end_time":1674616859000},{"score":8,"score_max":11,"score_min":7,"flag":1,"level":1,"start_time":1674616740000,"end_time":1674616799000},{"score":16,"score_max":26,"score_min":8,"flag":1,"level":1,"start_time":1674616680000,"end_time":1674616739000},{"score":23,"score_max":27,"score_min":20,"flag":1,"level":1,"start_time":1674616620000,"end_time":1674616679000},{"score":13,"score_max":22,"score_min":8,"flag":1,"level":1,"start_time":1674616560000,"end_time":1674616619000},{"score":8,"score_max":15,"score_min":6,"flag":1,"level":1,"start_time":1674616500000,"end_time":1674616559000},{"score":15,"score_max":19,"score_min":6,"flag":1,"level":1,"start_time":1674616440000,"end_time":1674616499000},{"score":6,"score_max":14,"score_min":4,"flag":1,"level":1,"start_time":1674616380000,"end_time":1674616439000},{"score":60,"score_max":84,"score_min":15,"flag":1,"level":1,"start_time":1674616320000,"end_time":1674616379000},{"score":27,"score_max":63,"score_min":15,"flag":1,"level":1,"start_time":1674616260000,"end_time":1674616319000},{"score":48,"score_max":58,"score_min":31,"flag":1,"level":1,"start_time":1674616200000,"end_time":1674616259000},{"score":30,"score_max":42,"score_min":23,"flag":1,"level":1,"start_time":1674616140000,"end_time":1674616199000},{"score":36,"score_max":55,"score_min":23,"flag":1,"level":1,"start_time":1674616080000,"end_time":1674616139000},{"score":33,"score_max":52,"score_min":24,"flag":1,"level":1,"start_time":1674616020000,"end_time":1674616079000},{"score":24,"score_max":31,"score_min":14,"flag":1,"level":1,"start_time":1674615960000,"end_time":1674616019000},{"score":9,"score_max":14,"score_min":7,"flag":1,"level":1,"start_time":1674615900000,"end_time":1674615959000},{"score":8,"score_max":15,"score_min":3,"flag":1,"level":1,"start_time":1674615840000,"end_time":1674615899000},{"score":18,"score_max":54,"score_min":3,"flag":1,"level":1,"start_time":1674615780000,"end_time":1674615839000},{"score":17,"score_max":29,"score_min":13,"flag":1,"level":1,"start_time":1674615720000,"end_time":1674615779000},{"score":4,"score_max":13,"score_min":2,"flag":1,"level":1,"start_time":1674615660000,"end_time":1674615719000},{"score":10,"score_max":16,"score_min":3,"flag":1,"level":1,"start_time":1674615600000,"end_time":1674615659000}]