[{"score":0,"score_max":1,"score_min":0,"flag":1,"level":1,"start_time":1674601140000,"end_time":1674601199000},{"score":0,"score_max":0,"score_min":0,"flag":1,"level":1,"start_time":1674601080000,"end_time":1674601139000},{"score":0,"score_max":1,"score_min":0,"flag":1,"level":1,"start_time":1674601020000,"end_time":1674601079000},{"score":0,"score_max":1,"score_min":0,"flag":1,"level":1,"start_time":1674600960000,"end_time":1674601019000},{"score":2,"score_max":5,"score_min":1,"flag":1,"level":1,"start_time":1674600900000,"end_time":1674600959000},{"score":3,"score_max":6,"score_min":2,"flag":1,"level":1,"start_time":1674600840000,"end_time":1674600899000},{"score":1,"score_max":2,"score_min":1,"flag":1,"level":1,"start_time":1674600780000,"end_time":1674600839000},{"score":3,"score_max":8,"score_min":1,"flag":1,"level":1,"start_time":1674600720000,"end_time":1674600779000},{"score":3,"score_max":7,"score_min":1,"flag":1,"level":1,"start_time":1674600660000,"end_time":1674600719000},{"score":1,"score_max":3,"score_min":1,"flag":1,"level":1,"start_time":1674600600000,"end_time":1674600659000},{"score":0,"score_max":1,"score_min":0,"flag":1,"level":1,"start_time":1674600540000,"end_time":1674600599000},{"score":0,"score_max":5,"score_min":0,"flag":1,"level":1,"start_time":1674600480000,"end_time":1674600539000},{"score":15,"score_max":22,"score_min":6,"flag":1,"level":1,"start_time":1674600420000,"end_time":1674600479000},{"score":2,"score_max":5,"score_min":1,"flag":1,"level":1,"start_time":1674600360000,"end_time":1674600419000},{"score":2,"score_max":5,"score_min":1,"flag":1,"level":1,"start_time":1674600300000,"end_time":1674600359000},{"score":4,"score_max":6,"score_min":4,"flag":1,"level":1,"start_time":1674600240000,"end_time":1674600299000},{"score":12,"score_max":17,"score_min":5,"flag":1,"level":1,"start_time":1674600180000,"end_time":1674600239000},{"score":5,"score_max":14,"score_min":2,"flag":1,"level":1,"start_time":1674600120000,"end_time":1674600179000},{"score":5,"score_max":8,"score_min":3,"flag":1,"level":1,"start_time":1674600060000,"end_time":1674600119000},{"score":5,"score_max":9,"score_min":3,"flag":1,"level":1,"start_time":1674600000000,"end_time":1674600059000},{"score":19,"score_max":28,"score_min":9,"flag":1,"level":1,"start_time":1674599940000,"end_time":1674599999000},{"score":5,"score_max":11,"score_min":3,"flag":1,"level":1,"start_time":1674599880000,"end_time":1674599939000},{"score":2,"score_max":4,"score_min":1,"flag":1,"level":1,"start_time":1674599820000,"end_time":1674599879000},{"score":1,"score_max":2,"score_min":1,"flag":1,"level":1,"start_time":1674599760000,"end_time":1674599819000},{"score":3,"score_max":4,"score_min":2,"flag":1,"level":1,"start_time":1674599700000,"end_time":1674599759000},{"score":1,"score_max":2,"score_min":1,"flag":1,"level":1,"start_time":1674599640000,"end_time":1674599699000},{"score":0,"score_max":1,"score_min":0,"flag":1,"level":1,"start_time":1674599580000,"end_time":1674599639000},{"score":3,"score_max":8,"score_min":0,"flag":1,"level":1,"start_time":1674599520000,"end_time":1674599579000},{"score":2,"score_max":8,"score_min":1,"flag":1,"level":1,"start_time":1674599460000,"end_time":1674599519000},{"score":1,"score_max":1,"score_min":1,"flag":1,"level":1,"start_time":1674599400000,"end_time":1674599459000},{"score":1,"score_max":1,"score_min":1,"flag":1,"level":1,"start_time":1674599340000,"end_time":1674599399000},{"score":2,"score_max":4,"score_min":1,"flag":1,"level":1,"start_time":1674599280000,"end_time":1674599339000},{"score":1,"score_max":2,"score_min":1,"flag":1,"level":1,"start_time":1674599220000,"end_time":1674599279000},{"score":3,"score_max":4,"score_min":2,"flag":1,"level":1,"start_time":1674599160000,"end_time":1674599219000},{"score":2,"score_max":4,"score_min":1,"flag":1,"level":1,"start_time":1674599100000,"end_time":1674599159000},{"score":1,"score_max":2,"score_min":1,"flag":1,"level":1,"start_time":1674599040000,"end_time":1674599099000},{"score":3,"score_max":5,"score_min":2,"flag":1,"level":1,"start_time":1674598980000,"end_time":1674599039000},{"score":5,"score_max":8,"score_min":4,"flag":1,"level":1,"start_time":1674598920000,"end_time":1674598979000},{"score":10,"score_max":13,"score_min":8,"flag":1,"level":1,"start_time":1674598860000,"end_time":1674598919000},{"score":29,"score_max":43,"score_min":13,"flag":1,"level":1,"start_time":1674598800000,"end_time":1674598859000},{"score":48,"score_max":55,"score_min":43,"flag":1,"level":1,"start_time":1674598740000,"end_time":1674598799000},{"score":45,"score_max":52,"score_min":31,"flag":1,"level":1,"start_time":1674598680000,"end_time":1674598739000},{"score":13,"score_max":30,"score_min":7,"flag":1,"level":1,"start_time":1674598620000,"end_time":1674598679000},{"score":11,"score_max":14,"score_min":8,"flag":1,"level":1,"start_time":1674598560000,"end_time":1674598619000},{"score":3,"score_max":10,"score_min":1,"flag":1,"level":1,"start_time":1674598500000,"end_time":1674598559000},{"score":1,"score_max":1,"score_min":1,"flag":1,"level":1,"start_time":1674598440000,"end_time":1674598499000},{"score":3,"score_max":17,"score_min":1,"flag":1,"level":1,"start_time":1674598380000,"end_time":1674598439000},{"score":32,"score_max":48,"score_min":18,"flag":1,"level":1,"start_time":1674598260000,"end_time":1674598319000},{"score":10,"score_max":11,"score_min":10,"flag":1,"level":1,"start_time":1674598200000,"end_time":1674598259000},{"score":25,"score_max":28,"score_min":21,"flag":1,"level":1,"start_time":1674598140000,"end_time":1674598199000},{"score":7,"score_max":22,"score_min":3,"flag":1,"level":1,"start_time":1674598080000,"end_time":1674598139000},{"score":4,"score_max":6,"score_min":3,"flag":1,"level":1,"start_time":1674598020000,"end_time":1674598079000},{"score":16,"score_max":31,"score_min":6,"flag":1,"level":1,"start_time":1674597960000,"end_time":1674598019000},{"score":57,"score_max":75,"score_min":32,"flag":1,"level":1,"start_time":1674597900000,"end_time":1674597959000},{"score":40,"score_max":47,"score_min":36,"flag":1,"level":1,"start_time":1674597840000,"end_time":1674597899000},{"score":74,"score_max":84,"score_min":48,"flag":1,"level":1,"start_time":1674597780000,"end_time":1674597839000},{"score":77,"score_max":84,"score_min":72,"flag":1,"level":1,"start_time":1674597660000,"end_time":1674597719000},{"score":27,"score_max":30,"score_min":24,"flag":1,"level":1,"start_time":1674597600000,"end_time":1674597659000}]