[{"score":0,"score_max":1,"score_min":0,"flag":1,"level":1,"start_time":1674705540000,"end_time":1674705599000},{"score":1,"score_max":1,"score_min":1,"flag":1,"level":1,"start_time":1674705480000,"end_time":1674705539000},{"score":4,"score_max":7,"score_min":2,"flag":1,"level":1,"start_time":1674705420000,"end_time":1674705479000},{"score":0,"score_max":2,"score_min":0,"flag":1,"level":1,"start_time":1674705360000,"end_time":1674705419000},{"score":0,"score_max":0,"score_min":0,"flag":1,"level":1,"start_time":1674705300000,"end_time":1674705359000},{"score":0,"score_max":2,"score_min":0,"flag":1,"level":1,"start_time":1674705240000,"end_time":1674705299000},{"score":1,"score_max":3,"score_min":1,"flag":1,"level":1,"start_time":1674705180000,"end_time":1674705239000},{"score":1,"score_max":1,"score_min":1,"flag":1,"level":1,"start_time":1674705120000,"end_time":1674705179000},{"score":6,"score_max":19,"score_min":1,"flag":1,"level":1,"start_time":1674705060000,"end_time":1674705119000},{"score":6,"score_max":20,"score_min":3,"flag":1,"level":1,"start_time":1674705000000,"end_time":1674705059000},{"score":1,"score_max":3,"score_min":1,"flag":1,"level":1,"start_time":1674704940000,"end_time":1674704999000},{"score":1,"score_max":2,"score_min":1,"flag":1,"level":1,"start_time":1674704880000,"end_time":1674704939000},{"score":0,"score_max":1,"score_min":0,"flag":1,"level":1,"start_time":1674704820000,"end_time":1674704879000},{"score":0,"score_max":0,"score_min":0,"flag":1,"level":1,"start_time":1674704760000,"end_time":1674704819000},{"score":0,"score_max":0,"score_min":0,"flag":1,"level":1,"start_time":1674704700000,"end_time":1674704759000},{"score":0,"score_max":0,"score_min":0,"flag":1,"level":1,"start_time":1674704640000,"end_time":1674704699000},{"score":0,"score_max":0,"score_min":0,"flag":1,"level":1,"start_time":1674704580000,"end_time":1674704639000},{"score":0,"score_max":1,"score_min":0,"flag":1,"level":1,"start_time":1674704340000,"end_time":1674704399000},{"score":0,"score_max":0,"score_min":0,"flag":1,"level":1,"start_time":1674704280000,"end_time":1674704339000},{"score":0,"score_max":0,"score_min":0,"flag":1,"level":1,"start_time":1674704220000,"end_time":1674704279000},{"score":0,"score_max":1,"score_min":0,"flag":1,"level":1,"start_time":1674704160000,"end_time":1674704219000},{"score":1,"score_max":2,"score_min":1,"flag":1,"level":1,"start_time":1674704100000,"end_time":1674704159000},{"score":0,"score_max":2,"score_min":0,"flag":1,"level":1,"start_time":1674704040000,"end_time":1674704099000},{"score":0,"score_max":1,"score_min":0,"flag":1,"level":1,"start_time":1674703980000,"end_time":1674704039000},{"score":1,"score_max":3,"score_min":1,"flag":1,"level":1,"start_time":1674703920000,"end_time":1674703979000},{"score":2,"score_max":4,"score_min":0,"flag":1,"level":1,"start_time":1674703860000,"end_time":1674703919000},{"score":0,"score_max":0,"score_min":0,"flag":1,"level":1,"start_time":1674703800000,"end_time":1674703859000},{"score":0,"score_max":0,"score_min":0,"flag":1,"level":1,"start_time":1674703740000,"end_time":1674703799000},{"score":0,"score_max":0,"score_min":0,"flag":1,"level":1,"start_time":1674703680000,"end_time":1674703739000},{"score":0,"score_max":0,"score_min":0,"flag":1,"level":1,"start_time":1674703620000,"end_time":1674703679000},{"score":0,"score_max":2,"score_min":0,"flag":1,"level":1,"start_time":1674703560000,"end_time":1674703619000},{"score":3,"score_max":5,"score_min":2,"flag":1,"level":1,"start_time":1674703500000,"end_time":1674703559000},{"score":2,"score_max":4,"score_min":1,"flag":1,"level":1,"start_time":1674703440000,"end_time":1674703499000},{"score":2,"score_max":3,"score_min":2,"flag":1,"level":1,"start_time":1674703380000,"end_time":1674703439000},{"score":3,"score_max":8,"score_min":2,"flag":1,"level":1,"start_time":1674703320000,"end_time":1674703379000},{"score":6,"score_max":9,"score_min":4,"flag":1,"level":1,"start_time":1674703260000,"end_time":1674703319000},{"score":5,"score_max":8,"score_min":4,"flag":1,"level":1,"start_time":1674703200000,"end_time":1674703259000},{"score":4,"score_max":7,"score_min":1,"flag":1,"level":1,"start_time":1674703140000,"end_time":1674703199000},{"score":1,"score_max":2,"score_min":1,"flag":1,"level":1,"start_time":1674703080000,"end_time":1674703139000},{"score":2,"score_max":3,"score_min":2,"flag":1,"level":1,"start_time":1674703020000,"end_time":1674703079000},{"score":1,"score_max":2,"score_min":1,"flag":1,"level":1,"start_time":1674702960000,"end_time":1674703019000},{"score":3,"score_max":5,"score_min":2,"flag":1,"level":1,"start_time":1674702900000,"end_time":1674702959000},{"score":5,"score_max":6,"score_min":4,"flag":1,"level":1,"start_time":1674702840000,"end_time":1674702899000},{"score":2,"score_max":4,"score_min":1,"flag":1,"level":1,"start_time":1674702780000,"end_time":1674702839000},{"score":1,"score_max":2,"score_min":1,"flag":1,"level":1,"start_time":1674702720000,"end_time":1674702779000},{"score":1,"score_max":4,"score_min":1,"flag":1,"level":1,"start_time":1674702660000,"end_time":1674702719000},{"score":2,"score_max":4,"score_min":1,"flag":1,"level":1,"start_time":1674702600000,"end_time":1674702659000},{"score":0,"score_max":1,"score_min":0,"flag":1,"level":1,"start_time":1674702540000,"end_time":1674702599000},{"score":19,"score_max":46,"score_min":1,"flag":1,"level":1,"start_time":1674702480000,"end_time":1674702539000},{"score":28,"score_max":44,"score_min":15,"flag":1,"level":1,"start_time":1674702420000,"end_time":1674702479000},{"score":13,"score_max":22,"score_min":9,"flag":1,"level":1,"start_time":1674702360000,"end_time":1674702419000},{"score":11,"score_max":14,"score_min":9,"flag":1,"level":1,"start_time":1674702300000,"end_time":1674702359000},{"score":4,"score_max":9,"score_min":2,"flag":1,"level":1,"start_time":1674702240000,"end_time":1674702299000},{"score":1,"score_max":2,"score_min":1,"flag":1,"level":1,"start_time":1674702180000,"end_time":1674702239000},{"score":0,"score_max":2,"score_min":0,"flag":1,"level":1,"start_time":1674702120000,"end_time":1674702179000},{"score":10,"score_max":29,"score_min":2,"flag":1,"level":1,"start_time":1674702060000,"end_time":1674702119000},{"score":17,"score_max":34,"score_min":5,"flag":1,"level":1,"start_time":1674702000000,"end_time":1674702059000}]