[{"score":34,"score_max":41,"score_min":24,"flag":1,"level":1,"start_time":1674597540000,"end_time":1674597599000},{"score":16,"score_max":23,"score_min":14,"flag":1,"level":1,"start_time":1674597480000,"end_time":1674597539000},{"score":14,"score_max":17,"score_min":11,"flag":1,"level":1,"start_time":1674597420000,"end_time":1674597479000},{"score":8,"score_max":11,"score_min":8,"flag":1,"level":1,"start_time":1674597360000,"end_time":1674597419000},{"score":12,"score_max":16,"score_min":9,"flag":1,"level":1,"start_time":1674597300000,"end_time":1674597359000},{"score":14,"score_max":18,"score_min":12,"flag":1,"level":1,"start_time":1674597240000,"end_time":1674597299000},{"score":7,"score_max":12,"score_min":4,"flag":1,"level":1,"start_time":1674597180000,"end_time":1674597239000},{"score":2,"score_max":4,"score_min":1,"flag":1,"level":1,"start_time":1674597120000,"end_time":1674597179000},{"score":5,"score_max":14,"score_min":1,"flag":1,"level":1,"start_time":1674597060000,"end_time":1674597119000},{"score":25,"score_max":34,"score_min":15,"flag":1,"level":1,"start_time":1674597000000,"end_time":1674597059000},{"score":21,"score_max":33,"score_min":14,"flag":1,"level":1,"start_time":1674596940000,"end_time":1674596999000},{"score":17,"score_max":20,"score_min":14,"flag":1,"level":1,"start_time":1674596880000,"end_time":1674596939000},{"score":16,"score_max":19,"score_min":13,"flag":1,"level":1,"start_time":1674596820000,"end_time":1674596879000},{"score":11,"score_max":13,"score_min":9,"flag":1,"level":1,"start_time":1674596760000,"end_time":1674596819000},{"score":10,"score_max":20,"score_min":6,"flag":1,"level":1,"start_time":1674596700000,"end_time":1674596759000},{"score":30,"score_max":43,"score_min":18,"flag":1,"level":1,"start_time":1674596640000,"end_time":1674596699000},{"score":52,"score_max":64,"score_min":39,"flag":1,"level":1,"start_time":1674596580000,"end_time":1674596639000},{"score":60,"score_max":66,"score_min":51,"flag":1,"level":1,"start_time":1674596520000,"end_time":1674596579000},{"score":62,"score_max":69,"score_min":51,"flag":1,"level":1,"start_time":1674596460000,"end_time":1674596519000},{"score":59,"score_max":67,"score_min":51,"flag":1,"level":1,"start_time":1674596400000,"end_time":1674596459000},{"score":45,"score_max":51,"score_min":42,"flag":1,"level":1,"start_time":1674596340000,"end_time":1674596399000},{"score":41,"score_max":52,"score_min":30,"flag":1,"level":1,"start_time":1674596280000,"end_time":1674596339000},{"score":36,"score_max":51,"score_min":28,"flag":1,"level":1,"start_time":1674596220000,"end_time":1674596279000},{"score":69,"score_max":85,"score_min":52,"flag":1,"level":1,"start_time":1674596160000,"end_time":1674596219000},{"score":57,"score_max":81,"score_min":49,"flag":1,"level":1,"start_time":1674596100000,"end_time":1674596159000},{"score":64,"score_max":77,"score_min":49,"flag":1,"level":1,"start_time":1674596040000,"end_time":1674596099000},{"score":81,"score_max":87,"score_min":76,"flag":1,"level":1,"start_time":1674595980000,"end_time":1674596039000},{"score":88,"score_max":90,"score_min":85,"flag":1,"level":1,"start_time":1674595920000,"end_time":1674595979000},{"score":92,"score_max":96,"score_min":88,"flag":1,"level":1,"start_time":1674595860000,"end_time":1674595919000},{"score":88,"score_max":94,"score_min":87,"flag":1,"level":1,"start_time":1674595800000,"end_time":1674595859000},{"score":84,"score_max":89,"score_min":79,"flag":1,"level":1,"start_time":1674595740000,"end_time":1674595799000},{"score":75,"score_max":78,"score_min":73,"flag":1,"level":1,"start_time":1674595680000,"end_time":1674595739000},{"score":67,"score_max":72,"score_min":63,"flag":1,"level":1,"start_time":1674595620000,"end_time":1674595679000},{"score":80,"score_max":85,"score_min":72,"flag":1,"level":1,"start_time":1674595560000,"end_time":1674595619000},{"score":81,"score_max":90,"score_min":76,"flag":1,"level":1,"start_time":1674595500000,"end_time":1674595559000},{"score":92,"score_max":94,"score_min":91,"flag":1,"level":1,"start_time":1674595440000,"end_time":1674595499000},{"score":90,"score_max":90,"score_min":90,"flag":1,"level":1,"start_time":1674595260000,"end_time":1674595319000},{"score":25,"score_max":29,"score_min":22,"flag":1,"level":1,"start_time":1674595200000,"end_time":1674595259000},{"score":21,"score_max":22,"score_min":19,"flag":1,"level":1,"start_time":1674595140000,"end_time":1674595199000},{"score":6,"score_max":7,"score_min":6,"flag":1,"level":1,"start_time":1674595080000,"end_time":1674595139000},{"score":0,"score_max":0,"score_min":0,"flag":1,"level":1,"start_time":1674595020000,"end_time":1674595079000},{"score":0,"score_max":2,"score_min":0,"flag":1,"level":1,"start_time":1674594960000,"end_time":1674595019000},{"score":3,"score_max":6,"score_min":1,"flag":1,"level":1,"start_time":1674594900000,"end_time":1674594959000},{"score":0,"score_max":1,"score_min":0,"flag":1,"level":1,"start_time":1674594840000,"end_time":1674594899000},{"score":0,"score_max":2,"score_min":0,"flag":1,"level":1,"start_time":1674594780000,"end_time":1674594839000},{"score":4,"score_max":6,"score_min":2,"flag":1,"level":1,"start_time":1674594720000,"end_time":1674594779000},{"score":3,"score_max":7,"score_min":2,"flag":1,"level":1,"start_time":1674594660000,"end_time":1674594719000},{"score":1,"score_max":2,"score_min":1,"flag":1,"level":1,"start_time":1674594600000,"end_time":1674594659000},{"score":4,"score_max":10,"score_min":1,"flag":1,"level":1,"start_time":1674594540000,"end_time":1674594599000},{"score":0,"score_max":1,"score_min":0,"flag":1,"level":1,"start_time":1674594480000,"end_time":1674594539000},{"score":1,"score_max":6,"score_min":0,"flag":1,"level":1,"start_time":1674594420000,"end_time":1674594479000},{"score":2,"score_max":6,"score_min":1,"flag":1,"level":1,"start_time":1674594360000,"end_time":1674594419000},{"score":0,"score_max":2,"score_min":0,"flag":1,"level":1,"start_time":1674594300000,"end_time":1674594359000},{"score":1,"score_max":2,"score_min":0,"flag":1,"level":1,"start_time":1674594240000,"end_time":1674594299000},{"score":0,"score_max":1,"score_min":0,"flag":1,"level":1,"start_time":1674594180000,"end_time":1674594239000},{"score":1,"score_max":1,"score_min":1,"flag":1,"level":1,"start_time":1674594120000,"end_time":1674594179000},{"score":4,"score_max":13,"score_min":1,"flag":1,"level":1,"start_time":1674594060000,"end_time":1674594119000},{"score":27,"score_max":39,"score_min":14,"flag":1,"level":1,"start_time":1674594000000,"end_time":1674594059000}]