[{"score":6,"score_max":12,"score_min":3,"flag":1,"level":1,"start_time":1674694740000,"end_time":1674694799000},{"score":20,"score_max":66,"score_min":3,"flag":1,"level":1,"start_time":1674694680000,"end_time":1674694739000},{"score":30,"score_max":69,"score_min":1,"flag":1,"level":1,"start_time":1674694620000,"end_time":1674694679000},{"score":0,"score_max":1,"score_min":0,"flag":1,"level":1,"start_time":1674694560000,"end_time":1674694619000},{"score":1,"score_max":2,"score_min":1,"flag":1,"level":1,"start_time":1674694500000,"end_time":1674694559000},{"score":3,"score_max":6,"score_min":1,"flag":1,"level":1,"start_time":1674694440000,"end_time":1674694499000},{"score":1,"score_max":3,"score_min":1,"flag":1,"level":1,"start_time":1674694380000,"end_time":1674694439000},{"score":1,"score_max":2,"score_min":1,"flag":1,"level":1,"start_time":1674694320000,"end_time":1674694379000},{"score":5,"score_max":7,"score_min":3,"flag":1,"level":1,"start_time":1674694260000,"end_time":1674694319000},{"score":0,"score_max":3,"score_min":0,"flag":1,"level":1,"start_time":1674694200000,"end_time":1674694259000},{"score":9,"score_max":69,"score_min":0,"flag":1,"level":1,"start_time":1674694140000,"end_time":1674694199000},{"score":68,"score_max":97,"score_min":10,"flag":1,"level":1,"start_time":1674694080000,"end_time":1674694139000},{"score":4,"score_max":9,"score_min":3,"flag":1,"level":1,"start_time":1674694020000,"end_time":1674694079000},{"score":7,"score_max":10,"score_min":5,"flag":1,"level":1,"start_time":1674693960000,"end_time":1674694019000},{"score":10,"score_max":14,"score_min":7,"flag":1,"level":1,"start_time":1674693900000,"end_time":1674693959000},{"score":71,"score_max":99,"score_min":13,"flag":1,"level":1,"start_time":1674693840000,"end_time":1674693899000},{"score":68,"score_max":99,"score_min":7,"flag":1,"level":1,"start_time":1674693780000,"end_time":1674693839000},{"score":0,"score_max":6,"score_min":0,"flag":1,"level":1,"start_time":1674693720000,"end_time":1674693779000},{"score":1,"score_max":2,"score_min":0,"flag":1,"level":1,"start_time":1674693660000,"end_time":1674693719000},{"score":1,"score_max":2,"score_min":1,"flag":1,"level":1,"start_time":1674693600000,"end_time":1674693659000},{"score":4,"score_max":13,"score_min":1,"flag":1,"level":1,"start_time":1674693540000,"end_time":1674693599000},{"score":19,"score_max":26,"score_min":13,"flag":1,"level":1,"start_time":1674693480000,"end_time":1674693539000},{"score":12,"score_max":26,"score_min":1,"flag":1,"level":1,"start_time":1674693420000,"end_time":1674693479000},{"score":0,"score_max":1,"score_min":0,"flag":1,"level":1,"start_time":1674693360000,"end_time":1674693419000},{"score":5,"score_max":8,"score_min":1,"flag":1,"level":1,"start_time":1674693300000,"end_time":1674693359000},{"score":1,"score_max":5,"score_min":0,"flag":1,"level":1,"start_time":1674693240000,"end_time":1674693299000},{"score":1,"score_max":2,"score_min":1,"flag":1,"level":1,"start_time":1674693180000,"end_time":1674693239000},{"score":3,"score_max":4,"score_min":1,"flag":1,"level":1,"start_time":1674693120000,"end_time":1674693179000},{"score":1,"score_max":1,"score_min":1,"flag":1,"level":1,"start_time":1674693060000,"end_time":1674693119000},{"score":1,"score_max":2,"score_min":0,"flag":1,"level":1,"start_time":1674693000000,"end_time":1674693059000},{"score":0,"score_max":1,"score_min":0,"flag":1,"level":1,"start_time":1674692940000,"end_time":1674692999000},{"score":1,"score_max":2,"score_min":1,"flag":1,"level":1,"start_time":1674692880000,"end_time":1674692939000},{"score":9,"score_max":16,"score_min":2,"flag":1,"level":1,"start_time":1674692820000,"end_time":1674692879000},{"score":9,"score_max":18,"score_min":4,"flag":1,"level":1,"start_time":1674692760000,"end_time":1674692819000},{"score":3,"score_max":7,"score_min":2,"flag":1,"level":1,"start_time":1674692700000,"end_time":1674692759000},{"score":10,"score_max":16,"score_min":7,"flag":1,"level":1,"start_time":1674692640000,"end_time":1674692699000},{"score":35,"score_max":51,"score_min":16,"flag":1,"level":1,"start_time":1674692580000,"end_time":1674692639000},{"score":7,"score_max":25,"score_min":3,"flag":1,"level":1,"start_time":1674692520000,"end_time":1674692579000},{"score":13,"score_max":18,"score_min":7,"flag":1,"level":1,"start_time":1674692460000,"end_time":1674692519000},{"score":4,"score_max":16,"score_min":0,"flag":1,"level":1,"start_time":1674692400000,"end_time":1674692459000},{"score":0,"score_max":1,"score_min":0,"flag":1,"level":1,"start_time":1674692340000,"end_time":1674692399000},{"score":23,"score_max":53,"score_min":1,"flag":1,"level":1,"start_time":1674692280000,"end_time":1674692339000},{"score":17,"score_max":37,"score_min":6,"flag":1,"level":1,"start_time":1674692220000,"end_time":1674692279000},{"score":2,"score_max":6,"score_min":1,"flag":1,"level":1,"start_time":1674692160000,"end_time":1674692219000},{"score":7,"score_max":14,"score_min":2,"flag":1,"level":1,"start_time":1674692100000,"end_time":1674692159000},{"score":10,"score_max":17,"score_min":2,"flag":1,"level":1,"start_time":1674692040000,"end_time":1674692099000},{"score":1,"score_max":2,"score_min":1,"flag":1,"level":1,"start_time":1674691980000,"end_time":1674692039000},{"score":1,"score_max":2,"score_min":1,"flag":1,"level":1,"start_time":1674691920000,"end_time":1674691979000},{"score":22,"score_max":43,"score_min":2,"flag":1,"level":1,"start_time":1674691860000,"end_time":1674691919000},{"score":17,"score_max":40,"score_min":11,"flag":1,"level":1,"start_time":1674691800000,"end_time":1674691859000},{"score":10,"score_max":14,"score_min":7,"flag":1,"level":1,"start_time":1674691740000,"end_time":1674691799000},{"score":34,"score_max":47,"score_min":11,"flag":1,"level":1,"start_time":1674691680000,"end_time":1674691739000},{"score":17,"score_max":42,"score_min":10,"flag":1,"level":1,"start_time":1674691620000,"end_time":1674691679000},{"score":13,"score_max":19,"score_min":9,"flag":1,"level":1,"start_time":1674691560000,"end_time":1674691619000},{"score":19,"score_max":24,"score_min":16,"flag":1,"level":1,"start_time":1674691500000,"end_time":1674691559000},{"score":10,"score_max":15,"score_min":8,"flag":1,"level":1,"start_time":1674691440000,"end_time":1674691499000},{"score":7,"score_max":10,"score_min":3,"flag":1,"level":1,"start_time":1674691380000,"end_time":1674691439000},{"score":0,"score_max":3,"score_min":0,"flag":1,"level":1,"start_time":1674691320000,"end_time":1674691379000},{"score":1,"score_max":15,"score_min":0,"flag":1,"level":1,"start_time":1674691260000,"end_time":1674691319000},{"score":64,"score_max":89,"score_min":17,"flag":1,"level":1,"start_time":1674691200000,"end_time":1674691259000}]