[{"score":6,"score_max":8,"score_min":5,"flag":1,"level":1,"start_time":1674556080000,"end_time":1674556139000},{"score":11,"score_max":15,"score_min":8,"flag":1,"level":1,"start_time":1674556020000,"end_time":1674556079000},{"score":5,"score_max":10,"score_min":3,"flag":1,"level":1,"start_time":1674555960000,"end_time":1674556019000},{"score":1,"score_max":4,"score_min":1,"flag":1,"level":1,"start_time":1674555900000,"end_time":1674555959000},{"score":3,"score_max":4,"score_min":2,"flag":1,"level":1,"start_time":1674555840000,"end_time":1674555899000},{"score":2,"score_max":4,"score_min":2,"flag":1,"level":1,"start_time":1674555780000,"end_time":1674555839000},{"score":3,"score_max":5,"score_min":3,"flag":1,"level":1,"start_time":1674555720000,"end_time":1674555779000},{"score":3,"score_max":5,"score_min":2,"flag":1,"level":1,"start_time":1674555660000,"end_time":1674555719000},{"score":11,"score_max":16,"score_min":4,"flag":1,"level":1,"start_time":1674555600000,"end_time":1674555659000},{"score":16,"score_max":24,"score_min":11,"flag":1,"level":1,"start_time":1674555540000,"end_time":1674555599000},{"score":24,"score_max":36,"score_min":8,"flag":1,"level":1,"start_time":1674555480000,"end_time":1674555539000},{"score":5,"score_max":8,"score_min":4,"flag":1,"level":1,"start_time":1674555420000,"end_time":1674555479000},{"score":7,"score_max":13,"score_min":5,"flag":1,"level":1,"start_time":1674555360000,"end_time":1674555419000},{"score":23,"score_max":30,"score_min":13,"flag":1,"level":1,"start_time":1674555300000,"end_time":1674555359000},{"score":20,"score_max":24,"score_min":17,"flag":1,"level":1,"start_time":1674555240000,"end_time":1674555299000},{"score":20,"score_max":22,"score_min":19,"flag":1,"level":1,"start_time":1674555180000,"end_time":1674555239000},{"score":61,"score_max":66,"score_min":59,"flag":1,"level":1,"start_time":1674555120000,"end_time":1674555179000},{"score":72,"score_max":78,"score_min":65,"flag":1,"level":1,"start_time":1674555060000,"end_time":1674555119000},{"score":77,"score_max":83,"score_min":73,"flag":1,"level":1,"start_time":1674555000000,"end_time":1674555059000},{"score":87,"score_max":94,"score_min":82,"flag":1,"level":1,"start_time":1674554820000,"end_time":1674554879000},{"score":12,"score_max":21,"score_min":5,"flag":1,"level":1,"start_time":1674554760000,"end_time":1674554819000},{"score":3,"score_max":5,"score_min":2,"flag":1,"level":1,"start_time":1674554700000,"end_time":1674554759000},{"score":33,"score_max":37,"score_min":32,"flag":1,"level":1,"start_time":1674554640000,"end_time":1674554699000},{"score":55,"score_max":76,"score_min":36,"flag":1,"level":1,"start_time":1674554580000,"end_time":1674554639000},{"score":29,"score_max":30,"score_min":28,"flag":1,"level":1,"start_time":1674554520000,"end_time":1674554579000},{"score":30,"score_max":34,"score_min":26,"flag":1,"level":1,"start_time":1674554460000,"end_time":1674554519000},{"score":21,"score_max":28,"score_min":18,"flag":1,"level":1,"start_time":1674554400000,"end_time":1674554459000}]