[{"score":0,"score_max":0,"score_min":0,"flag":1,"level":1,"start_time":1674642660000,"end_time":1674642719000},{"score":0,"score_max":0,"score_min":0,"flag":1,"level":1,"start_time":1674642600000,"end_time":1674642659000},{"score":0,"score_max":0,"score_min":0,"flag":1,"level":1,"start_time":1674642540000,"end_time":1674642599000},{"score":0,"score_max":0,"score_min":0,"flag":1,"level":1,"start_time":1674642480000,"end_time":1674642539000},{"score":0,"score_max":1,"score_min":0,"flag":1,"level":1,"start_time":1674642420000,"end_time":1674642479000},{"score":1,"score_max":3,"score_min":0,"flag":1,"level":1,"start_time":1674642360000,"end_time":1674642419000},{"score":0,"score_max":0,"score_min":0,"flag":1,"level":1,"start_time":1674642300000,"end_time":1674642359000},{"score":0,"score_max":0,"score_min":0,"flag":1,"level":1,"start_time":1674642240000,"end_time":1674642299000},{"score":0,"score_max":0,"score_min":0,"flag":1,"level":1,"start_time":1674642180000,"end_time":1674642239000},{"score":0,"score_max":1,"score_min":0,"flag":1,"level":1,"start_time":1674642120000,"end_time":1674642179000},{"score":0,"score_max":0,"score_min":0,"flag":1,"level":1,"start_time":1674642060000,"end_time":1674642119000},{"score":0,"score_max":0,"score_min":0,"flag":1,"level":1,"start_time":1674642000000,"end_time":1674642059000},{"score":0,"score_max":0,"score_min":0,"flag":1,"level":1,"start_time":1674641940000,"end_time":1674641999000},{"score":0,"score_max":0,"score_min":0,"flag":1,"level":1,"start_time":1674641880000,"end_time":1674641939000},{"score":0,"score_max":0,"score_min":0,"flag":1,"level":1,"start_time":1674641820000,"end_time":1674641879000},{"score":0,"score_max":0,"score_min":0,"flag":1,"level":1,"start_time":1674641760000,"end_time":1674641819000},{"score":0,"score_max":0,"score_min":0,"flag":1,"level":1,"start_time":1674641700000,"end_time":1674641759000},{"score":2,"score_max":5,"score_min":0,"flag":1,"level":1,"start_time":1674641640000,"end_time":1674641699000},{"score":0,"score_max":1,"score_min":0,"flag":1,"level":1,"start_time":1674641580000,"end_time":1674641639000},{"score":0,"score_max":0,"score_min":0,"flag":1,"level":1,"start_time":1674641520000,"end_time":1674641579000},{"score":0,"score_max":0,"score_min":0,"flag":1,"level":1,"start_time":1674641460000,"end_time":1674641519000},{"score":0,"score_max":0,"score_min":0,"flag":1,"level":1,"start_time":1674641400000,"end_time":1674641459000},{"score":0,"score_max":0,"score_min":0,"flag":1,"level":1,"start_time":1674641340000,"end_time":1674641399000},{"score":0,"score_max":0,"score_min":0,"flag":1,"level":1,"start_time":1674641280000,"end_time":1674641339000},{"score":0,"score_max":0,"score_min":0,"flag":1,"level":1,"start_time":1674641220000,"end_time":1674641279000},{"score":0,"score_max":1,"score_min":0,"flag":1,"level":1,"start_time":1674641040000,"end_time":1674641099000},{"score":5,"score_max":6,"score_min":5,"flag":1,"level":1,"start_time":1674640980000,"end_time":1674641039000},{"score":4,"score_max":6,"score_min":4,"flag":1,"level":1,"start_time":1674640920000,"end_time":1674640979000},{"score":6,"score_max":7,"score_min":5,"flag":1,"level":1,"start_time":1674640860000,"end_time":1674640919000},{"score":4,"score_max":6,"score_min":3,"flag":1,"level":1,"start_time":1674640800000,"end_time":1674640859000}]