[{"score":2,"score_max":3,"score_min":1,"flag":1,"level":1,"start_time":1674590340000,"end_time":1674590399000},{"score":1,"score_max":2,"score_min":1,"flag":1,"level":1,"start_time":1674590280000,"end_time":1674590339000},{"score":1,"score_max":1,"score_min":1,"flag":1,"level":1,"start_time":1674590220000,"end_time":1674590279000},{"score":1,"score_max":1,"score_min":1,"flag":1,"level":1,"start_time":1674590160000,"end_time":1674590219000},{"score":1,"score_max":1,"score_min":1,"flag":1,"level":1,"start_time":1674590100000,"end_time":1674590159000},{"score":2,"score_max":5,"score_min":1,"flag":1,"level":1,"start_time":1674590040000,"end_time":1674590099000},{"score":3,"score_max":5,"score_min":1,"flag":1,"level":1,"start_time":1674589980000,"end_time":1674590039000},{"score":1,"score_max":2,"score_min":1,"flag":1,"level":1,"start_time":1674589920000,"end_time":1674589979000},{"score":1,"score_max":2,"score_min":1,"flag":1,"level":1,"start_time":1674589860000,"end_time":1674589919000},{"score":0,"score_max":1,"score_min":0,"flag":1,"level":1,"start_time":1674589800000,"end_time":1674589859000},{"score":0,"score_max":0,"score_min":0,"flag":1,"level":1,"start_time":1674589740000,"end_time":1674589799000},{"score":2,"score_max":3,"score_min":1,"flag":1,"level":1,"start_time":1674589680000,"end_time":1674589739000},{"score":1,"score_max":1,"score_min":1,"flag":1,"level":1,"start_time":1674589620000,"end_time":1674589679000},{"score":0,"score_max":1,"score_min":0,"flag":1,"level":1,"start_time":1674589560000,"end_time":1674589619000},{"score":1,"score_max":2,"score_min":0,"flag":1,"level":1,"start_time":1674589500000,"end_time":1674589559000},{"score":2,"score_max":3,"score_min":2,"flag":1,"level":1,"start_time":1674589440000,"end_time":1674589499000},{"score":1,"score_max":2,"score_min":0,"flag":1,"level":1,"start_time":1674589380000,"end_time":1674589439000},{"score":0,"score_max":1,"score_min":0,"flag":1,"level":1,"start_time":1674589320000,"end_time":1674589379000},{"score":0,"score_max":1,"score_min":0,"flag":1,"level":1,"start_time":1674589260000,"end_time":1674589319000},{"score":0,"score_max":0,"score_min":0,"flag":1,"level":1,"start_time":1674589200000,"end_time":1674589259000},{"score":0,"score_max":2,"score_min":0,"flag":1,"level":1,"start_time":1674589140000,"end_time":1674589199000},{"score":1,"score_max":2,"score_min":1,"flag":1,"level":1,"start_time":1674589080000,"end_time":1674589139000},{"score":0,"score_max":1,"score_min":0,"flag":1,"level":1,"start_time":1674589020000,"end_time":1674589079000},{"score":0,"score_max":0,"score_min":0,"flag":1,"level":1,"start_time":1674588960000,"end_time":1674589019000},{"score":4,"score_max":11,"score_min":0,"flag":1,"level":1,"start_time":1674588900000,"end_time":1674588959000},{"score":1,"score_max":3,"score_min":0,"flag":1,"level":1,"start_time":1674588840000,"end_time":1674588899000},{"score":0,"score_max":3,"score_min":0,"flag":1,"level":1,"start_time":1674588780000,"end_time":1674588839000},{"score":11,"score_max":17,"score_min":3,"flag":1,"level":1,"start_time":1674588720000,"end_time":1674588779000},{"score":2,"score_max":5,"score_min":1,"flag":1,"level":1,"start_time":1674588660000,"end_time":1674588719000},{"score":1,"score_max":2,"score_min":1,"flag":1,"level":1,"start_time":1674588600000,"end_time":1674588659000},{"score":0,"score_max":1,"score_min":0,"flag":1,"level":1,"start_time":1674588540000,"end_time":1674588599000},{"score":0,"score_max":0,"score_min":0,"flag":1,"level":1,"start_time":1674588480000,"end_time":1674588539000},{"score":1,"score_max":5,"score_min":0,"flag":1,"level":1,"start_time":1674588420000,"end_time":1674588479000},{"score":3,"score_max":5,"score_min":2,"flag":1,"level":1,"start_time":1674588360000,"end_time":1674588419000},{"score":2,"score_max":4,"score_min":2,"flag":1,"level":1,"start_time":1674588300000,"end_time":1674588359000},{"score":2,"score_max":4,"score_min":2,"flag":1,"level":1,"start_time":1674588240000,"end_time":1674588299000},{"score":2,"score_max":3,"score_min":2,"flag":1,"level":1,"start_time":1674588180000,"end_time":1674588239000},{"score":1,"score_max":2,"score_min":1,"flag":1,"level":1,"start_time":1674588120000,"end_time":1674588179000},{"score":0,"score_max":1,"score_min":0,"flag":1,"level":1,"start_time":1674588060000,"end_time":1674588119000},{"score":3,"score_max":8,"score_min":0,"flag":1,"level":1,"start_time":1674588000000,"end_time":1674588059000},{"score":1,"score_max":4,"score_min":1,"flag":1,"level":1,"start_time":1674587940000,"end_time":1674587999000},{"score":5,"score_max":7,"score_min":2,"flag":1,"level":1,"start_time":1674587880000,"end_time":1674587939000},{"score":2,"score_max":4,"score_min":2,"flag":1,"level":1,"start_time":1674587820000,"end_time":1674587879000},{"score":2,"score_max":3,"score_min":2,"flag":1,"level":1,"start_time":1674587760000,"end_time":1674587819000},{"score":0,"score_max":2,"score_min":0,"flag":1,"level":1,"start_time":1674587700000,"end_time":1674587759000},{"score":0,"score_max":1,"score_min":0,"flag":1,"level":1,"start_time":1674587640000,"end_time":1674587699000},{"score":0,"score_max":1,"score_min":0,"flag":1,"level":1,"start_time":1674587580000,"end_time":1674587639000},{"score":0,"score_max":1,"score_min":0,"flag":1,"level":1,"start_time":1674587520000,"end_time":1674587579000},{"score":0,"score_max":1,"score_min":0,"flag":1,"level":1,"start_time":1674587460000,"end_time":1674587519000},{"score":0,"score_max":1,"score_min":0,"flag":1,"level":1,"start_time":1674587400000,"end_time":1674587459000},{"score":1,"score_max":1,"score_min":1,"flag":1,"level":1,"start_time":1674587340000,"end_time":1674587399000},{"score":0,"score_max":1,"score_min":0,"flag":1,"level":1,"start_time":1674587280000,"end_time":1674587339000},{"score":0,"score_max":1,"score_min":0,"flag":1,"level":1,"start_time":1674587220000,"end_time":1674587279000},{"score":0,"score_max":1,"score_min":0,"flag":1,"level":1,"start_time":1674587160000,"end_time":1674587219000},{"score":1,"score_max":3,"score_min":1,"flag":1,"level":1,"start_time":1674587100000,"end_time":1674587159000},{"score":4,"score_max":5,"score_min":3,"flag":1,"level":1,"start_time":1674587040000,"end_time":1674587099000},{"score":2,"score_max":3,"score_min":2,"flag":1,"level":1,"start_time":1674586980000,"end_time":1674587039000}]