[{"score":0,"score_max":0,"score_min":0,"flag":1,"level":1,"start_time":1674755940000,"end_time":1674755999000},{"score":0,"score_max":1,"score_min":0,"flag":1,"level":1,"start_time":1674755880000,"end_time":1674755939000},{"score":0,"score_max":1,"score_min":0,"flag":1,"level":1,"start_time":1674755820000,"end_time":1674755879000},{"score":0,"score_max":0,"score_min":0,"flag":1,"level":1,"start_time":1674755760000,"end_time":1674755819000},{"score":0,"score_max":1,"score_min":0,"flag":1,"level":1,"start_time":1674755700000,"end_time":1674755759000},{"score":0,"score_max":1,"score_min":0,"flag":1,"level":1,"start_time":1674755640000,"end_time":1674755699000},{"score":1,"score_max":1,"score_min":1,"flag":1,"level":1,"start_time":1674755580000,"end_time":1674755639000},{"score":0,"score_max":1,"score_min":0,"flag":1,"level":1,"start_time":1674755520000,"end_time":1674755579000},{"score":1,"score_max":3,"score_min":0,"flag":1,"level":1,"start_time":1674755460000,"end_time":1674755519000},{"score":0,"score_max":0,"score_min":0,"flag":1,"level":1,"start_time":1674755400000,"end_time":1674755459000},{"score":0,"score_max":1,"score_min":0,"flag":1,"level":1,"start_time":1674755340000,"end_time":1674755399000},{"score":0,"score_max":1,"score_min":0,"flag":1,"level":1,"start_time":1674755280000,"end_time":1674755339000},{"score":0,"score_max":0,"score_min":0,"flag":1,"level":1,"start_time":1674755220000,"end_time":1674755279000},{"score":0,"score_max":0,"score_min":0,"flag":1,"level":1,"start_time":1674755160000,"end_time":1674755219000},{"score":0,"score_max":0,"score_min":0,"flag":1,"level":1,"start_time":1674755100000,"end_time":1674755159000},{"score":0,"score_max":1,"score_min":0,"flag":1,"level":1,"start_time":1674755040000,"end_time":1674755099000},{"score":0,"score_max":0,"score_min":0,"flag":1,"level":1,"start_time":1674754980000,"end_time":1674755039000},{"score":0,"score_max":0,"score_min":0,"flag":1,"level":1,"start_time":1674754920000,"end_time":1674754979000},{"score":0,"score_max":0,"score_min":0,"flag":1,"level":1,"start_time":1674754860000,"end_time":1674754919000},{"score":0,"score_max":0,"score_min":0,"flag":1,"level":1,"start_time":1674754800000,"end_time":1674754859000},{"score":0,"score_max":0,"score_min":0,"flag":1,"level":1,"start_time":1674754740000,"end_time":1674754799000},{"score":0,"score_max":0,"score_min":0,"flag":1,"level":1,"start_time":1674754680000,"end_time":1674754739000},{"score":0,"score_max":0,"score_min":0,"flag":1,"level":1,"start_time":1674754620000,"end_time":1674754679000},{"score":0,"score_max":2,"score_min":0,"flag":1,"level":1,"start_time":1674754560000,"end_time":1674754619000},{"score":1,"score_max":2,"score_min":1,"flag":1,"level":1,"start_time":1674754500000,"end_time":1674754559000},{"score":0,"score_max":1,"score_min":0,"flag":1,"level":1,"start_time":1674754440000,"end_time":1674754499000},{"score":0,"score_max":0,"score_min":0,"flag":1,"level":1,"start_time":1674754380000,"end_time":1674754439000},{"score":0,"score_max":1,"score_min":0,"flag":1,"level":1,"start_time":1674754320000,"end_time":1674754379000},{"score":1,"score_max":1,"score_min":1,"flag":1,"level":1,"start_time":1674754260000,"end_time":1674754319000},{"score":0,"score_max":1,"score_min":0,"flag":1,"level":1,"start_time":1674754200000,"end_time":1674754259000},{"score":0,"score_max":0,"score_min":0,"flag":1,"level":1,"start_time":1674754140000,"end_time":1674754199000},{"score":0,"score_max":0,"score_min":0,"flag":1,"level":1,"start_time":1674754080000,"end_time":1674754139000},{"score":0,"score_max":0,"score_min":0,"flag":1,"level":1,"start_time":1674754020000,"end_time":1674754079000},{"score":1,"score_max":3,"score_min":0,"flag":1,"level":1,"start_time":1674753960000,"end_time":1674754019000},{"score":1,"score_max":2,"score_min":0,"flag":1,"level":1,"start_time":1674753900000,"end_time":1674753959000},{"score":0,"score_max":3,"score_min":0,"flag":1,"level":1,"start_time":1674753840000,"end_time":1674753899000},{"score":4,"score_max":7,"score_min":2,"flag":1,"level":1,"start_time":1674753780000,"end_time":1674753839000},{"score":7,"score_max":20,"score_min":2,"flag":1,"level":1,"start_time":1674753720000,"end_time":1674753779000},{"score":12,"score_max":21,"score_min":4,"flag":1,"level":1,"start_time":1674753660000,"end_time":1674753719000},{"score":8,"score_max":18,"score_min":4,"flag":1,"level":1,"start_time":1674753600000,"end_time":1674753659000},{"score":34,"score_max":55,"score_min":17,"flag":1,"level":1,"start_time":1674753540000,"end_time":1674753599000},{"score":7,"score_max":19,"score_min":1,"flag":1,"level":1,"start_time":1674753480000,"end_time":1674753539000},{"score":1,"score_max":1,"score_min":1,"flag":1,"level":1,"start_time":1674753420000,"end_time":1674753479000},{"score":0,"score_max":1,"score_min":0,"flag":1,"level":1,"start_time":1674753360000,"end_time":1674753419000},{"score":0,"score_max":0,"score_min":0,"flag":1,"level":1,"start_time":1674753300000,"end_time":1674753359000},{"score":0,"score_max":2,"score_min":0,"flag":1,"level":1,"start_time":1674753120000,"end_time":1674753179000},{"score":0,"score_max":0,"score_min":0,"flag":1,"level":1,"start_time":1674753060000,"end_time":1674753119000},{"score":0,"score_max":0,"score_min":0,"flag":1,"level":1,"start_time":1674753000000,"end_time":1674753059000},{"score":0,"score_max":0,"score_min":0,"flag":1,"level":1,"start_time":1674752940000,"end_time":1674752999000},{"score":0,"score_max":0,"score_min":0,"flag":1,"level":1,"start_time":1674752880000,"end_time":1674752939000},{"score":0,"score_max":1,"score_min":0,"flag":1,"level":1,"start_time":1674752820000,"end_time":1674752879000},{"score":0,"score_max":0,"score_min":0,"flag":1,"level":1,"start_time":1674752760000,"end_time":1674752819000},{"score":1,"score_max":2,"score_min":0,"flag":1,"level":1,"start_time":1674752700000,"end_time":1674752759000},{"score":0,"score_max":1,"score_min":0,"flag":1,"level":1,"start_time":1674752640000,"end_time":1674752699000},{"score":0,"score_max":0,"score_min":0,"flag":1,"level":1,"start_time":1674752580000,"end_time":1674752639000},{"score":0,"score_max":0,"score_min":0,"flag":1,"level":1,"start_time":1674752520000,"end_time":1674752579000},{"score":0,"score_max":0,"score_min":0,"flag":1,"level":1,"start_time":1674752460000,"end_time":1674752519000},{"score":0,"score_max":0,"score_min":0,"flag":1,"level":1,"start_time":1674752400000,"end_time":1674752459000}]