[{"score":0,"score_max":0,"score_min":0,"flag":1,"level":1,"start_time":1674583140000,"end_time":1674583199000},{"score":0,"score_max":0,"score_min":0,"flag":1,"level":1,"start_time":1674583080000,"end_time":1674583139000},{"score":0,"score_max":0,"score_min":0,"flag":1,"level":1,"start_time":1674583020000,"end_time":1674583079000},{"score":0,"score_max":0,"score_min":0,"flag":1,"level":1,"start_time":1674582960000,"end_time":1674583019000},{"score":0,"score_max":0,"score_min":0,"flag":1,"level":1,"start_time":1674582900000,"end_time":1674582959000},{"score":0,"score_max":0,"score_min":0,"flag":1,"level":1,"start_time":1674582840000,"end_time":1674582899000},{"score":0,"score_max":0,"score_min":0,"flag":1,"level":1,"start_time":1674582780000,"end_time":1674582839000},{"score":0,"score_max":0,"score_min":0,"flag":1,"level":1,"start_time":1674582720000,"end_time":1674582779000},{"score":0,"score_max":0,"score_min":0,"flag":1,"level":1,"start_time":1674580440000,"end_time":1674580499000},{"score":0,"score_max":0,"score_min":0,"flag":1,"level":1,"start_time":1674580380000,"end_time":1674580439000},{"score":0,"score_max":0,"score_min":0,"flag":1,"level":1,"start_time":1674580320000,"end_time":1674580379000},{"score":0,"score_max":0,"score_min":0,"flag":1,"level":1,"start_time":1674580260000,"end_time":1674580319000},{"score":0,"score_max":0,"score_min":0,"flag":1,"level":1,"start_time":1674580200000,"end_time":1674580259000},{"score":0,"score_max":0,"score_min":0,"flag":1,"level":1,"start_time":1674580140000,"end_time":1674580199000},{"score":0,"score_max":0,"score_min":0,"flag":1,"level":1,"start_time":1674580080000,"end_time":1674580139000},{"score":0,"score_max":0,"score_min":0,"flag":1,"level":1,"start_time":1674580020000,"end_time":1674580079000},{"score":0,"score_max":0,"score_min":0,"flag":1,"level":1,"start_time":1674579960000,"end_time":1674580019000},{"score":0,"score_max":0,"score_min":0,"flag":1,"level":1,"start_time":1674579900000,"end_time":1674579959000},{"score":0,"score_max":0,"score_min":0,"flag":1,"level":1,"start_time":1674579840000,"end_time":1674579899000},{"score":0,"score_max":0,"score_min":0,"flag":1,"level":1,"start_time":1674579780000,"end_time":1674579839000},{"score":0,"score_max":0,"score_min":0,"flag":1,"level":1,"start_time":1674579720000,"end_time":1674579779000},{"score":0,"score_max":0,"score_min":0,"flag":1,"level":1,"start_time":1674579660000,"end_time":1674579719000},{"score":0,"score_max":0,"score_min":0,"flag":1,"level":1,"start_time":1674579600000,"end_time":1674579659000}]