[{"heart_rate":82,"heart_rate_max":85,"heart_rate_min":78,"start_time":1674723540000,"end_time":1674723599000},{"heart_rate":81,"heart_rate_max":83,"heart_rate_min":79,"start_time":1674723480000,"end_time":1674723539000},{"heart_rate":83,"heart_rate_max":92,"heart_rate_min":77,"start_time":1674723420000,"end_time":1674723479000},{"heart_rate":84,"heart_rate_max":90,"heart_rate_min":80,"start_time":1674723360000,"end_time":1674723419000},{"heart_rate":85,"heart_rate_max":91,"heart_rate_min":82,"start_time":1674723300000,"end_time":1674723359000},{"heart_rate":87,"heart_rate_max":91,"heart_rate_min":84,"start_time":1674723240000,"end_time":1674723299000},{"heart_rate":89,"heart_rate_max":92,"heart_rate_min":84,"start_time":1674723180000,"end_time":1674723239000},{"heart_rate":84,"heart_rate_max":89,"heart_rate_min":82,"start_time":1674723120000,"end_time":1674723179000},{"heart_rate":87,"heart_rate_max":90,"heart_rate_min":85,"start_time":1674723060000,"end_time":1674723119000},{"heart_rate":86,"heart_rate_max":89,"heart_rate_min":83,"start_time":1674723000000,"end_time":1674723059000},{"heart_rate":87,"heart_rate_max":95,"heart_rate_min":83,"start_time":1674722940000,"end_time":1674722999000},{"heart_rate":81,"heart_rate_max":86,"heart_rate_min":73,"start_time":1674722880000,"end_time":1674722939000},{"heart_rate":79,"heart_rate_max":86,"heart_rate_min":69,"start_time":1674722820000,"end_time":1674722879000},{"heart_rate":83,"heart_rate_max":89,"heart_rate_min":72,"start_time":1674722760000,"end_time":1674722819000},{"heart_rate":68,"heart_rate_max":76,"heart_rate_min":60,"start_time":1674722700000,"end_time":1674722759000},{"heart_rate":85,"heart_rate_max":90,"heart_rate_min":78,"start_time":1674722640000,"end_time":1674722699000},{"heart_rate":85,"heart_rate_max":89,"heart_rate_min":83,"start_time":1674722580000,"end_time":1674722639000},{"heart_rate":87,"heart_rate_max":92,"heart_rate_min":85,"start_time":1674722520000,"end_time":1674722579000},{"heart_rate":89,"heart_rate_max":95,"heart_rate_min":83,"start_time":1674722460000,"end_time":1674722519000},{"heart_rate":93,"heart_rate_max":97,"heart_rate_min":91,"start_time":1674722400000,"end_time":1674722459000},{"heart_rate":92,"heart_rate_max":94,"heart_rate_min":91,"start_time":1674722340000,"end_time":1674722399000},{"heart_rate":91,"heart_rate_max":95,"heart_rate_min":84,"start_time":1674722280000,"end_time":1674722339000},{"heart_rate":80,"heart_rate_max":87,"heart_rate_min":77,"start_time":1674722220000,"end_time":1674722279000},{"heart_rate":83,"heart_rate_max":88,"heart_rate_min":78,"start_time":1674722160000,"end_time":1674722219000},{"heart_rate":91,"heart_rate_max":92,"heart_rate_min":91,"start_time":1674722100000,"end_time":1674722159000},{"heart_rate":82,"heart_rate_max":92,"heart_rate_min":81,"start_time":1674722040000,"end_time":1674722099000},{"heart_rate":82,"heart_rate_max":84,"heart_rate_min":80,"start_time":1674721980000,"end_time":1674722039000},{"heart_rate":80,"heart_rate_max":83,"heart_rate_min":80,"start_time":1674721920000,"end_time":1674721979000},{"heart_rate":81,"heart_rate_max":86,"heart_rate_min":78,"start_time":1674721860000,"end_time":1674721919000},{"heart_rate":79,"heart_rate_max":80,"heart_rate_min":78,"start_time":1674721800000,"end_time":1674721859000},{"heart_rate":80,"heart_rate_max":87,"heart_rate_min":79,"start_time":1674721740000,"end_time":1674721799000},{"heart_rate":80,"heart_rate_max":88,"heart_rate_min":77,"start_time":1674721680000,"end_time":1674721739000},{"heart_rate":82,"heart_rate_max":86,"heart_rate_min":75,"start_time":1674721620000,"end_time":1674721679000},{"heart_rate":83,"heart_rate_max":88,"heart_rate_min":77,"start_time":1674721560000,"end_time":1674721619000},{"heart_rate":84,"heart_rate_max":95,"heart_rate_min":78,"start_time":1674721500000,"end_time":1674721559000},{"heart_rate":84,"heart_rate_max":94,"heart_rate_min":79,"start_time":1674721440000,"end_time":1674721499000},{"heart_rate":86,"heart_rate_max":93,"heart_rate_min":83,"start_time":1674721380000,"end_time":1674721439000},{"heart_rate":87,"heart_rate_max":88,"heart_rate_min":86,"start_time":1674721320000,"end_time":1674721379000},{"heart_rate":83,"heart_rate_max":89,"heart_rate_min":82,"start_time":1674721260000,"end_time":1674721319000},{"heart_rate":82,"heart_rate_max":85,"heart_rate_min":81,"start_time":1674721200000,"end_time":1674721259000},{"heart_rate":85,"heart_rate_max":87,"heart_rate_min":81,"start_time":1674721140000,"end_time":1674721199000},{"heart_rate":78,"heart_rate_max":82,"heart_rate_min":74,"start_time":1674721080000,"end_time":1674721139000},{"heart_rate":85,"heart_rate_max":90,"heart_rate_min":78,"start_time":1674721020000,"end_time":1674721079000},{"heart_rate":87,"heart_rate_max":90,"heart_rate_min":80,"start_time":1674720960000,"end_time":1674721019000},{"heart_rate":84,"heart_rate_max":87,"heart_rate_min":81,"start_time":1674720900000,"end_time":1674720959000},{"heart_rate":84,"heart_rate_max":87,"heart_rate_min":80,"start_time":1674720840000,"end_time":1674720899000},{"heart_rate":84,"heart_rate_max":89,"heart_rate_min":82,"start_time":1674720780000,"end_time":1674720839000},{"heart_rate":83,"heart_rate_max":84,"heart_rate_min":82,"start_time":1674720720000,"end_time":1674720779000},{"heart_rate":67,"heart_rate_max":72,"heart_rate_min":58,"start_time":1674720660000,"end_time":1674720719000}]