[{"heart_rate":71,"heart_rate_max":75,"heart_rate_min":69,"start_time":1674705540000,"end_time":1674705599000},{"heart_rate":76,"heart_rate_max":82,"heart_rate_min":73,"start_time":1674705480000,"end_time":1674705539000},{"heart_rate":86,"heart_rate_max":91,"heart_rate_min":83,"start_time":1674705420000,"end_time":1674705479000},{"heart_rate":79,"heart_rate_max":88,"heart_rate_min":75,"start_time":1674705360000,"end_time":1674705419000},{"heart_rate":75,"heart_rate_max":77,"heart_rate_min":73,"start_time":1674705300000,"end_time":1674705359000},{"heart_rate":75,"heart_rate_max":78,"heart_rate_min":71,"start_time":1674705240000,"end_time":1674705299000},{"heart_rate":80,"heart_rate_max":85,"heart_rate_min":74,"start_time":1674705180000,"end_time":1674705239000},{"heart_rate":77,"heart_rate_max":79,"heart_rate_min":75,"start_time":1674705120000,"end_time":1674705179000},{"heart_rate":78,"heart_rate_max":81,"heart_rate_min":76,"start_time":1674705060000,"end_time":1674705119000},{"heart_rate":86,"heart_rate_max":97,"heart_rate_min":79,"start_time":1674705000000,"end_time":1674705059000},{"heart_rate":80,"heart_rate_max":88,"heart_rate_min":78,"start_time":1674704940000,"end_time":1674704999000},{"heart_rate":79,"heart_rate_max":84,"heart_rate_min":76,"start_time":1674704880000,"end_time":1674704939000},{"heart_rate":77,"heart_rate_max":81,"heart_rate_min":75,"start_time":1674704820000,"end_time":1674704879000},{"heart_rate":75,"heart_rate_max":81,"heart_rate_min":68,"start_time":1674704760000,"end_time":1674704819000},{"heart_rate":74,"heart_rate_max":76,"heart_rate_min":72,"start_time":1674704700000,"end_time":1674704759000},{"heart_rate":70,"heart_rate_max":77,"heart_rate_min":63,"start_time":1674704640000,"end_time":1674704699000},{"heart_rate":69,"heart_rate_max":72,"heart_rate_min":67,"start_time":1674704580000,"end_time":1674704639000},{"heart_rate":73,"heart_rate_max":82,"heart_rate_min":65,"start_time":1674704520000,"end_time":1674704579000},{"heart_rate":80,"heart_rate_max":85,"heart_rate_min":75,"start_time":1674704460000,"end_time":1674704519000},{"heart_rate":77,"heart_rate_max":82,"heart_rate_min":73,"start_time":1674704400000,"end_time":1674704459000},{"heart_rate":84,"heart_rate_max":90,"heart_rate_min":78,"start_time":1674704340000,"end_time":1674704399000},{"heart_rate":87,"heart_rate_max":91,"heart_rate_min":86,"start_time":1674704280000,"end_time":1674704339000},{"heart_rate":74,"heart_rate_max":79,"heart_rate_min":71,"start_time":1674704220000,"end_time":1674704279000},{"heart_rate":73,"heart_rate_max":80,"heart_rate_min":70,"start_time":1674704160000,"end_time":1674704219000},{"heart_rate":77,"heart_rate_max":80,"heart_rate_min":74,"start_time":1674704100000,"end_time":1674704159000},{"heart_rate":78,"heart_rate_max":84,"heart_rate_min":74,"start_time":1674704040000,"end_time":1674704099000},{"heart_rate":75,"heart_rate_max":79,"heart_rate_min":73,"start_time":1674703980000,"end_time":1674704039000},{"heart_rate":76,"heart_rate_max":82,"heart_rate_min":72,"start_time":1674703920000,"end_time":1674703979000},{"heart_rate":81,"heart_rate_max":87,"heart_rate_min":73,"start_time":1674703860000,"end_time":1674703919000},{"heart_rate":75,"heart_rate_max":77,"heart_rate_min":71,"start_time":1674703800000,"end_time":1674703859000},{"heart_rate":76,"heart_rate_max":78,"heart_rate_min":73,"start_time":1674703740000,"end_time":1674703799000},{"heart_rate":73,"heart_rate_max":76,"heart_rate_min":72,"start_time":1674703680000,"end_time":1674703739000},{"heart_rate":74,"heart_rate_max":81,"heart_rate_min":70,"start_time":1674703620000,"end_time":1674703679000},{"heart_rate":73,"heart_rate_max":80,"heart_rate_min":71,"start_time":1674703560000,"end_time":1674703619000},{"heart_rate":79,"heart_rate_max":88,"heart_rate_min":73,"start_time":1674703500000,"end_time":1674703559000},{"heart_rate":81,"heart_rate_max":84,"heart_rate_min":79,"start_time":1674703440000,"end_time":1674703499000},{"heart_rate":79,"heart_rate_max":82,"heart_rate_min":76,"start_time":1674703380000,"end_time":1674703439000},{"heart_rate":79,"heart_rate_max":82,"heart_rate_min":76,"start_time":1674703320000,"end_time":1674703379000},{"heart_rate":83,"heart_rate_max":89,"heart_rate_min":78,"start_time":1674703260000,"end_time":1674703319000},{"heart_rate":81,"heart_rate_max":84,"heart_rate_min":79,"start_time":1674703200000,"end_time":1674703259000},{"heart_rate":82,"heart_rate_max":88,"heart_rate_min":78,"start_time":1674703140000,"end_time":1674703199000},{"heart_rate":78,"heart_rate_max":84,"heart_rate_min":76,"start_time":1674703080000,"end_time":1674703139000},{"heart_rate":79,"heart_rate_max":81,"heart_rate_min":76,"start_time":1674703020000,"end_time":1674703079000},{"heart_rate":79,"heart_rate_max":83,"heart_rate_min":76,"start_time":1674702960000,"end_time":1674703019000},{"heart_rate":79,"heart_rate_max":82,"heart_rate_min":77,"start_time":1674702900000,"end_time":1674702959000},{"heart_rate":81,"heart_rate_max":84,"heart_rate_min":79,"start_time":1674702840000,"end_time":1674702899000},{"heart_rate":81,"heart_rate_max":85,"heart_rate_min":79,"start_time":1674702780000,"end_time":1674702839000},{"heart_rate":79,"heart_rate_max":81,"heart_rate_min":77,"start_time":1674702720000,"end_time":1674702779000},{"heart_rate":77,"heart_rate_max":80,"heart_rate_min":76,"start_time":1674702660000,"end_time":1674702719000},{"heart_rate":81,"heart_rate_max":87,"heart_rate_min":76,"start_time":1674702600000,"end_time":1674702659000},{"heart_rate":77,"heart_rate_max":83,"heart_rate_min":70,"start_time":1674702540000,"end_time":1674702599000},{"heart_rate":77,"heart_rate_max":89,"heart_rate_min":69,"start_time":1674702480000,"end_time":1674702539000},{"heart_rate":88,"heart_rate_max":93,"heart_rate_min":83,"start_time":1674702420000,"end_time":1674702479000},{"heart_rate":85,"heart_rate_max":90,"heart_rate_min":81,"start_time":1674702360000,"end_time":1674702419000},{"heart_rate":84,"heart_rate_max":90,"heart_rate_min":79,"start_time":1674702300000,"end_time":1674702359000},{"heart_rate":85,"heart_rate_max":86,"heart_rate_min":80,"start_time":1674702240000,"end_time":1674702299000},{"heart_rate":79,"heart_rate_max":84,"heart_rate_min":74,"start_time":1674702180000,"end_time":1674702239000},{"heart_rate":76,"heart_rate_max":83,"heart_rate_min":73,"start_time":1674702120000,"end_time":1674702179000},{"heart_rate":79,"heart_rate_max":84,"heart_rate_min":76,"start_time":1674702060000,"end_time":1674702119000},{"heart_rate":87,"heart_rate_max":89,"heart_rate_min":86,"start_time":1674702000000,"end_time":1674702059000}]