{"mAdaptiveGoal":0,"mIsGoalAchieved":false,"mIsMostActiveAchieved":false,"mMostActiveMinutes":0,"mStreakDayCount":0,"mUnitDataList":[{"distance":55.699997,"mCalorie":3.6499996,"mOthersTime":0,"mRunTime":0,"mStartTime":9000000,"mTimeUnit":600000,"mWalkTime":50025,"runStep":0,"walkStep":75},{"distance":17.64,"mCalorie":1.1800001,"mOthersTime":0,"mRunTime":0,"mStartTime":15600000,"mTimeUnit":600000,"mWalkTime":16008,"runStep":0,"walkStep":24},{"distance":22.340004,"mCalorie":1.6000004,"mOthersTime":0,"mRunTime":0,"mStartTime":33600000,"mTimeUnit":600000,"mWalkTime":20010,"runStep":0,"walkStep":30},{"distance":20.189915,"mCalorie":1.249998,"mOthersTime":0,"mRunTime":0,"mStartTime":37200000,"mTimeUnit":600000,"mWalkTime":18009,"runStep":0,"walkStep":27},{"distance":11.52,"mCalorie":0.76,"mOthersTime":0,"mRunTime":0,"mStartTime":37800000,"mTimeUnit":600000,"mWalkTime":10672,"runStep":0,"walkStep":16},{"distance":15.869999,"mCalorie":0.94,"mOthersTime":0,"mRunTime":0,"mStartTime":40200000,"mTimeUnit":600000,"mWalkTime":14007,"runStep":0,"walkStep":21},{"distance":14.14,"mCalorie":0.93,"mOthersTime":0,"mRunTime":0,"mStartTime":40800000,"mTimeUnit":600000,"mWalkTime":12673,"runStep":0,"walkStep":19},{"distance":51.28006,"mCalorie":3.3899999,"mOthersTime":0,"mRunTime":0,"mStartTime":42600000,"mTimeUnit":600000,"mWalkTime":46690,"runStep":0,"walkStep":70},{"distance":73.47,"mCalorie":5.1,"mOthersTime":0,"mRunTime":0,"mStartTime":43200000,"mTimeUnit":600000,"mWalkTime":66033,"runStep":0,"walkStep":99},{"distance":7.81,"mCalorie":0.78,"mOthersTime":0,"mRunTime":0,"mStartTime":45000000,"mTimeUnit":600000,"mWalkTime":6670,"runStep":0,"walkStep":10},{"distance":33.98006,"mCalorie":2.1499925,"mOthersTime":0,"mRunTime":0,"mStartTime":46800000,"mTimeUnit":600000,"mWalkTime":29348,"runStep":0,"walkStep":44},{"distance":42.920063,"mCalorie":2.8899984,"mOthersTime":0,"mRunTime":0,"mStartTime":47400000,"mTimeUnit":600000,"mWalkTime":38686,"runStep":0,"walkStep":58},{"distance":309.10004,"mCalorie":25.03,"mOthersTime":0,"mRunTime":0,"mStartTime":48000000,"mTimeUnit":600000,"mWalkTime":264739,"runStep":0,"walkStep":416},{"distance":22.61,"mCalorie":1.4200001,"mOthersTime":0,"mRunTime":0,"mStartTime":48600000,"mTimeUnit":600000,"mWalkTime":20010,"runStep":0,"walkStep":30}],"version":1}