[{"heart_rate":77,"heart_rate_max":79,"heart_rate_min":75,"start_time":1674568740000,"end_time":1674568799000},{"heart_rate":76,"heart_rate_max":81,"heart_rate_min":75,"start_time":1674568680000,"end_time":1674568739000},{"heart_rate":77,"heart_rate_max":81,"heart_rate_min":72,"start_time":1674568620000,"end_time":1674568679000},{"heart_rate":74,"heart_rate_max":79,"heart_rate_min":70,"start_time":1674568560000,"end_time":1674568619000},{"heart_rate":78,"heart_rate_max":85,"heart_rate_min":71,"start_time":1674568500000,"end_time":1674568559000},{"heart_rate":72,"heart_rate_max":78,"heart_rate_min":68,"start_time":1674568440000,"end_time":1674568499000},{"heart_rate":76,"heart_rate_max":80,"heart_rate_min":71,"start_time":1674568380000,"end_time":1674568439000},{"heart_rate":72,"heart_rate_max":80,"heart_rate_min":68,"start_time":1674568320000,"end_time":1674568379000},{"heart_rate":75,"heart_rate_max":81,"heart_rate_min":70,"start_time":1674568260000,"end_time":1674568319000},{"heart_rate":79,"heart_rate_max":83,"heart_rate_min":76,"start_time":1674568200000,"end_time":1674568259000},{"heart_rate":76,"heart_rate_max":78,"heart_rate_min":75,"start_time":1674568140000,"end_time":1674568199000},{"heart_rate":73,"heart_rate_max":76,"heart_rate_min":70,"start_time":1674568080000,"end_time":1674568139000},{"heart_rate":77,"heart_rate_max":82,"heart_rate_min":72,"start_time":1674568020000,"end_time":1674568079000},{"heart_rate":74,"heart_rate_max":79,"heart_rate_min":72,"start_time":1674567960000,"end_time":1674568019000},{"heart_rate":77,"heart_rate_max":83,"heart_rate_min":66,"start_time":1674567900000,"end_time":1674567959000},{"heart_rate":79,"heart_rate_max":87,"heart_rate_min":73,"start_time":1674567840000,"end_time":1674567899000},{"heart_rate":74,"heart_rate_max":82,"heart_rate_min":69,"start_time":1674567780000,"end_time":1674567839000},{"heart_rate":79,"heart_rate_max":83,"heart_rate_min":71,"start_time":1674567720000,"end_time":1674567779000},{"heart_rate":77,"heart_rate_max":84,"heart_rate_min":73,"start_time":1674567660000,"end_time":1674567719000},{"heart_rate":77,"heart_rate_max":82,"heart_rate_min":73,"start_time":1674567600000,"end_time":1674567659000},{"heart_rate":74,"heart_rate_max":81,"heart_rate_min":65,"start_time":1674567540000,"end_time":1674567599000},{"heart_rate":77,"heart_rate_max":86,"heart_rate_min":65,"start_time":1674567480000,"end_time":1674567539000},{"heart_rate":74,"heart_rate_max":81,"heart_rate_min":70,"start_time":1674567420000,"end_time":1674567479000},{"heart_rate":74,"heart_rate_max":87,"heart_rate_min":60,"start_time":1674567360000,"end_time":1674567419000},{"heart_rate":71,"heart_rate_max":77,"heart_rate_min":64,"start_time":1674567300000,"end_time":1674567359000},{"heart_rate":73,"heart_rate_max":81,"heart_rate_min":60,"start_time":1674567240000,"end_time":1674567299000},{"heart_rate":80,"heart_rate_max":87,"heart_rate_min":71,"start_time":1674567180000,"end_time":1674567239000},{"heart_rate":78,"heart_rate_max":84,"heart_rate_min":70,"start_time":1674567120000,"end_time":1674567179000},{"heart_rate":77,"heart_rate_max":85,"heart_rate_min":65,"start_time":1674567060000,"end_time":1674567119000},{"heart_rate":82,"heart_rate_max":86,"heart_rate_min":79,"start_time":1674567000000,"end_time":1674567059000},{"heart_rate":82,"heart_rate_max":84,"heart_rate_min":80,"start_time":1674566940000,"end_time":1674566999000},{"heart_rate":80,"heart_rate_max":85,"heart_rate_min":70,"start_time":1674566880000,"end_time":1674566939000},{"heart_rate":80,"heart_rate_max":83,"heart_rate_min":72,"start_time":1674566820000,"end_time":1674566879000},{"heart_rate":82,"heart_rate_max":84,"heart_rate_min":70,"start_time":1674566760000,"end_time":1674566819000},{"heart_rate":81,"heart_rate_max":84,"heart_rate_min":79,"start_time":1674566700000,"end_time":1674566759000},{"heart_rate":81,"heart_rate_max":84,"heart_rate_min":79,"start_time":1674566640000,"end_time":1674566699000},{"heart_rate":80,"heart_rate_max":84,"heart_rate_min":72,"start_time":1674566580000,"end_time":1674566639000},{"heart_rate":79,"heart_rate_max":83,"heart_rate_min":70,"start_time":1674566520000,"end_time":1674566579000},{"heart_rate":80,"heart_rate_max":84,"heart_rate_min":71,"start_time":1674566460000,"end_time":1674566519000},{"heart_rate":80,"heart_rate_max":83,"heart_rate_min":70,"start_time":1674566400000,"end_time":1674566459000},{"heart_rate":79,"heart_rate_max":84,"heart_rate_min":70,"start_time":1674566340000,"end_time":1674566399000},{"heart_rate":81,"heart_rate_max":84,"heart_rate_min":79,"start_time":1674566280000,"end_time":1674566339000},{"heart_rate":81,"heart_rate_max":84,"heart_rate_min":79,"start_time":1674566220000,"end_time":1674566279000},{"heart_rate":76,"heart_rate_max":83,"heart_rate_min":65,"start_time":1674566160000,"end_time":1674566219000},{"heart_rate":77,"heart_rate_max":82,"heart_rate_min":64,"start_time":1674566100000,"end_time":1674566159000},{"heart_rate":78,"heart_rate_max":84,"heart_rate_min":71,"start_time":1674566040000,"end_time":1674566099000},{"heart_rate":80,"heart_rate_max":84,"heart_rate_min":70,"start_time":1674565980000,"end_time":1674566039000},{"heart_rate":78,"heart_rate_max":85,"heart_rate_min":70,"start_time":1674565920000,"end_time":1674565979000},{"heart_rate":79,"heart_rate_max":86,"heart_rate_min":70,"start_time":1674565860000,"end_time":1674565919000},{"heart_rate":78,"heart_rate_max":85,"heart_rate_min":69,"start_time":1674565800000,"end_time":1674565859000},{"heart_rate":82,"heart_rate_max":87,"heart_rate_min":70,"start_time":1674565740000,"end_time":1674565799000},{"heart_rate":80,"heart_rate_max":84,"heart_rate_min":70,"start_time":1674565680000,"end_time":1674565739000},{"heart_rate":83,"heart_rate_max":86,"heart_rate_min":81,"start_time":1674565620000,"end_time":1674565679000},{"heart_rate":80,"heart_rate_max":84,"heart_rate_min":72,"start_time":1674565560000,"end_time":1674565619000},{"heart_rate":82,"heart_rate_max":85,"heart_rate_min":70,"start_time":1674565500000,"end_time":1674565559000},{"heart_rate":80,"heart_rate_max":84,"heart_rate_min":69,"start_time":1674565440000,"end_time":1674565499000},{"heart_rate":80,"heart_rate_max":84,"heart_rate_min":71,"start_time":1674565380000,"end_time":1674565439000},{"heart_rate":80,"heart_rate_max":85,"heart_rate_min":70,"start_time":1674565320000,"end_time":1674565379000},{"heart_rate":80,"heart_rate_max":86,"heart_rate_min":70,"start_time":1674565260000,"end_time":1674565319000},{"heart_rate":79,"heart_rate_max":84,"heart_rate_min":70,"start_time":1674565200000,"end_time":1674565259000}]