[{"heart_rate":69,"heart_rate_max":88,"heart_rate_min":65,"start_time":1674651540000,"end_time":1674651599000},{"heart_rate":76,"heart_rate_max":89,"heart_rate_min":68,"start_time":1674651480000,"end_time":1674651539000},{"heart_rate":65,"heart_rate_max":71,"heart_rate_min":61,"start_time":1674651420000,"end_time":1674651479000},{"heart_rate":64,"heart_rate_max":73,"heart_rate_min":60,"start_time":1674651360000,"end_time":1674651419000},{"heart_rate":74,"heart_rate_max":78,"heart_rate_min":72,"start_time":1674651300000,"end_time":1674651359000},{"heart_rate":74,"heart_rate_max":76,"heart_rate_min":71,"start_time":1674651240000,"end_time":1674651299000},{"heart_rate":71,"heart_rate_max":77,"heart_rate_min":62,"start_time":1674651180000,"end_time":1674651239000},{"heart_rate":68,"heart_rate_max":73,"heart_rate_min":55,"start_time":1674651120000,"end_time":1674651179000},{"heart_rate":63,"heart_rate_max":69,"heart_rate_min":59,"start_time":1674651060000,"end_time":1674651119000},{"heart_rate":68,"heart_rate_max":77,"heart_rate_min":53,"start_time":1674651000000,"end_time":1674651059000},{"heart_rate":68,"heart_rate_max":73,"heart_rate_min":64,"start_time":1674650940000,"end_time":1674650999000},{"heart_rate":76,"heart_rate_max":80,"heart_rate_min":70,"start_time":1674650880000,"end_time":1674650939000},{"heart_rate":70,"heart_rate_max":74,"heart_rate_min":66,"start_time":1674650820000,"end_time":1674650879000},{"heart_rate":70,"heart_rate_max":77,"heart_rate_min":68,"start_time":1674650760000,"end_time":1674650819000},{"heart_rate":70,"heart_rate_max":79,"heart_rate_min":59,"start_time":1674650700000,"end_time":1674650759000},{"heart_rate":63,"heart_rate_max":76,"heart_rate_min":55,"start_time":1674650640000,"end_time":1674650699000},{"heart_rate":70,"heart_rate_max":77,"heart_rate_min":64,"start_time":1674650580000,"end_time":1674650639000},{"heart_rate":73,"heart_rate_max":76,"heart_rate_min":70,"start_time":1674650520000,"end_time":1674650579000},{"heart_rate":72,"heart_rate_max":76,"heart_rate_min":70,"start_time":1674650460000,"end_time":1674650519000},{"heart_rate":71,"heart_rate_max":76,"heart_rate_min":65,"start_time":1674650400000,"end_time":1674650459000},{"heart_rate":68,"heart_rate_max":74,"heart_rate_min":60,"start_time":1674650340000,"end_time":1674650399000},{"heart_rate":66,"heart_rate_max":75,"heart_rate_min":55,"start_time":1674650280000,"end_time":1674650339000},{"heart_rate":66,"heart_rate_max":70,"heart_rate_min":60,"start_time":1674650220000,"end_time":1674650279000},{"heart_rate":66,"heart_rate_max":69,"heart_rate_min":64,"start_time":1674650160000,"end_time":1674650219000},{"heart_rate":65,"heart_rate_max":70,"heart_rate_min":60,"start_time":1674650100000,"end_time":1674650159000},{"heart_rate":66,"heart_rate_max":75,"heart_rate_min":58,"start_time":1674650040000,"end_time":1674650099000},{"heart_rate":66,"heart_rate_max":72,"heart_rate_min":61,"start_time":1674649980000,"end_time":1674650039000},{"heart_rate":67,"heart_rate_max":76,"heart_rate_min":59,"start_time":1674649920000,"end_time":1674649979000},{"heart_rate":75,"heart_rate_max":81,"heart_rate_min":68,"start_time":1674649860000,"end_time":1674649919000},{"heart_rate":79,"heart_rate_max":92,"heart_rate_min":61,"start_time":1674649800000,"end_time":1674649859000},{"heart_rate":71,"heart_rate_max":77,"heart_rate_min":60,"start_time":1674649740000,"end_time":1674649799000},{"heart_rate":65,"heart_rate_max":71,"heart_rate_min":56,"start_time":1674649680000,"end_time":1674649739000},{"heart_rate":68,"heart_rate_max":84,"heart_rate_min":64,"start_time":1674649620000,"end_time":1674649679000},{"heart_rate":71,"heart_rate_max":77,"heart_rate_min":65,"start_time":1674649560000,"end_time":1674649619000},{"heart_rate":76,"heart_rate_max":79,"heart_rate_min":74,"start_time":1674649500000,"end_time":1674649559000},{"heart_rate":75,"heart_rate_max":79,"heart_rate_min":72,"start_time":1674649440000,"end_time":1674649499000},{"heart_rate":74,"heart_rate_max":77,"heart_rate_min":73,"start_time":1674649380000,"end_time":1674649439000},{"heart_rate":72,"heart_rate_max":76,"heart_rate_min":70,"start_time":1674649320000,"end_time":1674649379000},{"heart_rate":75,"heart_rate_max":78,"heart_rate_min":71,"start_time":1674649260000,"end_time":1674649319000},{"heart_rate":75,"heart_rate_max":79,"heart_rate_min":67,"start_time":1674649200000,"end_time":1674649259000},{"heart_rate":74,"heart_rate_max":79,"heart_rate_min":65,"start_time":1674649140000,"end_time":1674649199000},{"heart_rate":75,"heart_rate_max":79,"heart_rate_min":66,"start_time":1674649080000,"end_time":1674649139000},{"heart_rate":75,"heart_rate_max":78,"heart_rate_min":65,"start_time":1674649020000,"end_time":1674649079000},{"heart_rate":76,"heart_rate_max":79,"heart_rate_min":74,"start_time":1674648960000,"end_time":1674649019000},{"heart_rate":76,"heart_rate_max":78,"heart_rate_min":74,"start_time":1674648900000,"end_time":1674648959000},{"heart_rate":76,"heart_rate_max":80,"heart_rate_min":74,"start_time":1674648840000,"end_time":1674648899000},{"heart_rate":77,"heart_rate_max":81,"heart_rate_min":74,"start_time":1674648780000,"end_time":1674648839000},{"heart_rate":74,"heart_rate_max":78,"heart_rate_min":65,"start_time":1674648720000,"end_time":1674648779000},{"heart_rate":74,"heart_rate_max":76,"heart_rate_min":72,"start_time":1674648660000,"end_time":1674648719000},{"heart_rate":76,"heart_rate_max":80,"heart_rate_min":71,"start_time":1674648600000,"end_time":1674648659000},{"heart_rate":74,"heart_rate_max":76,"heart_rate_min":71,"start_time":1674648540000,"end_time":1674648599000},{"heart_rate":74,"heart_rate_max":76,"heart_rate_min":73,"start_time":1674648480000,"end_time":1674648539000},{"heart_rate":73,"heart_rate_max":76,"heart_rate_min":71,"start_time":1674648420000,"end_time":1674648479000},{"heart_rate":71,"heart_rate_max":76,"heart_rate_min":60,"start_time":1674648360000,"end_time":1674648419000},{"heart_rate":71,"heart_rate_max":76,"heart_rate_min":60,"start_time":1674648300000,"end_time":1674648359000},{"heart_rate":73,"heart_rate_max":77,"heart_rate_min":70,"start_time":1674648240000,"end_time":1674648299000},{"heart_rate":72,"heart_rate_max":74,"heart_rate_min":70,"start_time":1674648180000,"end_time":1674648239000},{"heart_rate":74,"heart_rate_max":76,"heart_rate_min":71,"start_time":1674648120000,"end_time":1674648179000},{"heart_rate":72,"heart_rate_max":75,"heart_rate_min":70,"start_time":1674648060000,"end_time":1674648119000},{"heart_rate":72,"heart_rate_max":75,"heart_rate_min":70,"start_time":1674648000000,"end_time":1674648059000}]