[{"heart_rate":61,"heart_rate_max":66,"heart_rate_min":58,"start_time":1674673140000,"end_time":1674673199000},{"heart_rate":62,"heart_rate_max":65,"heart_rate_min":60,"start_time":1674673080000,"end_time":1674673139000},{"heart_rate":62,"heart_rate_max":68,"heart_rate_min":58,"start_time":1674673020000,"end_time":1674673079000},{"heart_rate":63,"heart_rate_max":68,"heart_rate_min":60,"start_time":1674672960000,"end_time":1674673019000},{"heart_rate":61,"heart_rate_max":66,"heart_rate_min":57,"start_time":1674672900000,"end_time":1674672959000},{"heart_rate":62,"heart_rate_max":66,"heart_rate_min":56,"start_time":1674672840000,"end_time":1674672899000},{"heart_rate":61,"heart_rate_max":64,"heart_rate_min":59,"start_time":1674672780000,"end_time":1674672839000},{"heart_rate":61,"heart_rate_max":78,"heart_rate_min":52,"start_time":1674672720000,"end_time":1674672779000},{"heart_rate":62,"heart_rate_max":67,"heart_rate_min":60,"start_time":1674672660000,"end_time":1674672719000},{"heart_rate":59,"heart_rate_max":66,"heart_rate_min":56,"start_time":1674672600000,"end_time":1674672659000},{"heart_rate":59,"heart_rate_max":64,"heart_rate_min":57,"start_time":1674672540000,"end_time":1674672599000},{"heart_rate":59,"heart_rate_max":65,"heart_rate_min":56,"start_time":1674672480000,"end_time":1674672539000},{"heart_rate":60,"heart_rate_max":65,"heart_rate_min":55,"start_time":1674672420000,"end_time":1674672479000},{"heart_rate":58,"heart_rate_max":63,"heart_rate_min":55,"start_time":1674672360000,"end_time":1674672419000},{"heart_rate":59,"heart_rate_max":64,"heart_rate_min":56,"start_time":1674672300000,"end_time":1674672359000},{"heart_rate":58,"heart_rate_max":65,"heart_rate_min":54,"start_time":1674672240000,"end_time":1674672299000},{"heart_rate":59,"heart_rate_max":65,"heart_rate_min":56,"start_time":1674672180000,"end_time":1674672239000},{"heart_rate":59,"heart_rate_max":63,"heart_rate_min":56,"start_time":1674672120000,"end_time":1674672179000},{"heart_rate":60,"heart_rate_max":67,"heart_rate_min":55,"start_time":1674672060000,"end_time":1674672119000},{"heart_rate":66,"heart_rate_max":78,"heart_rate_min":56,"start_time":1674672000000,"end_time":1674672059000},{"heart_rate":63,"heart_rate_max":71,"heart_rate_min":53,"start_time":1674671940000,"end_time":1674671999000},{"heart_rate":62,"heart_rate_max":67,"heart_rate_min":59,"start_time":1674671880000,"end_time":1674671939000},{"heart_rate":66,"heart_rate_max":72,"heart_rate_min":60,"start_time":1674671820000,"end_time":1674671879000},{"heart_rate":63,"heart_rate_max":70,"heart_rate_min":59,"start_time":1674671760000,"end_time":1674671819000},{"heart_rate":63,"heart_rate_max":69,"heart_rate_min":60,"start_time":1674671700000,"end_time":1674671759000},{"heart_rate":62,"heart_rate_max":67,"heart_rate_min":58,"start_time":1674671640000,"end_time":1674671699000},{"heart_rate":59,"heart_rate_max":63,"heart_rate_min":56,"start_time":1674671580000,"end_time":1674671639000},{"heart_rate":60,"heart_rate_max":67,"heart_rate_min":55,"start_time":1674671520000,"end_time":1674671579000},{"heart_rate":61,"heart_rate_max":68,"heart_rate_min":56,"start_time":1674671460000,"end_time":1674671519000},{"heart_rate":59,"heart_rate_max":66,"heart_rate_min":56,"start_time":1674671400000,"end_time":1674671459000},{"heart_rate":66,"heart_rate_max":80,"heart_rate_min":55,"start_time":1674671340000,"end_time":1674671399000},{"heart_rate":68,"heart_rate_max":84,"heart_rate_min":60,"start_time":1674671280000,"end_time":1674671339000},{"heart_rate":71,"heart_rate_max":82,"heart_rate_min":67,"start_time":1674671220000,"end_time":1674671279000},{"heart_rate":69,"heart_rate_max":72,"heart_rate_min":67,"start_time":1674671160000,"end_time":1674671219000},{"heart_rate":66,"heart_rate_max":69,"heart_rate_min":58,"start_time":1674671100000,"end_time":1674671159000},{"heart_rate":67,"heart_rate_max":70,"heart_rate_min":55,"start_time":1674671040000,"end_time":1674671099000},{"heart_rate":66,"heart_rate_max":72,"heart_rate_min":54,"start_time":1674670980000,"end_time":1674671039000},{"heart_rate":67,"heart_rate_max":70,"heart_rate_min":65,"start_time":1674670920000,"end_time":1674670979000},{"heart_rate":66,"heart_rate_max":69,"heart_rate_min":64,"start_time":1674670860000,"end_time":1674670919000},{"heart_rate":68,"heart_rate_max":70,"heart_rate_min":66,"start_time":1674670800000,"end_time":1674670859000},{"heart_rate":66,"heart_rate_max":69,"heart_rate_min":63,"start_time":1674670740000,"end_time":1674670799000},{"heart_rate":65,"heart_rate_max":67,"heart_rate_min":63,"start_time":1674670680000,"end_time":1674670739000},{"heart_rate":63,"heart_rate_max":66,"heart_rate_min":60,"start_time":1674670620000,"end_time":1674670679000},{"heart_rate":61,"heart_rate_max":63,"heart_rate_min":60,"start_time":1674670560000,"end_time":1674670619000},{"heart_rate":61,"heart_rate_max":64,"heart_rate_min":60,"start_time":1674670500000,"end_time":1674670559000},{"heart_rate":62,"heart_rate_max":65,"heart_rate_min":60,"start_time":1674670440000,"end_time":1674670499000},{"heart_rate":61,"heart_rate_max":65,"heart_rate_min":58,"start_time":1674670380000,"end_time":1674670439000},{"heart_rate":61,"heart_rate_max":65,"heart_rate_min":58,"start_time":1674670320000,"end_time":1674670379000},{"heart_rate":60,"heart_rate_max":64,"heart_rate_min":58,"start_time":1674670260000,"end_time":1674670319000},{"heart_rate":60,"heart_rate_max":64,"heart_rate_min":57,"start_time":1674670200000,"end_time":1674670259000},{"heart_rate":60,"heart_rate_max":64,"heart_rate_min":57,"start_time":1674670140000,"end_time":1674670199000},{"heart_rate":59,"heart_rate_max":64,"heart_rate_min":57,"start_time":1674670080000,"end_time":1674670139000},{"heart_rate":59,"heart_rate_max":62,"heart_rate_min":57,"start_time":1674670020000,"end_time":1674670079000},{"heart_rate":58,"heart_rate_max":63,"heart_rate_min":56,"start_time":1674669960000,"end_time":1674670019000},{"heart_rate":58,"heart_rate_max":62,"heart_rate_min":56,"start_time":1674669900000,"end_time":1674669959000},{"heart_rate":56,"heart_rate_max":61,"heart_rate_min":53,"start_time":1674669840000,"end_time":1674669899000},{"heart_rate":54,"heart_rate_max":71,"heart_rate_min":52,"start_time":1674669780000,"end_time":1674669839000},{"heart_rate":56,"heart_rate_max":70,"heart_rate_min":52,"start_time":1674669720000,"end_time":1674669779000},{"heart_rate":54,"heart_rate_max":60,"heart_rate_min":51,"start_time":1674669660000,"end_time":1674669719000},{"heart_rate":55,"heart_rate_max":58,"heart_rate_min":52,"start_time":1674669600000,"end_time":1674669659000}]