[{"heart_rate":53,"heart_rate_max":58,"heart_rate_min":51,"start_time":1674669540000,"end_time":1674669599000},{"heart_rate":54,"heart_rate_max":59,"heart_rate_min":52,"start_time":1674669480000,"end_time":1674669539000},{"heart_rate":55,"heart_rate_max":61,"heart_rate_min":52,"start_time":1674669420000,"end_time":1674669479000},{"heart_rate":57,"heart_rate_max":64,"heart_rate_min":53,"start_time":1674669360000,"end_time":1674669419000},{"heart_rate":60,"heart_rate_max":67,"heart_rate_min":56,"start_time":1674669300000,"end_time":1674669359000},{"heart_rate":67,"heart_rate_max":76,"heart_rate_min":61,"start_time":1674669240000,"end_time":1674669299000},{"heart_rate":64,"heart_rate_max":69,"heart_rate_min":59,"start_time":1674669180000,"end_time":1674669239000},{"heart_rate":60,"heart_rate_max":64,"heart_rate_min":58,"start_time":1674669120000,"end_time":1674669179000},{"heart_rate":63,"heart_rate_max":67,"heart_rate_min":55,"start_time":1674669060000,"end_time":1674669119000},{"heart_rate":61,"heart_rate_max":64,"heart_rate_min":58,"start_time":1674669000000,"end_time":1674669059000},{"heart_rate":56,"heart_rate_max":60,"heart_rate_min":54,"start_time":1674668940000,"end_time":1674668999000},{"heart_rate":61,"heart_rate_max":67,"heart_rate_min":59,"start_time":1674668880000,"end_time":1674668939000},{"heart_rate":56,"heart_rate_max":69,"heart_rate_min":51,"start_time":1674668820000,"end_time":1674668879000},{"heart_rate":61,"heart_rate_max":68,"heart_rate_min":58,"start_time":1674668760000,"end_time":1674668819000},{"heart_rate":62,"heart_rate_max":66,"heart_rate_min":58,"start_time":1674668700000,"end_time":1674668759000},{"heart_rate":58,"heart_rate_max":63,"heart_rate_min":54,"start_time":1674668640000,"end_time":1674668699000},{"heart_rate":61,"heart_rate_max":67,"heart_rate_min":55,"start_time":1674668580000,"end_time":1674668639000},{"heart_rate":57,"heart_rate_max":64,"heart_rate_min":54,"start_time":1674668520000,"end_time":1674668579000},{"heart_rate":61,"heart_rate_max":68,"heart_rate_min":57,"start_time":1674668460000,"end_time":1674668519000},{"heart_rate":63,"heart_rate_max":67,"heart_rate_min":55,"start_time":1674668400000,"end_time":1674668459000},{"heart_rate":62,"heart_rate_max":68,"heart_rate_min":55,"start_time":1674668340000,"end_time":1674668399000},{"heart_rate":57,"heart_rate_max":61,"heart_rate_min":54,"start_time":1674668280000,"end_time":1674668339000},{"heart_rate":56,"heart_rate_max":60,"heart_rate_min":52,"start_time":1674668220000,"end_time":1674668279000},{"heart_rate":56,"heart_rate_max":62,"heart_rate_min":52,"start_time":1674668160000,"end_time":1674668219000},{"heart_rate":61,"heart_rate_max":64,"heart_rate_min":60,"start_time":1674668100000,"end_time":1674668159000},{"heart_rate":56,"heart_rate_max":62,"heart_rate_min":53,"start_time":1674668040000,"end_time":1674668099000},{"heart_rate":62,"heart_rate_max":67,"heart_rate_min":58,"start_time":1674667980000,"end_time":1674668039000},{"heart_rate":58,"heart_rate_max":62,"heart_rate_min":55,"start_time":1674667920000,"end_time":1674667979000},{"heart_rate":59,"heart_rate_max":61,"heart_rate_min":57,"start_time":1674667860000,"end_time":1674667919000},{"heart_rate":58,"heart_rate_max":61,"heart_rate_min":53,"start_time":1674667800000,"end_time":1674667859000},{"heart_rate":59,"heart_rate_max":62,"heart_rate_min":58,"start_time":1674667740000,"end_time":1674667799000},{"heart_rate":56,"heart_rate_max":61,"heart_rate_min":53,"start_time":1674667680000,"end_time":1674667739000},{"heart_rate":58,"heart_rate_max":62,"heart_rate_min":55,"start_time":1674667620000,"end_time":1674667679000},{"heart_rate":66,"heart_rate_max":79,"heart_rate_min":58,"start_time":1674667560000,"end_time":1674667619000},{"heart_rate":57,"heart_rate_max":61,"heart_rate_min":53,"start_time":1674667500000,"end_time":1674667559000},{"heart_rate":57,"heart_rate_max":62,"heart_rate_min":53,"start_time":1674667440000,"end_time":1674667499000},{"heart_rate":57,"heart_rate_max":62,"heart_rate_min":53,"start_time":1674667380000,"end_time":1674667439000},{"heart_rate":60,"heart_rate_max":65,"heart_rate_min":58,"start_time":1674667320000,"end_time":1674667379000},{"heart_rate":60,"heart_rate_max":64,"heart_rate_min":57,"start_time":1674667260000,"end_time":1674667319000},{"heart_rate":60,"heart_rate_max":63,"heart_rate_min":59,"start_time":1674667200000,"end_time":1674667259000},{"heart_rate":63,"heart_rate_max":92,"heart_rate_min":55,"start_time":1674667140000,"end_time":1674667199000},{"heart_rate":67,"heart_rate_max":93,"heart_rate_min":57,"start_time":1674667080000,"end_time":1674667139000},{"heart_rate":63,"heart_rate_max":69,"heart_rate_min":59,"start_time":1674667020000,"end_time":1674667079000},{"heart_rate":61,"heart_rate_max":64,"heart_rate_min":59,"start_time":1674666960000,"end_time":1674667019000},{"heart_rate":61,"heart_rate_max":67,"heart_rate_min":54,"start_time":1674666900000,"end_time":1674666959000},{"heart_rate":61,"heart_rate_max":65,"heart_rate_min":55,"start_time":1674666840000,"end_time":1674666899000},{"heart_rate":62,"heart_rate_max":67,"heart_rate_min":55,"start_time":1674666780000,"end_time":1674666839000},{"heart_rate":66,"heart_rate_max":70,"heart_rate_min":64,"start_time":1674666720000,"end_time":1674666779000},{"heart_rate":61,"heart_rate_max":67,"heart_rate_min":54,"start_time":1674666660000,"end_time":1674666719000},{"heart_rate":64,"heart_rate_max":69,"heart_rate_min":54,"start_time":1674666600000,"end_time":1674666659000},{"heart_rate":62,"heart_rate_max":66,"heart_rate_min":56,"start_time":1674666540000,"end_time":1674666599000},{"heart_rate":63,"heart_rate_max":67,"heart_rate_min":59,"start_time":1674666480000,"end_time":1674666539000},{"heart_rate":62,"heart_rate_max":66,"heart_rate_min":54,"start_time":1674666420000,"end_time":1674666479000},{"heart_rate":64,"heart_rate_max":65,"heart_rate_min":59,"start_time":1674666360000,"end_time":1674666419000},{"heart_rate":60,"heart_rate_max":64,"heart_rate_min":58,"start_time":1674666300000,"end_time":1674666359000},{"heart_rate":62,"heart_rate_max":74,"heart_rate_min":55,"start_time":1674666240000,"end_time":1674666299000},{"heart_rate":61,"heart_rate_max":65,"heart_rate_min":56,"start_time":1674666180000,"end_time":1674666239000},{"heart_rate":63,"heart_rate_max":68,"heart_rate_min":55,"start_time":1674666120000,"end_time":1674666179000},{"heart_rate":63,"heart_rate_max":68,"heart_rate_min":62,"start_time":1674666060000,"end_time":1674666119000},{"heart_rate":61,"heart_rate_max":65,"heart_rate_min":55,"start_time":1674666000000,"end_time":1674666059000}]