[{"heart_rate":64,"heart_rate_max":70,"heart_rate_min":55,"start_time":1674658740000,"end_time":1674658799000},{"heart_rate":61,"heart_rate_max":65,"heart_rate_min":56,"start_time":1674658680000,"end_time":1674658739000},{"heart_rate":66,"heart_rate_max":73,"heart_rate_min":60,"start_time":1674658620000,"end_time":1674658679000},{"heart_rate":62,"heart_rate_max":65,"heart_rate_min":59,"start_time":1674658560000,"end_time":1674658619000},{"heart_rate":64,"heart_rate_max":69,"heart_rate_min":56,"start_time":1674658500000,"end_time":1674658559000},{"heart_rate":66,"heart_rate_max":79,"heart_rate_min":58,"start_time":1674658440000,"end_time":1674658499000},{"heart_rate":74,"heart_rate_max":78,"heart_rate_min":70,"start_time":1674658380000,"end_time":1674658439000},{"heart_rate":62,"heart_rate_max":69,"heart_rate_min":57,"start_time":1674658320000,"end_time":1674658379000},{"heart_rate":66,"heart_rate_max":79,"heart_rate_min":56,"start_time":1674658260000,"end_time":1674658319000},{"heart_rate":68,"heart_rate_max":75,"heart_rate_min":55,"start_time":1674658200000,"end_time":1674658259000},{"heart_rate":66,"heart_rate_max":70,"heart_rate_min":64,"start_time":1674658140000,"end_time":1674658199000},{"heart_rate":65,"heart_rate_max":69,"heart_rate_min":63,"start_time":1674658080000,"end_time":1674658139000},{"heart_rate":67,"heart_rate_max":72,"heart_rate_min":60,"start_time":1674658020000,"end_time":1674658079000},{"heart_rate":65,"heart_rate_max":70,"heart_rate_min":62,"start_time":1674657960000,"end_time":1674658019000},{"heart_rate":65,"heart_rate_max":69,"heart_rate_min":64,"start_time":1674657900000,"end_time":1674657959000},{"heart_rate":63,"heart_rate_max":68,"heart_rate_min":60,"start_time":1674657840000,"end_time":1674657899000},{"heart_rate":57,"heart_rate_max":65,"heart_rate_min":54,"start_time":1674657780000,"end_time":1674657839000},{"heart_rate":60,"heart_rate_max":73,"heart_rate_min":53,"start_time":1674657720000,"end_time":1674657779000},{"heart_rate":71,"heart_rate_max":74,"heart_rate_min":69,"start_time":1674657660000,"end_time":1674657719000},{"heart_rate":67,"heart_rate_max":70,"heart_rate_min":66,"start_time":1674657600000,"end_time":1674657659000},{"heart_rate":65,"heart_rate_max":69,"heart_rate_min":61,"start_time":1674657540000,"end_time":1674657599000},{"heart_rate":63,"heart_rate_max":67,"heart_rate_min":61,"start_time":1674657480000,"end_time":1674657539000},{"heart_rate":64,"heart_rate_max":67,"heart_rate_min":62,"start_time":1674657420000,"end_time":1674657479000},{"heart_rate":62,"heart_rate_max":67,"heart_rate_min":55,"start_time":1674657360000,"end_time":1674657419000},{"heart_rate":62,"heart_rate_max":66,"heart_rate_min":58,"start_time":1674657300000,"end_time":1674657359000},{"heart_rate":65,"heart_rate_max":71,"heart_rate_min":55,"start_time":1674657240000,"end_time":1674657299000},{"heart_rate":59,"heart_rate_max":64,"heart_rate_min":53,"start_time":1674657180000,"end_time":1674657239000},{"heart_rate":61,"heart_rate_max":68,"heart_rate_min":58,"start_time":1674657120000,"end_time":1674657179000},{"heart_rate":60,"heart_rate_max":64,"heart_rate_min":56,"start_time":1674657060000,"end_time":1674657119000},{"heart_rate":59,"heart_rate_max":65,"heart_rate_min":55,"start_time":1674657000000,"end_time":1674657059000},{"heart_rate":59,"heart_rate_max":65,"heart_rate_min":55,"start_time":1674656940000,"end_time":1674656999000},{"heart_rate":59,"heart_rate_max":66,"heart_rate_min":50,"start_time":1674656880000,"end_time":1674656939000},{"heart_rate":57,"heart_rate_max":66,"heart_rate_min":49,"start_time":1674656820000,"end_time":1674656879000},{"heart_rate":66,"heart_rate_max":70,"heart_rate_min":65,"start_time":1674656760000,"end_time":1674656819000},{"heart_rate":67,"heart_rate_max":72,"heart_rate_min":64,"start_time":1674656700000,"end_time":1674656759000},{"heart_rate":68,"heart_rate_max":72,"heart_rate_min":66,"start_time":1674656640000,"end_time":1674656699000},{"heart_rate":64,"heart_rate_max":69,"heart_rate_min":59,"start_time":1674656580000,"end_time":1674656639000},{"heart_rate":64,"heart_rate_max":68,"heart_rate_min":61,"start_time":1674656520000,"end_time":1674656579000},{"heart_rate":59,"heart_rate_max":62,"heart_rate_min":56,"start_time":1674656460000,"end_time":1674656519000},{"heart_rate":57,"heart_rate_max":64,"heart_rate_min":52,"start_time":1674656400000,"end_time":1674656459000},{"heart_rate":60,"heart_rate_max":64,"heart_rate_min":52,"start_time":1674656340000,"end_time":1674656399000},{"heart_rate":57,"heart_rate_max":67,"heart_rate_min":50,"start_time":1674656280000,"end_time":1674656339000},{"heart_rate":60,"heart_rate_max":67,"heart_rate_min":57,"start_time":1674656220000,"end_time":1674656279000},{"heart_rate":58,"heart_rate_max":63,"heart_rate_min":54,"start_time":1674656160000,"end_time":1674656219000},{"heart_rate":63,"heart_rate_max":70,"heart_rate_min":58,"start_time":1674656100000,"end_time":1674656159000},{"heart_rate":68,"heart_rate_max":72,"heart_rate_min":64,"start_time":1674656040000,"end_time":1674656099000},{"heart_rate":68,"heart_rate_max":70,"heart_rate_min":65,"start_time":1674655980000,"end_time":1674656039000},{"heart_rate":73,"heart_rate_max":88,"heart_rate_min":63,"start_time":1674655920000,"end_time":1674655979000},{"heart_rate":69,"heart_rate_max":75,"heart_rate_min":59,"start_time":1674655860000,"end_time":1674655919000},{"heart_rate":68,"heart_rate_max":73,"heart_rate_min":59,"start_time":1674655800000,"end_time":1674655859000},{"heart_rate":72,"heart_rate_max":80,"heart_rate_min":64,"start_time":1674655740000,"end_time":1674655799000},{"heart_rate":70,"heart_rate_max":85,"heart_rate_min":59,"start_time":1674655680000,"end_time":1674655739000},{"heart_rate":68,"heart_rate_max":78,"heart_rate_min":59,"start_time":1674655620000,"end_time":1674655679000},{"heart_rate":72,"heart_rate_max":81,"heart_rate_min":63,"start_time":1674655560000,"end_time":1674655619000},{"heart_rate":67,"heart_rate_max":75,"heart_rate_min":56,"start_time":1674655500000,"end_time":1674655559000},{"heart_rate":67,"heart_rate_max":74,"heart_rate_min":60,"start_time":1674655440000,"end_time":1674655499000},{"heart_rate":69,"heart_rate_max":75,"heart_rate_min":59,"start_time":1674655380000,"end_time":1674655439000},{"heart_rate":74,"heart_rate_max":78,"heart_rate_min":65,"start_time":1674655320000,"end_time":1674655379000},{"heart_rate":67,"heart_rate_max":76,"heart_rate_min":60,"start_time":1674655260000,"end_time":1674655319000},{"heart_rate":73,"heart_rate_max":79,"heart_rate_min":64,"start_time":1674655200000,"end_time":1674655259000}]