[{"heart_rate":95,"heart_rate_max":98,"heart_rate_min":94,"start_time":1674683940000,"end_time":1674683999000},{"heart_rate":99,"heart_rate_max":105,"heart_rate_min":96,"start_time":1674683880000,"end_time":1674683939000},{"heart_rate":94,"heart_rate_max":98,"heart_rate_min":92,"start_time":1674683820000,"end_time":1674683879000},{"heart_rate":96,"heart_rate_max":99,"heart_rate_min":94,"start_time":1674683760000,"end_time":1674683819000},{"heart_rate":101,"heart_rate_max":107,"heart_rate_min":92,"start_time":1674683700000,"end_time":1674683759000},{"heart_rate":90,"heart_rate_max":92,"heart_rate_min":89,"start_time":1674683640000,"end_time":1674683699000},{"heart_rate":98,"heart_rate_max":106,"heart_rate_min":91,"start_time":1674683580000,"end_time":1674683639000},{"heart_rate":95,"heart_rate_max":100,"heart_rate_min":93,"start_time":1674683520000,"end_time":1674683579000},{"heart_rate":94,"heart_rate_max":97,"heart_rate_min":92,"start_time":1674683460000,"end_time":1674683519000},{"heart_rate":93,"heart_rate_max":97,"heart_rate_min":92,"start_time":1674683400000,"end_time":1674683459000},{"heart_rate":95,"heart_rate_max":98,"heart_rate_min":92,"start_time":1674683340000,"end_time":1674683399000},{"heart_rate":94,"heart_rate_max":97,"heart_rate_min":91,"start_time":1674683280000,"end_time":1674683339000},{"heart_rate":96,"heart_rate_max":97,"heart_rate_min":95,"start_time":1674683220000,"end_time":1674683279000},{"heart_rate":96,"heart_rate_max":99,"heart_rate_min":95,"start_time":1674683160000,"end_time":1674683219000},{"heart_rate":92,"heart_rate_max":100,"heart_rate_min":90,"start_time":1674683100000,"end_time":1674683159000},{"heart_rate":97,"heart_rate_max":102,"heart_rate_min":92,"start_time":1674683040000,"end_time":1674683099000},{"heart_rate":90,"heart_rate_max":92,"heart_rate_min":90,"start_time":1674682980000,"end_time":1674683039000},{"heart_rate":92,"heart_rate_max":99,"heart_rate_min":89,"start_time":1674682920000,"end_time":1674682979000},{"heart_rate":91,"heart_rate_max":100,"heart_rate_min":87,"start_time":1674682860000,"end_time":1674682919000},{"heart_rate":92,"heart_rate_max":100,"heart_rate_min":88,"start_time":1674682800000,"end_time":1674682859000},{"heart_rate":92,"heart_rate_max":96,"heart_rate_min":91,"start_time":1674682740000,"end_time":1674682799000},{"heart_rate":92,"heart_rate_max":94,"heart_rate_min":89,"start_time":1674682680000,"end_time":1674682739000},{"heart_rate":92,"heart_rate_max":95,"heart_rate_min":88,"start_time":1674682620000,"end_time":1674682679000},{"heart_rate":96,"heart_rate_max":103,"heart_rate_min":90,"start_time":1674682560000,"end_time":1674682619000},{"heart_rate":96,"heart_rate_max":103,"heart_rate_min":94,"start_time":1674682500000,"end_time":1674682559000},{"heart_rate":95,"heart_rate_max":99,"heart_rate_min":92,"start_time":1674682440000,"end_time":1674682499000},{"heart_rate":96,"heart_rate_max":104,"heart_rate_min":93,"start_time":1674682380000,"end_time":1674682439000},{"heart_rate":93,"heart_rate_max":95,"heart_rate_min":92,"start_time":1674682320000,"end_time":1674682379000},{"heart_rate":95,"heart_rate_max":102,"heart_rate_min":90,"start_time":1674682260000,"end_time":1674682319000},{"heart_rate":95,"heart_rate_max":98,"heart_rate_min":92,"start_time":1674682200000,"end_time":1674682259000},{"heart_rate":92,"heart_rate_max":102,"heart_rate_min":88,"start_time":1674682140000,"end_time":1674682199000},{"heart_rate":84,"heart_rate_max":94,"heart_rate_min":73,"start_time":1674682080000,"end_time":1674682139000},{"heart_rate":88,"heart_rate_max":90,"heart_rate_min":84,"start_time":1674682020000,"end_time":1674682079000},{"heart_rate":87,"heart_rate_max":91,"heart_rate_min":85,"start_time":1674681960000,"end_time":1674682019000},{"heart_rate":91,"heart_rate_max":96,"heart_rate_min":86,"start_time":1674681900000,"end_time":1674681959000},{"heart_rate":98,"heart_rate_max":100,"heart_rate_min":97,"start_time":1674681840000,"end_time":1674681899000},{"heart_rate":96,"heart_rate_max":100,"heart_rate_min":94,"start_time":1674681780000,"end_time":1674681839000},{"heart_rate":99,"heart_rate_max":106,"heart_rate_min":94,"start_time":1674681720000,"end_time":1674681779000},{"heart_rate":98,"heart_rate_max":100,"heart_rate_min":97,"start_time":1674681660000,"end_time":1674681719000},{"heart_rate":91,"heart_rate_max":94,"heart_rate_min":89,"start_time":1674681600000,"end_time":1674681659000},{"heart_rate":91,"heart_rate_max":95,"heart_rate_min":86,"start_time":1674681540000,"end_time":1674681599000},{"heart_rate":100,"heart_rate_max":103,"heart_rate_min":94,"start_time":1674681480000,"end_time":1674681539000},{"heart_rate":97,"heart_rate_max":100,"heart_rate_min":94,"start_time":1674681420000,"end_time":1674681479000},{"heart_rate":98,"heart_rate_max":101,"heart_rate_min":96,"start_time":1674681360000,"end_time":1674681419000},{"heart_rate":95,"heart_rate_max":97,"heart_rate_min":94,"start_time":1674681300000,"end_time":1674681359000},{"heart_rate":97,"heart_rate_max":100,"heart_rate_min":96,"start_time":1674681240000,"end_time":1674681299000},{"heart_rate":94,"heart_rate_max":97,"heart_rate_min":93,"start_time":1674681180000,"end_time":1674681239000},{"heart_rate":95,"heart_rate_max":97,"heart_rate_min":93,"start_time":1674681120000,"end_time":1674681179000},{"heart_rate":93,"heart_rate_max":98,"heart_rate_min":88,"start_time":1674681060000,"end_time":1674681119000},{"heart_rate":92,"heart_rate_max":100,"heart_rate_min":79,"start_time":1674681000000,"end_time":1674681059000},{"heart_rate":81,"heart_rate_max":87,"heart_rate_min":76,"start_time":1674680940000,"end_time":1674680999000},{"heart_rate":83,"heart_rate_max":88,"heart_rate_min":78,"start_time":1674680880000,"end_time":1674680939000},{"heart_rate":90,"heart_rate_max":95,"heart_rate_min":84,"start_time":1674680820000,"end_time":1674680879000},{"heart_rate":86,"heart_rate_max":91,"heart_rate_min":84,"start_time":1674680760000,"end_time":1674680819000},{"heart_rate":88,"heart_rate_max":89,"heart_rate_min":87,"start_time":1674680700000,"end_time":1674680759000},{"heart_rate":90,"heart_rate_max":92,"heart_rate_min":85,"start_time":1674680640000,"end_time":1674680699000},{"heart_rate":87,"heart_rate_max":91,"heart_rate_min":83,"start_time":1674680580000,"end_time":1674680639000},{"heart_rate":89,"heart_rate_max":93,"heart_rate_min":84,"start_time":1674680520000,"end_time":1674680579000},{"heart_rate":85,"heart_rate_max":96,"heart_rate_min":72,"start_time":1674680460000,"end_time":1674680519000},{"heart_rate":75,"heart_rate_max":83,"heart_rate_min":68,"start_time":1674680400000,"end_time":1674680459000}]