[{"heart_rate":87,"heart_rate_max":96,"heart_rate_min":77,"start_time":1674691140000,"end_time":1674691199000},{"heart_rate":92,"heart_rate_max":102,"heart_rate_min":86,"start_time":1674691080000,"end_time":1674691139000},{"heart_rate":93,"heart_rate_max":95,"heart_rate_min":91,"start_time":1674691020000,"end_time":1674691079000},{"heart_rate":81,"heart_rate_max":87,"heart_rate_min":76,"start_time":1674690960000,"end_time":1674691019000},{"heart_rate":85,"heart_rate_max":90,"heart_rate_min":81,"start_time":1674690900000,"end_time":1674690959000},{"heart_rate":90,"heart_rate_max":97,"heart_rate_min":83,"start_time":1674690840000,"end_time":1674690899000},{"heart_rate":88,"heart_rate_max":91,"heart_rate_min":85,"start_time":1674690780000,"end_time":1674690839000},{"heart_rate":91,"heart_rate_max":96,"heart_rate_min":88,"start_time":1674690720000,"end_time":1674690779000},{"heart_rate":88,"heart_rate_max":94,"heart_rate_min":84,"start_time":1674690660000,"end_time":1674690719000},{"heart_rate":86,"heart_rate_max":88,"heart_rate_min":84,"start_time":1674690600000,"end_time":1674690659000},{"heart_rate":81,"heart_rate_max":89,"heart_rate_min":74,"start_time":1674690540000,"end_time":1674690599000},{"heart_rate":74,"heart_rate_max":83,"heart_rate_min":61,"start_time":1674690480000,"end_time":1674690539000},{"heart_rate":73,"heart_rate_max":87,"heart_rate_min":64,"start_time":1674690420000,"end_time":1674690479000},{"heart_rate":84,"heart_rate_max":95,"heart_rate_min":60,"start_time":1674690360000,"end_time":1674690419000},{"heart_rate":80,"heart_rate_max":83,"heart_rate_min":78,"start_time":1674690300000,"end_time":1674690359000},{"heart_rate":81,"heart_rate_max":83,"heart_rate_min":78,"start_time":1674690240000,"end_time":1674690299000},{"heart_rate":82,"heart_rate_max":84,"heart_rate_min":79,"start_time":1674690180000,"end_time":1674690239000},{"heart_rate":80,"heart_rate_max":83,"heart_rate_min":78,"start_time":1674690120000,"end_time":1674690179000},{"heart_rate":69,"heart_rate_max":89,"heart_rate_min":61,"start_time":1674690060000,"end_time":1674690119000},{"heart_rate":78,"heart_rate_max":86,"heart_rate_min":58,"start_time":1674690000000,"end_time":1674690059000},{"heart_rate":78,"heart_rate_max":91,"heart_rate_min":74,"start_time":1674689940000,"end_time":1674689999000},{"heart_rate":88,"heart_rate_max":92,"heart_rate_min":87,"start_time":1674689880000,"end_time":1674689939000},{"heart_rate":86,"heart_rate_max":88,"heart_rate_min":83,"start_time":1674689820000,"end_time":1674689879000},{"heart_rate":86,"heart_rate_max":94,"heart_rate_min":81,"start_time":1674689760000,"end_time":1674689819000},{"heart_rate":84,"heart_rate_max":90,"heart_rate_min":79,"start_time":1674689700000,"end_time":1674689759000},{"heart_rate":85,"heart_rate_max":90,"heart_rate_min":78,"start_time":1674689640000,"end_time":1674689699000},{"heart_rate":85,"heart_rate_max":92,"heart_rate_min":80,"start_time":1674689580000,"end_time":1674689639000},{"heart_rate":77,"heart_rate_max":82,"heart_rate_min":68,"start_time":1674689520000,"end_time":1674689579000},{"heart_rate":77,"heart_rate_max":85,"heart_rate_min":66,"start_time":1674689460000,"end_time":1674689519000},{"heart_rate":80,"heart_rate_max":88,"heart_rate_min":73,"start_time":1674689400000,"end_time":1674689459000},{"heart_rate":86,"heart_rate_max":96,"heart_rate_min":82,"start_time":1674689340000,"end_time":1674689399000},{"heart_rate":89,"heart_rate_max":98,"heart_rate_min":83,"start_time":1674689280000,"end_time":1674689339000},{"heart_rate":87,"heart_rate_max":92,"heart_rate_min":84,"start_time":1674689220000,"end_time":1674689279000},{"heart_rate":80,"heart_rate_max":83,"heart_rate_min":77,"start_time":1674689160000,"end_time":1674689219000},{"heart_rate":82,"heart_rate_max":91,"heart_rate_min":73,"start_time":1674689100000,"end_time":1674689159000},{"heart_rate":77,"heart_rate_max":88,"heart_rate_min":70,"start_time":1674689040000,"end_time":1674689099000},{"heart_rate":75,"heart_rate_max":82,"heart_rate_min":71,"start_time":1674688980000,"end_time":1674689039000},{"heart_rate":75,"heart_rate_max":89,"heart_rate_min":63,"start_time":1674688920000,"end_time":1674688979000},{"heart_rate":86,"heart_rate_max":91,"heart_rate_min":82,"start_time":1674688860000,"end_time":1674688919000},{"heart_rate":83,"heart_rate_max":87,"heart_rate_min":81,"start_time":1674688800000,"end_time":1674688859000},{"heart_rate":85,"heart_rate_max":88,"heart_rate_min":83,"start_time":1674688740000,"end_time":1674688799000},{"heart_rate":83,"heart_rate_max":88,"heart_rate_min":81,"start_time":1674688680000,"end_time":1674688739000},{"heart_rate":85,"heart_rate_max":91,"heart_rate_min":80,"start_time":1674688620000,"end_time":1674688679000},{"heart_rate":81,"heart_rate_max":85,"heart_rate_min":80,"start_time":1674688560000,"end_time":1674688619000},{"heart_rate":80,"heart_rate_max":82,"heart_rate_min":78,"start_time":1674688500000,"end_time":1674688559000},{"heart_rate":84,"heart_rate_max":90,"heart_rate_min":79,"start_time":1674688440000,"end_time":1674688499000},{"heart_rate":86,"heart_rate_max":90,"heart_rate_min":84,"start_time":1674688380000,"end_time":1674688439000},{"heart_rate":85,"heart_rate_max":89,"heart_rate_min":82,"start_time":1674688320000,"end_time":1674688379000},{"heart_rate":81,"heart_rate_max":84,"heart_rate_min":79,"start_time":1674688260000,"end_time":1674688319000},{"heart_rate":82,"heart_rate_max":95,"heart_rate_min":76,"start_time":1674688200000,"end_time":1674688259000},{"heart_rate":80,"heart_rate_max":86,"heart_rate_min":77,"start_time":1674688140000,"end_time":1674688199000},{"heart_rate":85,"heart_rate_max":92,"heart_rate_min":81,"start_time":1674688080000,"end_time":1674688139000},{"heart_rate":78,"heart_rate_max":83,"heart_rate_min":76,"start_time":1674688020000,"end_time":1674688079000},{"heart_rate":78,"heart_rate_max":82,"heart_rate_min":76,"start_time":1674687960000,"end_time":1674688019000},{"heart_rate":79,"heart_rate_max":87,"heart_rate_min":73,"start_time":1674687900000,"end_time":1674687959000},{"heart_rate":81,"heart_rate_max":90,"heart_rate_min":70,"start_time":1674687840000,"end_time":1674687899000},{"heart_rate":84,"heart_rate_max":89,"heart_rate_min":81,"start_time":1674687780000,"end_time":1674687839000},{"heart_rate":83,"heart_rate_max":91,"heart_rate_min":70,"start_time":1674687720000,"end_time":1674687779000},{"heart_rate":90,"heart_rate_max":97,"heart_rate_min":85,"start_time":1674687660000,"end_time":1674687719000},{"heart_rate":90,"heart_rate_max":101,"heart_rate_min":87,"start_time":1674687600000,"end_time":1674687659000}]