[{"score":0,"score_max":0,"score_min":0,"flag":1,"level":1,"start_time":1674686580000,"end_time":1674686639000},{"score":0,"score_max":0,"score_min":0,"flag":1,"level":1,"start_time":1674686520000,"end_time":1674686579000},{"score":0,"score_max":0,"score_min":0,"flag":1,"level":1,"start_time":1674686460000,"end_time":1674686519000},{"score":0,"score_max":0,"score_min":0,"flag":1,"level":1,"start_time":1674686400000,"end_time":1674686459000},{"score":0,"score_max":0,"score_min":0,"flag":1,"level":1,"start_time":1674686340000,"end_time":1674686399000},{"score":0,"score_max":0,"score_min":0,"flag":1,"level":1,"start_time":1674686280000,"end_time":1674686339000},{"score":0,"score_max":0,"score_min":0,"flag":1,"level":1,"start_time":1674686220000,"end_time":1674686279000},{"score":0,"score_max":0,"score_min":0,"flag":1,"level":1,"start_time":1674686160000,"end_time":1674686219000},{"score":0,"score_max":0,"score_min":0,"flag":1,"level":1,"start_time":1674686100000,"end_time":1674686159000},{"score":0,"score_max":0,"score_min":0,"flag":1,"level":1,"start_time":1674686040000,"end_time":1674686099000},{"score":0,"score_max":0,"score_min":0,"flag":1,"level":1,"start_time":1674685980000,"end_time":1674686039000},{"score":0,"score_max":0,"score_min":0,"flag":1,"level":1,"start_time":1674685920000,"end_time":1674685979000},{"score":0,"score_max":0,"score_min":0,"flag":1,"level":1,"start_time":1674685860000,"end_time":1674685919000},{"score":0,"score_max":1,"score_min":0,"flag":1,"level":1,"start_time":1674685800000,"end_time":1674685859000},{"score":2,"score_max":4,"score_min":1,"flag":1,"level":1,"start_time":1674685740000,"end_time":1674685799000},{"score":3,"score_max":4,"score_min":2,"flag":1,"level":1,"start_time":1674685680000,"end_time":1674685739000},{"score":6,"score_max":9,"score_min":4,"flag":1,"level":1,"start_time":1674685620000,"end_time":1674685679000},{"score":16,"score_max":39,"score_min":9,"flag":1,"level":1,"start_time":1674685560000,"end_time":1674685619000},{"score":29,"score_max":41,"score_min":14,"flag":1,"level":1,"start_time":1674685500000,"end_time":1674685559000},{"score":23,"score_max":27,"score_min":15,"flag":1,"level":1,"start_time":1674685440000,"end_time":1674685499000},{"score":37,"score_max":61,"score_min":16,"flag":1,"level":1,"start_time":1674685380000,"end_time":1674685439000},{"score":50,"score_max":62,"score_min":39,"flag":1,"level":1,"start_time":1674685320000,"end_time":1674685379000},{"score":25,"score_max":39,"score_min":15,"flag":1,"level":1,"start_time":1674685260000,"end_time":1674685319000},{"score":13,"score_max":16,"score_min":8,"flag":1,"level":1,"start_time":1674685200000,"end_time":1674685259000},{"score":22,"score_max":46,"score_min":7,"flag":1,"level":1,"start_time":1674685140000,"end_time":1674685199000},{"score":33,"score_max":46,"score_min":25,"flag":1,"level":1,"start_time":1674685080000,"end_time":1674685139000},{"score":43,"score_max":55,"score_min":19,"flag":1,"level":1,"start_time":1674685020000,"end_time":1674685079000},{"score":19,"score_max":32,"score_min":10,"flag":1,"level":1,"start_time":1674684960000,"end_time":1674685019000},{"score":25,"score_max":42,"score_min":17,"flag":1,"level":1,"start_time":1674684900000,"end_time":1674684959000},{"score":69,"score_max":78,"score_min":44,"flag":1,"level":1,"start_time":1674684840000,"end_time":1674684899000},{"score":64,"score_max":85,"score_min":56,"flag":1,"level":1,"start_time":1674684780000,"end_time":1674684839000},{"score":88,"score_max":91,"score_min":86,"flag":1,"level":1,"start_time":1674684720000,"end_time":1674684779000},{"score":94,"score_max":96,"score_min":92,"flag":1,"level":1,"start_time":1674684660000,"end_time":1674684719000},{"score":87,"score_max":93,"score_min":83,"flag":1,"level":1,"start_time":1674684540000,"end_time":1674684599000},{"score":91,"score_max":95,"score_min":89,"flag":1,"level":1,"start_time":1674684480000,"end_time":1674684539000},{"score":87,"score_max":89,"score_min":86,"flag":1,"level":1,"start_time":1674684420000,"end_time":1674684479000},{"score":87,"score_max":88,"score_min":86,"flag":1,"level":1,"start_time":1674684360000,"end_time":1674684419000},{"score":90,"score_max":92,"score_min":87,"flag":1,"level":1,"start_time":1674684300000,"end_time":1674684359000},{"score":90,"score_max":92,"score_min":90,"flag":1,"level":1,"start_time":1674684240000,"end_time":1674684299000},{"score":90,"score_max":92,"score_min":89,"flag":1,"level":1,"start_time":1674684180000,"end_time":1674684239000},{"score":92,"score_max":94,"score_min":90,"flag":1,"level":1,"start_time":1674684120000,"end_time":1674684179000},{"score":90,"score_max":92,"score_min":90,"flag":1,"level":1,"start_time":1674684060000,"end_time":1674684119000},{"score":89,"score_max":91,"score_min":89,"flag":1,"level":1,"start_time":1674684000000,"end_time":1674684059000}]