[{"score":8,"score_max":12,"score_min":6,"flag":1,"level":1,"start_time":1674640740000,"end_time":1674640799000},{"score":7,"score_max":12,"score_min":4,"flag":1,"level":1,"start_time":1674640680000,"end_time":1674640739000},{"score":5,"score_max":8,"score_min":4,"flag":1,"level":1,"start_time":1674640620000,"end_time":1674640679000},{"score":12,"score_max":17,"score_min":7,"flag":1,"level":1,"start_time":1674640560000,"end_time":1674640619000},{"score":15,"score_max":20,"score_min":13,"flag":1,"level":1,"start_time":1674640500000,"end_time":1674640559000},{"score":11,"score_max":20,"score_min":5,"flag":1,"level":1,"start_time":1674640440000,"end_time":1674640499000},{"score":3,"score_max":5,"score_min":2,"flag":1,"level":1,"start_time":1674640380000,"end_time":1674640439000},{"score":4,"score_max":9,"score_min":1,"flag":1,"level":1,"start_time":1674640320000,"end_time":1674640379000},{"score":19,"score_max":23,"score_min":9,"flag":1,"level":1,"start_time":1674640260000,"end_time":1674640319000},{"score":9,"score_max":22,"score_min":3,"flag":1,"level":1,"start_time":1674640200000,"end_time":1674640259000},{"score":1,"score_max":3,"score_min":1,"flag":1,"level":1,"start_time":1674640140000,"end_time":1674640199000},{"score":8,"score_max":11,"score_min":3,"flag":1,"level":1,"start_time":1674640080000,"end_time":1674640139000},{"score":6,"score_max":10,"score_min":5,"flag":1,"level":1,"start_time":1674640020000,"end_time":1674640079000},{"score":10,"score_max":12,"score_min":8,"flag":1,"level":1,"start_time":1674639960000,"end_time":1674640019000},{"score":5,"score_max":8,"score_min":4,"flag":1,"level":1,"start_time":1674639900000,"end_time":1674639959000},{"score":3,"score_max":4,"score_min":3,"flag":1,"level":1,"start_time":1674639840000,"end_time":1674639899000},{"score":9,"score_max":14,"score_min":3,"flag":1,"level":1,"start_time":1674639780000,"end_time":1674639839000},{"score":8,"score_max":12,"score_min":6,"flag":1,"level":1,"start_time":1674639720000,"end_time":1674639779000},{"score":7,"score_max":13,"score_min":5,"flag":1,"level":1,"start_time":1674639660000,"end_time":1674639719000},{"score":15,"score_max":18,"score_min":12,"flag":1,"level":1,"start_time":1674639600000,"end_time":1674639659000},{"score":5,"score_max":12,"score_min":3,"flag":1,"level":1,"start_time":1674639540000,"end_time":1674639599000},{"score":7,"score_max":10,"score_min":5,"flag":1,"level":1,"start_time":1674639480000,"end_time":1674639539000},{"score":7,"score_max":9,"score_min":6,"flag":1,"level":1,"start_time":1674639420000,"end_time":1674639479000},{"score":6,"score_max":8,"score_min":5,"flag":1,"level":1,"start_time":1674639360000,"end_time":1674639419000},{"score":23,"score_max":42,"score_min":8,"flag":1,"level":1,"start_time":1674639300000,"end_time":1674639359000},{"score":22,"score_max":41,"score_min":5,"flag":1,"level":1,"start_time":1674639240000,"end_time":1674639299000},{"score":3,"score_max":7,"score_min":2,"flag":1,"level":1,"start_time":1674639180000,"end_time":1674639239000},{"score":6,"score_max":9,"score_min":3,"flag":1,"level":1,"start_time":1674639120000,"end_time":1674639179000},{"score":2,"score_max":4,"score_min":2,"flag":1,"level":1,"start_time":1674639060000,"end_time":1674639119000},{"score":17,"score_max":28,"score_min":4,"flag":1,"level":1,"start_time":1674639000000,"end_time":1674639059000},{"score":5,"score_max":18,"score_min":2,"flag":1,"level":1,"start_time":1674638940000,"end_time":1674638999000},{"score":4,"score_max":5,"score_min":3,"flag":1,"level":1,"start_time":1674638880000,"end_time":1674638939000},{"score":2,"score_max":4,"score_min":1,"flag":1,"level":1,"start_time":1674638820000,"end_time":1674638879000},{"score":1,"score_max":3,"score_min":1,"flag":1,"level":1,"start_time":1674638760000,"end_time":1674638819000},{"score":5,"score_max":8,"score_min":2,"flag":1,"level":1,"start_time":1674638700000,"end_time":1674638759000},{"score":1,"score_max":3,"score_min":1,"flag":1,"level":1,"start_time":1674638640000,"end_time":1674638699000},{"score":3,"score_max":4,"score_min":3,"flag":1,"level":1,"start_time":1674638580000,"end_time":1674638639000},{"score":4,"score_max":12,"score_min":3,"flag":1,"level":1,"start_time":1674638520000,"end_time":1674638579000},{"score":42,"score_max":76,"score_min":12,"flag":1,"level":1,"start_time":1674638460000,"end_time":1674638519000},{"score":6,"score_max":16,"score_min":3,"flag":1,"level":1,"start_time":1674638400000,"end_time":1674638459000},{"score":3,"score_max":4,"score_min":2,"flag":1,"level":1,"start_time":1674638340000,"end_time":1674638399000},{"score":2,"score_max":6,"score_min":2,"flag":1,"level":1,"start_time":1674638280000,"end_time":1674638339000},{"score":8,"score_max":11,"score_min":6,"flag":1,"level":1,"start_time":1674638220000,"end_time":1674638279000},{"score":1,"score_max":2,"score_min":1,"flag":1,"level":1,"start_time":1674638160000,"end_time":1674638219000},{"score":0,"score_max":1,"score_min":0,"flag":1,"level":1,"start_time":1674638100000,"end_time":1674638159000},{"score":4,"score_max":9,"score_min":2,"flag":1,"level":1,"start_time":1674638040000,"end_time":1674638099000},{"score":9,"score_max":13,"score_min":4,"flag":1,"level":1,"start_time":1674637980000,"end_time":1674638039000},{"score":2,"score_max":4,"score_min":2,"flag":1,"level":1,"start_time":1674637920000,"end_time":1674637979000},{"score":14,"score_max":21,"score_min":4,"flag":1,"level":1,"start_time":1674637860000,"end_time":1674637919000},{"score":5,"score_max":14,"score_min":3,"flag":1,"level":1,"start_time":1674637800000,"end_time":1674637859000},{"score":2,"score_max":3,"score_min":2,"flag":1,"level":1,"start_time":1674637740000,"end_time":1674637799000},{"score":3,"score_max":10,"score_min":1,"flag":1,"level":1,"start_time":1674637680000,"end_time":1674637739000},{"score":11,"score_max":18,"score_min":6,"flag":1,"level":1,"start_time":1674637620000,"end_time":1674637679000},{"score":5,"score_max":7,"score_min":5,"flag":1,"level":1,"start_time":1674637560000,"end_time":1674637619000},{"score":18,"score_max":33,"score_min":7,"flag":1,"level":1,"start_time":1674637500000,"end_time":1674637559000},{"score":7,"score_max":22,"score_min":2,"flag":1,"level":1,"start_time":1674637440000,"end_time":1674637499000},{"score":5,"score_max":7,"score_min":2,"flag":1,"level":1,"start_time":1674637380000,"end_time":1674637439000},{"score":5,"score_max":6,"score_min":5,"flag":1,"level":1,"start_time":1674637320000,"end_time":1674637379000},{"score":3,"score_max":5,"score_min":2,"flag":1,"level":1,"start_time":1674637260000,"end_time":1674637319000},{"score":3,"score_max":4,"score_min":2,"flag":1,"level":1,"start_time":1674637200000,"end_time":1674637259000}]