[{"score":50,"score_max":62,"score_min":29,"flag":1,"level":1,"start_time":1674554340000,"end_time":1674554399000},{"score":44,"score_max":59,"score_min":35,"flag":1,"level":1,"start_time":1674554280000,"end_time":1674554339000},{"score":38,"score_max":46,"score_min":27,"flag":1,"level":1,"start_time":1674554220000,"end_time":1674554279000},{"score":18,"score_max":26,"score_min":16,"flag":1,"level":1,"start_time":1674554160000,"end_time":1674554219000},{"score":19,"score_max":24,"score_min":15,"flag":1,"level":1,"start_time":1674554100000,"end_time":1674554159000},{"score":20,"score_max":25,"score_min":16,"flag":1,"level":1,"start_time":1674554040000,"end_time":1674554099000},{"score":19,"score_max":30,"score_min":15,"flag":1,"level":1,"start_time":1674553980000,"end_time":1674554039000},{"score":22,"score_max":31,"score_min":15,"flag":1,"level":1,"start_time":1674553920000,"end_time":1674553979000},{"score":14,"score_max":15,"score_min":14,"flag":1,"level":1,"start_time":1674553620000,"end_time":1674553679000},{"score":73,"score_max":77,"score_min":72,"flag":1,"level":1,"start_time":1674553560000,"end_time":1674553619000},{"score":67,"score_max":75,"score_min":65,"flag":1,"level":1,"start_time":1674553500000,"end_time":1674553559000},{"score":61,"score_max":77,"score_min":37,"flag":1,"level":1,"start_time":1674553440000,"end_time":1674553499000},{"score":61,"score_max":88,"score_min":37,"flag":1,"level":1,"start_time":1674553380000,"end_time":1674553439000},{"score":88,"score_max":90,"score_min":88,"flag":1,"level":1,"start_time":1674553320000,"end_time":1674553379000},{"score":90,"score_max":93,"score_min":81,"flag":1,"level":1,"start_time":1674553260000,"end_time":1674553319000},{"score":73,"score_max":79,"score_min":67,"flag":1,"level":1,"start_time":1674553200000,"end_time":1674553259000},{"score":87,"score_max":89,"score_min":83,"flag":1,"level":1,"start_time":1674553020000,"end_time":1674553079000},{"score":88,"score_max":90,"score_min":86,"flag":1,"level":1,"start_time":1674552960000,"end_time":1674553019000},{"score":93,"score_max":95,"score_min":88,"flag":1,"level":1,"start_time":1674552900000,"end_time":1674552959000},{"score":86,"score_max":95,"score_min":77,"flag":1,"level":1,"start_time":1674552840000,"end_time":1674552899000},{"score":90,"score_max":97,"score_min":80,"flag":1,"level":1,"start_time":1674552780000,"end_time":1674552839000},{"score":93,"score_max":97,"score_min":92,"flag":1,"level":1,"start_time":1674552720000,"end_time":1674552779000},{"score":93,"score_max":95,"score_min":92,"flag":1,"level":1,"start_time":1674552660000,"end_time":1674552719000},{"score":89,"score_max":94,"score_min":84,"flag":1,"level":1,"start_time":1674552540000,"end_time":1674552599000},{"score":91,"score_max":95,"score_min":89,"flag":1,"level":1,"start_time":1674552480000,"end_time":1674552539000},{"score":91,"score_max":93,"score_min":89,"flag":1,"level":1,"start_time":1674552420000,"end_time":1674552479000},{"score":91,"score_max":94,"score_min":90,"flag":1,"level":1,"start_time":1674552360000,"end_time":1674552419000},{"score":90,"score_max":93,"score_min":87,"flag":1,"level":1,"start_time":1674552300000,"end_time":1674552359000},{"score":92,"score_max":95,"score_min":87,"flag":1,"level":1,"start_time":1674552240000,"end_time":1674552299000},{"score":93,"score_max":96,"score_min":91,"flag":1,"level":1,"start_time":1674552180000,"end_time":1674552239000},{"score":95,"score_max":97,"score_min":92,"flag":1,"level":1,"start_time":1674552120000,"end_time":1674552179000},{"score":78,"score_max":95,"score_min":61,"flag":1,"level":1,"start_time":1674552060000,"end_time":1674552119000},{"score":67,"score_max":76,"score_min":62,"flag":1,"level":1,"start_time":1674552000000,"end_time":1674552059000},{"score":95,"score_max":96,"score_min":95,"flag":1,"level":1,"start_time":1674551940000,"end_time":1674551999000},{"score":87,"score_max":95,"score_min":81,"flag":1,"level":1,"start_time":1674551880000,"end_time":1674551939000},{"score":85,"score_max":88,"score_min":83,"flag":1,"level":1,"start_time":1674551820000,"end_time":1674551879000},{"score":82,"score_max":86,"score_min":76,"flag":1,"level":1,"start_time":1674551760000,"end_time":1674551819000},{"score":77,"score_max":80,"score_min":76,"flag":1,"level":1,"start_time":1674551700000,"end_time":1674551759000},{"score":79,"score_max":83,"score_min":77,"flag":1,"level":1,"start_time":1674551640000,"end_time":1674551699000},{"score":72,"score_max":79,"score_min":64,"flag":1,"level":1,"start_time":1674551580000,"end_time":1674551639000},{"score":82,"score_max":95,"score_min":67,"flag":1,"level":1,"start_time":1674551520000,"end_time":1674551579000},{"score":92,"score_max":96,"score_min":87,"flag":1,"level":1,"start_time":1674551460000,"end_time":1674551519000},{"score":83,"score_max":88,"score_min":75,"flag":1,"level":1,"start_time":1674551400000,"end_time":1674551459000},{"score":88,"score_max":91,"score_min":86,"flag":1,"level":1,"start_time":1674551340000,"end_time":1674551399000},{"score":92,"score_max":95,"score_min":88,"flag":1,"level":1,"start_time":1674551280000,"end_time":1674551339000},{"score":88,"score_max":90,"score_min":87,"flag":1,"level":1,"start_time":1674551220000,"end_time":1674551279000},{"score":91,"score_max":94,"score_min":90,"flag":1,"level":1,"start_time":1674551160000,"end_time":1674551219000},{"score":92,"score_max":95,"score_min":89,"flag":1,"level":1,"start_time":1674551100000,"end_time":1674551159000},{"score":72,"score_max":88,"score_min":64,"flag":1,"level":1,"start_time":1674551040000,"end_time":1674551099000},{"score":87,"score_max":97,"score_min":68,"flag":1,"level":1,"start_time":1674550980000,"end_time":1674551039000},{"score":86,"score_max":97,"score_min":73,"flag":1,"level":1,"start_time":1674550920000,"end_time":1674550979000},{"score":86,"score_max":96,"score_min":75,"flag":1,"level":1,"start_time":1674550860000,"end_time":1674550919000},{"score":95,"score_max":96,"score_min":91,"flag":1,"level":1,"start_time":1674550800000,"end_time":1674550859000}]