[{"score":12,"score_max":24,"score_min":5,"flag":1,"level":1,"start_time":1674680340000,"end_time":1674680399000},{"score":10,"score_max":24,"score_min":5,"flag":1,"level":1,"start_time":1674680280000,"end_time":1674680339000},{"score":12,"score_max":20,"score_min":3,"flag":1,"level":1,"start_time":1674680220000,"end_time":1674680279000},{"score":0,"score_max":3,"score_min":0,"flag":1,"level":1,"start_time":1674680160000,"end_time":1674680219000},{"score":0,"score_max":2,"score_min":0,"flag":1,"level":1,"start_time":1674680100000,"end_time":1674680159000},{"score":4,"score_max":7,"score_min":2,"flag":1,"level":1,"start_time":1674680040000,"end_time":1674680099000},{"score":1,"score_max":2,"score_min":1,"flag":1,"level":1,"start_time":1674679980000,"end_time":1674680039000},{"score":0,"score_max":1,"score_min":0,"flag":1,"level":1,"start_time":1674679920000,"end_time":1674679979000},{"score":4,"score_max":11,"score_min":0,"flag":1,"level":1,"start_time":1674679860000,"end_time":1674679919000},{"score":1,"score_max":7,"score_min":1,"flag":1,"level":1,"start_time":1674679800000,"end_time":1674679859000},{"score":1,"score_max":7,"score_min":1,"flag":1,"level":1,"start_time":1674679740000,"end_time":1674679799000},{"score":10,"score_max":16,"score_min":6,"flag":1,"level":1,"start_time":1674679680000,"end_time":1674679739000},{"score":3,"score_max":6,"score_min":1,"flag":1,"level":1,"start_time":1674679620000,"end_time":1674679679000},{"score":0,"score_max":1,"score_min":0,"flag":1,"level":1,"start_time":1674679560000,"end_time":1674679619000},{"score":0,"score_max":2,"score_min":0,"flag":1,"level":1,"start_time":1674679500000,"end_time":1674679559000},{"score":0,"score_max":1,"score_min":0,"flag":1,"level":1,"start_time":1674679440000,"end_time":1674679499000},{"score":0,"score_max":0,"score_min":0,"flag":1,"level":1,"start_time":1674679380000,"end_time":1674679439000},{"score":0,"score_max":0,"score_min":0,"flag":1,"level":1,"start_time":1674679320000,"end_time":1674679379000},{"score":0,"score_max":1,"score_min":0,"flag":1,"level":1,"start_time":1674679260000,"end_time":1674679319000},{"score":1,"score_max":3,"score_min":1,"flag":1,"level":1,"start_time":1674679200000,"end_time":1674679259000},{"score":3,"score_max":5,"score_min":3,"flag":1,"level":1,"start_time":1674679140000,"end_time":1674679199000},{"score":2,"score_max":5,"score_min":0,"flag":1,"level":1,"start_time":1674679080000,"end_time":1674679139000},{"score":0,"score_max":1,"score_min":0,"flag":1,"level":1,"start_time":1674679020000,"end_time":1674679079000},{"score":1,"score_max":1,"score_min":1,"flag":1,"level":1,"start_time":1674678960000,"end_time":1674679019000},{"score":0,"score_max":1,"score_min":0,"flag":1,"level":1,"start_time":1674678900000,"end_time":1674678959000},{"score":27,"score_max":34,"score_min":23,"flag":1,"level":1,"start_time":1674678840000,"end_time":1674678899000},{"score":10,"score_max":22,"score_min":2,"flag":1,"level":1,"start_time":1674678780000,"end_time":1674678839000},{"score":0,"score_max":2,"score_min":0,"flag":1,"level":1,"start_time":1674678720000,"end_time":1674678779000},{"score":0,"score_max":1,"score_min":0,"flag":1,"level":1,"start_time":1674678660000,"end_time":1674678719000},{"score":1,"score_max":2,"score_min":1,"flag":1,"level":1,"start_time":1674678600000,"end_time":1674678659000},{"score":13,"score_max":40,"score_min":3,"flag":1,"level":1,"start_time":1674678480000,"end_time":1674678539000},{"score":62,"score_max":81,"score_min":43,"flag":1,"level":1,"start_time":1674678420000,"end_time":1674678479000},{"score":45,"score_max":51,"score_min":41,"flag":1,"level":1,"start_time":1674678300000,"end_time":1674678359000},{"score":58,"score_max":69,"score_min":53,"flag":1,"level":1,"start_time":1674678240000,"end_time":1674678299000},{"score":67,"score_max":73,"score_min":60,"flag":1,"level":1,"start_time":1674678180000,"end_time":1674678239000},{"score":8,"score_max":10,"score_min":6,"flag":1,"level":1,"start_time":1674678060000,"end_time":1674678119000},{"score":20,"score_max":42,"score_min":13,"flag":1,"level":1,"start_time":1674678000000,"end_time":1674678059000},{"score":13,"score_max":17,"score_min":11,"flag":1,"level":1,"start_time":1674677940000,"end_time":1674677999000},{"score":13,"score_max":14,"score_min":13,"flag":1,"level":1,"start_time":1674677880000,"end_time":1674677939000},{"score":15,"score_max":17,"score_min":13,"flag":1,"level":1,"start_time":1674677460000,"end_time":1674677519000},{"score":48,"score_max":56,"score_min":45,"flag":1,"level":1,"start_time":1674677400000,"end_time":1674677459000},{"score":41,"score_max":48,"score_min":27,"flag":1,"level":1,"start_time":1674677340000,"end_time":1674677399000},{"score":14,"score_max":27,"score_min":8,"flag":1,"level":1,"start_time":1674677280000,"end_time":1674677339000},{"score":11,"score_max":19,"score_min":9,"flag":1,"level":1,"start_time":1674677220000,"end_time":1674677279000},{"score":15,"score_max":19,"score_min":13,"flag":1,"level":1,"start_time":1674677040000,"end_time":1674677099000},{"score":7,"score_max":11,"score_min":5,"flag":1,"level":1,"start_time":1674676980000,"end_time":1674677039000},{"score":15,"score_max":56,"score_min":4,"flag":1,"level":1,"start_time":1674676920000,"end_time":1674676979000},{"score":49,"score_max":84,"score_min":1,"flag":1,"level":1,"start_time":1674676860000,"end_time":1674676919000},{"score":1,"score_max":1,"score_min":1,"flag":1,"level":1,"start_time":1674676800000,"end_time":1674676859000}]