[{"score":11,"score_max":28,"score_min":1,"flag":1,"level":1,"start_time":1674579540000,"end_time":1674579599000},{"score":13,"score_max":28,"score_min":1,"flag":1,"level":1,"start_time":1674579480000,"end_time":1674579539000},{"score":0,"score_max":1,"score_min":0,"flag":1,"level":1,"start_time":1674579420000,"end_time":1674579479000},{"score":0,"score_max":0,"score_min":0,"flag":1,"level":1,"start_time":1674579360000,"end_time":1674579419000},{"score":0,"score_max":0,"score_min":0,"flag":1,"level":1,"start_time":1674579300000,"end_time":1674579359000},{"score":1,"score_max":3,"score_min":0,"flag":1,"level":1,"start_time":1674579240000,"end_time":1674579299000},{"score":7,"score_max":13,"score_min":3,"flag":1,"level":1,"start_time":1674579180000,"end_time":1674579239000},{"score":1,"score_max":4,"score_min":0,"flag":1,"level":1,"start_time":1674579120000,"end_time":1674579179000},{"score":0,"score_max":1,"score_min":0,"flag":1,"level":1,"start_time":1674579060000,"end_time":1674579119000},{"score":0,"score_max":3,"score_min":0,"flag":1,"level":1,"start_time":1674579000000,"end_time":1674579059000},{"score":3,"score_max":5,"score_min":3,"flag":1,"level":1,"start_time":1674578940000,"end_time":1674578999000},{"score":2,"score_max":3,"score_min":2,"flag":1,"level":1,"start_time":1674578880000,"end_time":1674578939000},{"score":2,"score_max":3,"score_min":2,"flag":1,"level":1,"start_time":1674578820000,"end_time":1674578879000},{"score":2,"score_max":3,"score_min":2,"flag":1,"level":1,"start_time":1674578760000,"end_time":1674578819000},{"score":6,"score_max":11,"score_min":3,"flag":1,"level":1,"start_time":1674578700000,"end_time":1674578759000},{"score":6,"score_max":11,"score_min":3,"flag":1,"level":1,"start_time":1674578640000,"end_time":1674578699000},{"score":5,"score_max":7,"score_min":4,"flag":1,"level":1,"start_time":1674578580000,"end_time":1674578639000},{"score":6,"score_max":9,"score_min":3,"flag":1,"level":1,"start_time":1674578520000,"end_time":1674578579000},{"score":0,"score_max":3,"score_min":0,"flag":1,"level":1,"start_time":1674578460000,"end_time":1674578519000},{"score":3,"score_max":5,"score_min":1,"flag":1,"level":1,"start_time":1674578400000,"end_time":1674578459000},{"score":3,"score_max":5,"score_min":2,"flag":1,"level":1,"start_time":1674578340000,"end_time":1674578399000},{"score":1,"score_max":3,"score_min":1,"flag":1,"level":1,"start_time":1674578280000,"end_time":1674578339000},{"score":0,"score_max":2,"score_min":0,"flag":1,"level":1,"start_time":1674578220000,"end_time":1674578279000},{"score":0,"score_max":0,"score_min":0,"flag":1,"level":1,"start_time":1674578160000,"end_time":1674578219000},{"score":0,"score_max":1,"score_min":0,"flag":1,"level":1,"start_time":1674578100000,"end_time":1674578159000},{"score":0,"score_max":1,"score_min":0,"flag":1,"level":1,"start_time":1674578040000,"end_time":1674578099000},{"score":0,"score_max":1,"score_min":0,"flag":1,"level":1,"start_time":1674577980000,"end_time":1674578039000},{"score":1,"score_max":1,"score_min":1,"flag":1,"level":1,"start_time":1674577920000,"end_time":1674577979000},{"score":0,"score_max":1,"score_min":0,"flag":1,"level":1,"start_time":1674577860000,"end_time":1674577919000},{"score":0,"score_max":0,"score_min":0,"flag":1,"level":1,"start_time":1674577800000,"end_time":1674577859000},{"score":0,"score_max":1,"score_min":0,"flag":1,"level":1,"start_time":1674577740000,"end_time":1674577799000},{"score":0,"score_max":1,"score_min":0,"flag":1,"level":1,"start_time":1674577680000,"end_time":1674577739000},{"score":2,"score_max":3,"score_min":1,"flag":1,"level":1,"start_time":1674577620000,"end_time":1674577679000},{"score":0,"score_max":2,"score_min":0,"flag":1,"level":1,"start_time":1674577560000,"end_time":1674577619000},{"score":0,"score_max":0,"score_min":0,"flag":1,"level":1,"start_time":1674577500000,"end_time":1674577559000},{"score":2,"score_max":10,"score_min":0,"flag":1,"level":1,"start_time":1674577440000,"end_time":1674577499000},{"score":6,"score_max":8,"score_min":5,"flag":1,"level":1,"start_time":1674577140000,"end_time":1674577199000},{"score":7,"score_max":11,"score_min":5,"flag":1,"level":1,"start_time":1674577080000,"end_time":1674577139000},{"score":1,"score_max":5,"score_min":1,"flag":1,"level":1,"start_time":1674577020000,"end_time":1674577079000},{"score":1,"score_max":1,"score_min":1,"flag":1,"level":1,"start_time":1674576960000,"end_time":1674577019000},{"score":1,"score_max":3,"score_min":1,"flag":1,"level":1,"start_time":1674576900000,"end_time":1674576959000},{"score":1,"score_max":3,"score_min":1,"flag":1,"level":1,"start_time":1674576840000,"end_time":1674576899000},{"score":5,"score_max":8,"score_min":2,"flag":1,"level":1,"start_time":1674576780000,"end_time":1674576839000},{"score":1,"score_max":2,"score_min":1,"flag":1,"level":1,"start_time":1674576720000,"end_time":1674576779000},{"score":4,"score_max":7,"score_min":2,"flag":1,"level":1,"start_time":1674576660000,"end_time":1674576719000},{"score":5,"score_max":10,"score_min":2,"flag":1,"level":1,"start_time":1674576600000,"end_time":1674576659000},{"score":7,"score_max":10,"score_min":4,"flag":1,"level":1,"start_time":1674576540000,"end_time":1674576599000},{"score":2,"score_max":4,"score_min":2,"flag":1,"level":1,"start_time":1674576480000,"end_time":1674576539000},{"score":2,"score_max":4,"score_min":2,"flag":1,"level":1,"start_time":1674576420000,"end_time":1674576479000},{"score":9,"score_max":18,"score_min":5,"flag":1,"level":1,"start_time":1674576360000,"end_time":1674576419000},{"score":14,"score_max":26,"score_min":2,"flag":1,"level":1,"start_time":1674576300000,"end_time":1674576359000},{"score":1,"score_max":3,"score_min":1,"flag":1,"level":1,"start_time":1674576240000,"end_time":1674576299000},{"score":3,"score_max":4,"score_min":3,"flag":1,"level":1,"start_time":1674576180000,"end_time":1674576239000},{"score":4,"score_max":6,"score_min":3,"flag":1,"level":1,"start_time":1674576120000,"end_time":1674576179000},{"score":2,"score_max":5,"score_min":1,"flag":1,"level":1,"start_time":1674576060000,"end_time":1674576119000},{"score":1,"score_max":1,"score_min":1,"flag":1,"level":1,"start_time":1674576000000,"end_time":1674576059000}]