[{"score":4,"score_max":6,"score_min":3,"flag":1,"level":1,"start_time":1674701940000,"end_time":1674701999000},{"score":5,"score_max":7,"score_min":2,"flag":1,"level":1,"start_time":1674701880000,"end_time":1674701939000},{"score":2,"score_max":6,"score_min":2,"flag":1,"level":1,"start_time":1674701820000,"end_time":1674701879000},{"score":8,"score_max":11,"score_min":7,"flag":1,"level":1,"start_time":1674701760000,"end_time":1674701819000},{"score":4,"score_max":8,"score_min":2,"flag":1,"level":1,"start_time":1674701700000,"end_time":1674701759000},{"score":1,"score_max":2,"score_min":1,"flag":1,"level":1,"start_time":1674701640000,"end_time":1674701699000},{"score":10,"score_max":37,"score_min":1,"flag":1,"level":1,"start_time":1674701580000,"end_time":1674701639000},{"score":4,"score_max":6,"score_min":3,"flag":1,"level":1,"start_time":1674701520000,"end_time":1674701579000},{"score":2,"score_max":4,"score_min":2,"flag":1,"level":1,"start_time":1674701460000,"end_time":1674701519000},{"score":2,"score_max":5,"score_min":1,"flag":1,"level":1,"start_time":1674701400000,"end_time":1674701459000},{"score":13,"score_max":24,"score_min":5,"flag":1,"level":1,"start_time":1674701340000,"end_time":1674701399000},{"score":8,"score_max":9,"score_min":7,"flag":1,"level":1,"start_time":1674701280000,"end_time":1674701339000},{"score":11,"score_max":17,"score_min":8,"flag":1,"level":1,"start_time":1674701220000,"end_time":1674701279000},{"score":31,"score_max":44,"score_min":17,"flag":1,"level":1,"start_time":1674701160000,"end_time":1674701219000},{"score":18,"score_max":34,"score_min":9,"flag":1,"level":1,"start_time":1674701100000,"end_time":1674701159000},{"score":6,"score_max":9,"score_min":5,"flag":1,"level":1,"start_time":1674701040000,"end_time":1674701099000},{"score":14,"score_max":20,"score_min":7,"flag":1,"level":1,"start_time":1674700980000,"end_time":1674701039000},{"score":24,"score_max":32,"score_min":19,"flag":1,"level":1,"start_time":1674700920000,"end_time":1674700979000},{"score":13,"score_max":26,"score_min":5,"flag":1,"level":1,"start_time":1674700860000,"end_time":1674700919000},{"score":5,"score_max":7,"score_min":4,"flag":1,"level":1,"start_time":1674700800000,"end_time":1674700859000},{"score":6,"score_max":9,"score_min":3,"flag":1,"level":1,"start_time":1674700740000,"end_time":1674700799000},{"score":2,"score_max":3,"score_min":2,"flag":1,"level":1,"start_time":1674700680000,"end_time":1674700739000},{"score":4,"score_max":5,"score_min":3,"flag":1,"level":1,"start_time":1674700620000,"end_time":1674700679000},{"score":4,"score_max":6,"score_min":3,"flag":1,"level":1,"start_time":1674700560000,"end_time":1674700619000},{"score":6,"score_max":9,"score_min":5,"flag":1,"level":1,"start_time":1674700500000,"end_time":1674700559000},{"score":4,"score_max":9,"score_min":1,"flag":1,"level":1,"start_time":1674700440000,"end_time":1674700499000},{"score":0,"score_max":1,"score_min":0,"flag":1,"level":1,"start_time":1674700380000,"end_time":1674700439000},{"score":3,"score_max":8,"score_min":1,"flag":1,"level":1,"start_time":1674700320000,"end_time":1674700379000},{"score":6,"score_max":8,"score_min":6,"flag":1,"level":1,"start_time":1674700260000,"end_time":1674700319000},{"score":2,"score_max":5,"score_min":2,"flag":1,"level":1,"start_time":1674700200000,"end_time":1674700259000},{"score":8,"score_max":12,"score_min":3,"flag":1,"level":1,"start_time":1674700140000,"end_time":1674700199000},{"score":4,"score_max":9,"score_min":2,"flag":1,"level":1,"start_time":1674700080000,"end_time":1674700139000},{"score":4,"score_max":9,"score_min":2,"flag":1,"level":1,"start_time":1674700020000,"end_time":1674700079000},{"score":14,"score_max":17,"score_min":9,"flag":1,"level":1,"start_time":1674699960000,"end_time":1674700019000},{"score":11,"score_max":14,"score_min":8,"flag":1,"level":1,"start_time":1674699900000,"end_time":1674699959000},{"score":7,"score_max":9,"score_min":7,"flag":1,"level":1,"start_time":1674699840000,"end_time":1674699899000},{"score":4,"score_max":6,"score_min":4,"flag":1,"level":1,"start_time":1674699780000,"end_time":1674699839000},{"score":9,"score_max":19,"score_min":5,"flag":1,"level":1,"start_time":1674699720000,"end_time":1674699779000},{"score":15,"score_max":21,"score_min":6,"flag":1,"level":1,"start_time":1674699660000,"end_time":1674699719000},{"score":3,"score_max":6,"score_min":2,"flag":1,"level":1,"start_time":1674699600000,"end_time":1674699659000},{"score":1,"score_max":2,"score_min":1,"flag":1,"level":1,"start_time":1674699540000,"end_time":1674699599000},{"score":5,"score_max":10,"score_min":2,"flag":1,"level":1,"start_time":1674699480000,"end_time":1674699539000},{"score":10,"score_max":15,"score_min":7,"flag":1,"level":1,"start_time":1674699420000,"end_time":1674699479000},{"score":13,"score_max":19,"score_min":8,"flag":1,"level":1,"start_time":1674699360000,"end_time":1674699419000},{"score":9,"score_max":13,"score_min":8,"flag":1,"level":1,"start_time":1674699300000,"end_time":1674699359000},{"score":10,"score_max":13,"score_min":10,"flag":1,"level":1,"start_time":1674699240000,"end_time":1674699299000},{"score":24,"score_max":41,"score_min":10,"flag":1,"level":1,"start_time":1674699180000,"end_time":1674699239000},{"score":41,"score_max":59,"score_min":33,"flag":1,"level":1,"start_time":1674699120000,"end_time":1674699179000},{"score":71,"score_max":80,"score_min":61,"flag":1,"level":1,"start_time":1674699060000,"end_time":1674699119000},{"score":50,"score_max":62,"score_min":42,"flag":1,"level":1,"start_time":1674699000000,"end_time":1674699059000},{"score":40,"score_max":42,"score_min":37,"flag":1,"level":1,"start_time":1674698940000,"end_time":1674698999000},{"score":98,"score_max":99,"score_min":98,"flag":1,"level":1,"start_time":1674698880000,"end_time":1674698939000},{"score":94,"score_max":98,"score_min":89,"flag":1,"level":1,"start_time":1674698820000,"end_time":1674698879000},{"score":85,"score_max":93,"score_min":68,"flag":1,"level":1,"start_time":1674698760000,"end_time":1674698819000},{"score":58,"score_max":80,"score_min":42,"flag":1,"level":1,"start_time":1674698700000,"end_time":1674698759000},{"score":88,"score_max":94,"score_min":81,"flag":1,"level":1,"start_time":1674698640000,"end_time":1674698699000},{"score":92,"score_max":96,"score_min":81,"flag":1,"level":1,"start_time":1674698580000,"end_time":1674698639000},{"score":82,"score_max":87,"score_min":76,"flag":1,"level":1,"start_time":1674698520000,"end_time":1674698579000},{"score":54,"score_max":86,"score_min":27,"flag":1,"level":1,"start_time":1674698460000,"end_time":1674698519000},{"score":52,"score_max":84,"score_min":27,"flag":1,"level":1,"start_time":1674698400000,"end_time":1674698459000}]