[{"score":4,"score_max":5,"score_min":4,"flag":1,"level":1,"start_time":1674723540000,"end_time":1674723599000},{"score":5,"score_max":8,"score_min":3,"flag":1,"level":1,"start_time":1674723480000,"end_time":1674723539000},{"score":14,"score_max":24,"score_min":8,"flag":1,"level":1,"start_time":1674723420000,"end_time":1674723479000},{"score":12,"score_max":21,"score_min":9,"flag":1,"level":1,"start_time":1674723360000,"end_time":1674723419000},{"score":28,"score_max":34,"score_min":21,"flag":1,"level":1,"start_time":1674723300000,"end_time":1674723359000},{"score":40,"score_max":49,"score_min":32,"flag":1,"level":1,"start_time":1674723240000,"end_time":1674723299000},{"score":33,"score_max":50,"score_min":12,"flag":1,"level":1,"start_time":1674723180000,"end_time":1674723239000},{"score":16,"score_max":30,"score_min":12,"flag":1,"level":1,"start_time":1674723120000,"end_time":1674723179000},{"score":30,"score_max":35,"score_min":22,"flag":1,"level":1,"start_time":1674723060000,"end_time":1674723119000},{"score":27,"score_max":36,"score_min":21,"flag":1,"level":1,"start_time":1674723000000,"end_time":1674723059000},{"score":23,"score_max":36,"score_min":5,"flag":1,"level":1,"start_time":1674722940000,"end_time":1674722999000},{"score":1,"score_max":4,"score_min":0,"flag":1,"level":1,"start_time":1674722880000,"end_time":1674722939000},{"score":12,"score_max":20,"score_min":2,"flag":1,"level":1,"start_time":1674722820000,"end_time":1674722879000},{"score":2,"score_max":10,"score_min":0,"flag":1,"level":1,"start_time":1674722760000,"end_time":1674722819000},{"score":0,"score_max":0,"score_min":0,"flag":1,"level":1,"start_time":1674722700000,"end_time":1674722759000},{"score":18,"score_max":22,"score_min":16,"flag":1,"level":1,"start_time":1674722640000,"end_time":1674722699000},{"score":27,"score_max":34,"score_min":20,"flag":1,"level":1,"start_time":1674722580000,"end_time":1674722639000},{"score":33,"score_max":38,"score_min":28,"flag":1,"level":1,"start_time":1674722460000,"end_time":1674722519000},{"score":85,"score_max":86,"score_min":84,"flag":1,"level":1,"start_time":1674722400000,"end_time":1674722459000},{"score":77,"score_max":84,"score_min":68,"flag":1,"level":0,"start_time":1674722340000,"end_time":1674722399000},{"score":35,"score_max":67,"score_min":6,"flag":1,"level":1,"start_time":1674722280000,"end_time":1674722339000},{"score":2,"score_max":3,"score_min":2,"flag":1,"level":1,"start_time":1674722160000,"end_time":1674722219000},{"score":7,"score_max":11,"score_min":6,"flag":1,"level":1,"start_time":1674722100000,"end_time":1674722159000},{"score":5,"score_max":6,"score_min":5,"flag":1,"level":1,"start_time":1674722040000,"end_time":1674722099000},{"score":4,"score_max":6,"score_min":3,"flag":1,"level":1,"start_time":1674721980000,"end_time":1674722039000},{"score":2,"score_max":4,"score_min":2,"flag":1,"level":1,"start_time":1674721920000,"end_time":1674721979000},{"score":3,"score_max":4,"score_min":2,"flag":1,"level":1,"start_time":1674721860000,"end_time":1674721919000},{"score":2,"score_max":2,"score_min":2,"flag":1,"level":1,"start_time":1674721800000,"end_time":1674721859000},{"score":4,"score_max":5,"score_min":3,"flag":1,"level":1,"start_time":1674721740000,"end_time":1674721799000},{"score":2,"score_max":5,"score_min":1,"flag":1,"level":1,"start_time":1674721680000,"end_time":1674721739000},{"score":10,"score_max":16,"score_min":5,"flag":1,"level":1,"start_time":1674721620000,"end_time":1674721679000},{"score":10,"score_max":17,"score_min":8,"flag":1,"level":1,"start_time":1674721560000,"end_time":1674721619000},{"score":7,"score_max":15,"score_min":4,"flag":1,"level":1,"start_time":1674721500000,"end_time":1674721559000},{"score":29,"score_max":38,"score_min":13,"flag":1,"level":1,"start_time":1674721440000,"end_time":1674721499000},{"score":22,"score_max":29,"score_min":17,"flag":1,"level":1,"start_time":1674721380000,"end_time":1674721439000},{"score":21,"score_max":31,"score_min":11,"flag":1,"level":1,"start_time":1674721320000,"end_time":1674721379000},{"score":7,"score_max":10,"score_min":7,"flag":1,"level":1,"start_time":1674721260000,"end_time":1674721319000},{"score":11,"score_max":16,"score_min":7,"flag":1,"level":1,"start_time":1674721200000,"end_time":1674721259000},{"score":7,"score_max":16,"score_min":1,"flag":1,"level":1,"start_time":1674721140000,"end_time":1674721199000},{"score":4,"score_max":19,"score_min":1,"flag":1,"level":1,"start_time":1674721080000,"end_time":1674721139000},{"score":28,"score_max":35,"score_min":16,"flag":1,"level":1,"start_time":1674721020000,"end_time":1674721079000},{"score":10,"score_max":15,"score_min":8,"flag":1,"level":1,"start_time":1674720960000,"end_time":1674721019000},{"score":9,"score_max":11,"score_min":9,"flag":1,"level":1,"start_time":1674720900000,"end_time":1674720959000},{"score":16,"score_max":21,"score_min":11,"flag":1,"level":1,"start_time":1674720840000,"end_time":1674720899000},{"score":9,"score_max":15,"score_min":8,"flag":1,"level":1,"start_time":1674720780000,"end_time":1674720839000},{"score":3,"score_max":8,"score_min":0,"flag":1,"level":1,"start_time":1674720720000,"end_time":1674720779000},{"score":0,"score_max":0,"score_min":0,"flag":1,"level":1,"start_time":1674720600000,"end_time":1674720659000}]