[{"score":0,"score_max":1,"score_min":0,"flag":1,"level":1,"start_time":1674759540000,"end_time":1674759599000},{"score":1,"score_max":2,"score_min":0,"flag":1,"level":1,"start_time":1674759480000,"end_time":1674759539000},{"score":2,"score_max":2,"score_min":2,"flag":1,"level":1,"start_time":1674759420000,"end_time":1674759479000},{"score":2,"score_max":3,"score_min":2,"flag":1,"level":1,"start_time":1674759360000,"end_time":1674759419000},{"score":2,"score_max":4,"score_min":1,"flag":1,"level":1,"start_time":1674759300000,"end_time":1674759359000},{"score":2,"score_max":4,"score_min":1,"flag":1,"level":1,"start_time":1674759240000,"end_time":1674759299000},{"score":3,"score_max":4,"score_min":2,"flag":1,"level":1,"start_time":1674759180000,"end_time":1674759239000},{"score":4,"score_max":6,"score_min":4,"flag":1,"level":1,"start_time":1674759120000,"end_time":1674759179000},{"score":4,"score_max":5,"score_min":4,"flag":1,"level":1,"start_time":1674759060000,"end_time":1674759119000},{"score":4,"score_max":6,"score_min":4,"flag":1,"level":1,"start_time":1674759000000,"end_time":1674759059000},{"score":7,"score_max":10,"score_min":5,"flag":1,"level":1,"start_time":1674758940000,"end_time":1674758999000},{"score":2,"score_max":5,"score_min":2,"flag":1,"level":1,"start_time":1674758880000,"end_time":1674758939000},{"score":2,"score_max":3,"score_min":2,"flag":1,"level":1,"start_time":1674758820000,"end_time":1674758879000},{"score":3,"score_max":4,"score_min":2,"flag":1,"level":1,"start_time":1674758760000,"end_time":1674758819000},{"score":3,"score_max":5,"score_min":3,"flag":1,"level":1,"start_time":1674758700000,"end_time":1674758759000},{"score":5,"score_max":6,"score_min":4,"flag":1,"level":1,"start_time":1674758640000,"end_time":1674758699000},{"score":10,"score_max":19,"score_min":4,"flag":1,"level":1,"start_time":1674758580000,"end_time":1674758639000},{"score":12,"score_max":22,"score_min":7,"flag":1,"level":1,"start_time":1674758520000,"end_time":1674758579000},{"score":4,"score_max":7,"score_min":2,"flag":1,"level":1,"start_time":1674758460000,"end_time":1674758519000},{"score":3,"score_max":6,"score_min":2,"flag":1,"level":1,"start_time":1674758400000,"end_time":1674758459000},{"score":29,"score_max":32,"score_min":28,"flag":1,"level":1,"start_time":1674758340000,"end_time":1674758399000},{"score":29,"score_max":33,"score_min":26,"flag":1,"level":1,"start_time":1674758280000,"end_time":1674758339000},{"score":26,"score_max":37,"score_min":17,"flag":1,"level":1,"start_time":1674758220000,"end_time":1674758279000},{"score":40,"score_max":49,"score_min":27,"flag":1,"level":1,"start_time":1674758160000,"end_time":1674758219000},{"score":16,"score_max":26,"score_min":12,"flag":1,"level":1,"start_time":1674758100000,"end_time":1674758159000},{"score":12,"score_max":15,"score_min":11,"flag":1,"level":1,"start_time":1674758040000,"end_time":1674758099000},{"score":9,"score_max":13,"score_min":7,"flag":1,"level":1,"start_time":1674757980000,"end_time":1674758039000},{"score":15,"score_max":19,"score_min":13,"flag":1,"level":1,"start_time":1674757920000,"end_time":1674757979000},{"score":20,"score_max":22,"score_min":18,"flag":1,"level":1,"start_time":1674757860000,"end_time":1674757919000},{"score":17,"score_max":24,"score_min":11,"flag":1,"level":1,"start_time":1674757800000,"end_time":1674757859000},{"score":18,"score_max":27,"score_min":12,"flag":1,"level":1,"start_time":1674757740000,"end_time":1674757799000},{"score":20,"score_max":25,"score_min":17,"flag":1,"level":1,"start_time":1674757680000,"end_time":1674757739000},{"score":20,"score_max":24,"score_min":18,"flag":1,"level":1,"start_time":1674757620000,"end_time":1674757679000},{"score":17,"score_max":19,"score_min":15,"flag":1,"level":1,"start_time":1674757560000,"end_time":1674757619000},{"score":21,"score_max":24,"score_min":19,"flag":1,"level":1,"start_time":1674757500000,"end_time":1674757559000},{"score":11,"score_max":21,"score_min":7,"flag":1,"level":1,"start_time":1674757440000,"end_time":1674757499000},{"score":6,"score_max":7,"score_min":5,"flag":1,"level":1,"start_time":1674757380000,"end_time":1674757439000},{"score":8,"score_max":10,"score_min":6,"flag":1,"level":1,"start_time":1674757320000,"end_time":1674757379000},{"score":5,"score_max":9,"score_min":3,"flag":1,"level":1,"start_time":1674757260000,"end_time":1674757319000},{"score":4,"score_max":5,"score_min":3,"flag":1,"level":1,"start_time":1674757200000,"end_time":1674757259000},{"score":3,"score_max":5,"score_min":3,"flag":1,"level":1,"start_time":1674757140000,"end_time":1674757199000},{"score":2,"score_max":4,"score_min":2,"flag":1,"level":1,"start_time":1674757080000,"end_time":1674757139000},{"score":4,"score_max":8,"score_min":3,"flag":1,"level":1,"start_time":1674757020000,"end_time":1674757079000},{"score":20,"score_max":57,"score_min":3,"flag":1,"level":1,"start_time":1674756960000,"end_time":1674757019000},{"score":62,"score_max":82,"score_min":21,"flag":1,"level":1,"start_time":1674756900000,"end_time":1674756959000},{"score":12,"score_max":33,"score_min":4,"flag":1,"level":1,"start_time":1674756840000,"end_time":1674756899000},{"score":52,"score_max":65,"score_min":32,"flag":1,"level":1,"start_time":1674756780000,"end_time":1674756839000},{"score":73,"score_max":79,"score_min":66,"flag":1,"level":1,"start_time":1674756720000,"end_time":1674756779000},{"score":80,"score_max":84,"score_min":75,"flag":1,"level":0,"start_time":1674756660000,"end_time":1674756719000},{"score":54,"score_max":75,"score_min":41,"flag":1,"level":1,"start_time":1674756600000,"end_time":1674756659000},{"score":67,"score_max":82,"score_min":45,"flag":1,"level":1,"start_time":1674756540000,"end_time":1674756599000},{"score":50,"score_max":74,"score_min":17,"flag":1,"level":1,"start_time":1674756480000,"end_time":1674756539000},{"score":3,"score_max":16,"score_min":1,"flag":1,"level":1,"start_time":1674756420000,"end_time":1674756479000},{"score":1,"score_max":1,"score_min":1,"flag":1,"level":1,"start_time":1674756360000,"end_time":1674756419000},{"score":0,"score_max":1,"score_min":0,"flag":1,"level":1,"start_time":1674756300000,"end_time":1674756359000},{"score":0,"score_max":0,"score_min":0,"flag":1,"level":1,"start_time":1674756240000,"end_time":1674756299000},{"score":36,"score_max":78,"score_min":0,"flag":1,"level":1,"start_time":1674756180000,"end_time":1674756239000},{"score":45,"score_max":74,"score_min":25,"flag":1,"level":1,"start_time":1674756120000,"end_time":1674756179000},{"score":13,"score_max":20,"score_min":8,"flag":1,"level":1,"start_time":1674756060000,"end_time":1674756119000},{"score":5,"score_max":8,"score_min":3,"flag":1,"level":1,"start_time":1674756000000,"end_time":1674756059000}]