[{"score":0,"score_max":0,"score_min":0,"flag":1,"level":1,"start_time":1674665940000,"end_time":1674665999000},{"score":0,"score_max":0,"score_min":0,"flag":1,"level":1,"start_time":1674665880000,"end_time":1674665939000},{"score":0,"score_max":0,"score_min":0,"flag":1,"level":1,"start_time":1674665820000,"end_time":1674665879000},{"score":0,"score_max":0,"score_min":0,"flag":1,"level":1,"start_time":1674665760000,"end_time":1674665819000},{"score":0,"score_max":0,"score_min":0,"flag":1,"level":1,"start_time":1674665700000,"end_time":1674665759000},{"score":0,"score_max":0,"score_min":0,"flag":1,"level":1,"start_time":1674665640000,"end_time":1674665699000},{"score":0,"score_max":0,"score_min":0,"flag":1,"level":1,"start_time":1674665580000,"end_time":1674665639000},{"score":0,"score_max":0,"score_min":0,"flag":1,"level":1,"start_time":1674665520000,"end_time":1674665579000},{"score":0,"score_max":0,"score_min":0,"flag":1,"level":1,"start_time":1674665460000,"end_time":1674665519000},{"score":0,"score_max":0,"score_min":0,"flag":1,"level":1,"start_time":1674665400000,"end_time":1674665459000},{"score":0,"score_max":0,"score_min":0,"flag":1,"level":1,"start_time":1674665340000,"end_time":1674665399000},{"score":0,"score_max":1,"score_min":0,"flag":1,"level":1,"start_time":1674665280000,"end_time":1674665339000},{"score":0,"score_max":1,"score_min":0,"flag":1,"level":1,"start_time":1674665220000,"end_time":1674665279000},{"score":0,"score_max":0,"score_min":0,"flag":1,"level":1,"start_time":1674665160000,"end_time":1674665219000},{"score":0,"score_max":0,"score_min":0,"flag":1,"level":1,"start_time":1674665100000,"end_time":1674665159000},{"score":0,"score_max":0,"score_min":0,"flag":1,"level":1,"start_time":1674665040000,"end_time":1674665099000},{"score":0,"score_max":0,"score_min":0,"flag":1,"level":1,"start_time":1674664980000,"end_time":1674665039000},{"score":0,"score_max":1,"score_min":0,"flag":1,"level":1,"start_time":1674664920000,"end_time":1674664979000},{"score":0,"score_max":0,"score_min":0,"flag":1,"level":1,"start_time":1674664860000,"end_time":1674664919000},{"score":0,"score_max":0,"score_min":0,"flag":1,"level":1,"start_time":1674664800000,"end_time":1674664859000},{"score":0,"score_max":0,"score_min":0,"flag":1,"level":1,"start_time":1674664740000,"end_time":1674664799000},{"score":0,"score_max":0,"score_min":0,"flag":1,"level":1,"start_time":1674664680000,"end_time":1674664739000},{"score":0,"score_max":0,"score_min":0,"flag":1,"level":1,"start_time":1674664620000,"end_time":1674664679000},{"score":0,"score_max":0,"score_min":0,"flag":1,"level":1,"start_time":1674664560000,"end_time":1674664619000},{"score":0,"score_max":0,"score_min":0,"flag":1,"level":1,"start_time":1674664500000,"end_time":1674664559000},{"score":0,"score_max":5,"score_min":0,"flag":1,"level":1,"start_time":1674664440000,"end_time":1674664499000},{"score":4,"score_max":7,"score_min":0,"flag":1,"level":1,"start_time":1674664380000,"end_time":1674664439000},{"score":0,"score_max":0,"score_min":0,"flag":1,"level":1,"start_time":1674664320000,"end_time":1674664379000},{"score":9,"score_max":43,"score_min":0,"flag":1,"level":1,"start_time":1674664260000,"end_time":1674664319000},{"score":15,"score_max":42,"score_min":0,"flag":1,"level":1,"start_time":1674664200000,"end_time":1674664259000},{"score":0,"score_max":0,"score_min":0,"flag":1,"level":1,"start_time":1674664140000,"end_time":1674664199000},{"score":0,"score_max":0,"score_min":0,"flag":1,"level":1,"start_time":1674664080000,"end_time":1674664139000},{"score":0,"score_max":0,"score_min":0,"flag":1,"level":1,"start_time":1674664020000,"end_time":1674664079000},{"score":0,"score_max":0,"score_min":0,"flag":1,"level":1,"start_time":1674663960000,"end_time":1674664019000},{"score":0,"score_max":0,"score_min":0,"flag":1,"level":1,"start_time":1674663900000,"end_time":1674663959000},{"score":0,"score_max":1,"score_min":0,"flag":1,"level":1,"start_time":1674663840000,"end_time":1674663899000},{"score":0,"score_max":1,"score_min":0,"flag":1,"level":1,"start_time":1674663780000,"end_time":1674663839000},{"score":0,"score_max":0,"score_min":0,"flag":1,"level":1,"start_time":1674663720000,"end_time":1674663779000},{"score":0,"score_max":0,"score_min":0,"flag":1,"level":1,"start_time":1674663660000,"end_time":1674663719000},{"score":0,"score_max":0,"score_min":0,"flag":1,"level":1,"start_time":1674663600000,"end_time":1674663659000},{"score":1,"score_max":2,"score_min":0,"flag":1,"level":1,"start_time":1674663540000,"end_time":1674663599000},{"score":1,"score_max":1,"score_min":1,"flag":1,"level":1,"start_time":1674663480000,"end_time":1674663539000},{"score":0,"score_max":1,"score_min":0,"flag":1,"level":1,"start_time":1674663420000,"end_time":1674663479000},{"score":0,"score_max":1,"score_min":0,"flag":1,"level":1,"start_time":1674663360000,"end_time":1674663419000},{"score":0,"score_max":0,"score_min":0,"flag":1,"level":1,"start_time":1674663300000,"end_time":1674663359000},{"score":0,"score_max":0,"score_min":0,"flag":1,"level":1,"start_time":1674663240000,"end_time":1674663299000},{"score":0,"score_max":0,"score_min":0,"flag":1,"level":1,"start_time":1674663180000,"end_time":1674663239000},{"score":0,"score_max":0,"score_min":0,"flag":1,"level":1,"start_time":1674663120000,"end_time":1674663179000},{"score":0,"score_max":0,"score_min":0,"flag":1,"level":1,"start_time":1674663060000,"end_time":1674663119000},{"score":0,"score_max":1,"score_min":0,"flag":1,"level":1,"start_time":1674663000000,"end_time":1674663059000},{"score":0,"score_max":1,"score_min":0,"flag":1,"level":1,"start_time":1674662940000,"end_time":1674662999000},{"score":0,"score_max":0,"score_min":0,"flag":1,"level":1,"start_time":1674662880000,"end_time":1674662939000},{"score":0,"score_max":0,"score_min":0,"flag":1,"level":1,"start_time":1674662820000,"end_time":1674662879000},{"score":0,"score_max":0,"score_min":0,"flag":1,"level":1,"start_time":1674662760000,"end_time":1674662819000},{"score":0,"score_max":0,"score_min":0,"flag":1,"level":1,"start_time":1674662700000,"end_time":1674662759000},{"score":0,"score_max":0,"score_min":0,"flag":1,"level":1,"start_time":1674662640000,"end_time":1674662699000},{"score":0,"score_max":0,"score_min":0,"flag":1,"level":1,"start_time":1674662580000,"end_time":1674662639000},{"score":0,"score_max":0,"score_min":0,"flag":1,"level":1,"start_time":1674662520000,"end_time":1674662579000},{"score":0,"score_max":0,"score_min":0,"flag":1,"level":1,"start_time":1674662460000,"end_time":1674662519000},{"score":0,"score_max":0,"score_min":0,"flag":1,"level":1,"start_time":1674662400000,"end_time":1674662459000}]