[{"score":0,"score_max":0,"score_min":0,"flag":1,"level":1,"start_time":1674666420000,"end_time":1674666479000},{"score":0,"score_max":0,"score_min":0,"flag":1,"level":1,"start_time":1674666360000,"end_time":1674666419000},{"score":0,"score_max":0,"score_min":0,"flag":1,"level":1,"start_time":1674666300000,"end_time":1674666359000},{"score":0,"score_max":0,"score_min":0,"flag":1,"level":1,"start_time":1674666240000,"end_time":1674666299000},{"score":0,"score_max":0,"score_min":0,"flag":1,"level":1,"start_time":1674666180000,"end_time":1674666239000},{"score":0,"score_max":0,"score_min":0,"flag":1,"level":1,"start_time":1674666120000,"end_time":1674666179000},{"score":0,"score_max":0,"score_min":0,"flag":1,"level":1,"start_time":1674666060000,"end_time":1674666119000},{"score":0,"score_max":0,"score_min":0,"flag":1,"level":1,"start_time":1674666000000,"end_time":1674666059000}]