[{"score":12,"score_max":17,"score_min":7,"flag":1,"level":1,"start_time":1674604740000,"end_time":1674604799000},{"score":18,"score_max":28,"score_min":11,"flag":1,"level":1,"start_time":1674604680000,"end_time":1674604739000},{"score":6,"score_max":15,"score_min":3,"flag":1,"level":1,"start_time":1674604620000,"end_time":1674604679000},{"score":15,"score_max":45,"score_min":3,"flag":1,"level":1,"start_time":1674604560000,"end_time":1674604619000},{"score":36,"score_max":56,"score_min":14,"flag":1,"level":1,"start_time":1674604500000,"end_time":1674604559000},{"score":8,"score_max":13,"score_min":6,"flag":1,"level":1,"start_time":1674604440000,"end_time":1674604499000},{"score":8,"score_max":10,"score_min":7,"flag":1,"level":1,"start_time":1674604380000,"end_time":1674604439000},{"score":9,"score_max":12,"score_min":7,"flag":1,"level":1,"start_time":1674604320000,"end_time":1674604379000},{"score":6,"score_max":12,"score_min":2,"flag":1,"level":1,"start_time":1674604260000,"end_time":1674604319000},{"score":1,"score_max":2,"score_min":1,"flag":1,"level":1,"start_time":1674604200000,"end_time":1674604259000},{"score":0,"score_max":1,"score_min":0,"flag":1,"level":1,"start_time":1674604140000,"end_time":1674604199000},{"score":4,"score_max":10,"score_min":2,"flag":1,"level":1,"start_time":1674604080000,"end_time":1674604139000},{"score":12,"score_max":16,"score_min":9,"flag":1,"level":1,"start_time":1674604020000,"end_time":1674604079000},{"score":19,"score_max":36,"score_min":9,"flag":1,"level":1,"start_time":1674603960000,"end_time":1674604019000},{"score":17,"score_max":33,"score_min":7,"flag":1,"level":1,"start_time":1674603900000,"end_time":1674603959000},{"score":6,"score_max":8,"score_min":4,"flag":1,"level":1,"start_time":1674603840000,"end_time":1674603899000},{"score":2,"score_max":4,"score_min":2,"flag":1,"level":1,"start_time":1674603780000,"end_time":1674603839000},{"score":6,"score_max":10,"score_min":3,"flag":1,"level":1,"start_time":1674603720000,"end_time":1674603779000},{"score":9,"score_max":11,"score_min":7,"flag":1,"level":1,"start_time":1674603660000,"end_time":1674603719000},{"score":9,"score_max":10,"score_min":8,"flag":1,"level":1,"start_time":1674603600000,"end_time":1674603659000},{"score":8,"score_max":11,"score_min":3,"flag":1,"level":1,"start_time":1674603540000,"end_time":1674603599000},{"score":2,"score_max":3,"score_min":2,"flag":1,"level":1,"start_time":1674603480000,"end_time":1674603539000},{"score":3,"score_max":3,"score_min":3,"flag":1,"level":1,"start_time":1674603420000,"end_time":1674603479000},{"score":2,"score_max":3,"score_min":2,"flag":1,"level":1,"start_time":1674603360000,"end_time":1674603419000},{"score":2,"score_max":3,"score_min":2,"flag":1,"level":1,"start_time":1674603300000,"end_time":1674603359000},{"score":1,"score_max":3,"score_min":1,"flag":1,"level":1,"start_time":1674603240000,"end_time":1674603299000},{"score":2,"score_max":4,"score_min":1,"flag":1,"level":1,"start_time":1674603180000,"end_time":1674603239000},{"score":0,"score_max":1,"score_min":0,"flag":1,"level":1,"start_time":1674603120000,"end_time":1674603179000},{"score":0,"score_max":1,"score_min":0,"flag":1,"level":1,"start_time":1674603060000,"end_time":1674603119000},{"score":1,"score_max":2,"score_min":1,"flag":1,"level":1,"start_time":1674603000000,"end_time":1674603059000},{"score":0,"score_max":2,"score_min":0,"flag":1,"level":1,"start_time":1674602940000,"end_time":1674602999000},{"score":1,"score_max":2,"score_min":0,"flag":1,"level":1,"start_time":1674602880000,"end_time":1674602939000},{"score":1,"score_max":2,"score_min":1,"flag":1,"level":1,"start_time":1674602820000,"end_time":1674602879000},{"score":4,"score_max":9,"score_min":1,"flag":1,"level":1,"start_time":1674602760000,"end_time":1674602819000},{"score":1,"score_max":4,"score_min":0,"flag":1,"level":1,"start_time":1674602700000,"end_time":1674602759000},{"score":0,"score_max":1,"score_min":0,"flag":1,"level":1,"start_time":1674602640000,"end_time":1674602699000},{"score":1,"score_max":2,"score_min":1,"flag":1,"level":1,"start_time":1674602580000,"end_time":1674602639000},{"score":2,"score_max":3,"score_min":2,"flag":1,"level":1,"start_time":1674602520000,"end_time":1674602579000},{"score":2,"score_max":3,"score_min":1,"flag":1,"level":1,"start_time":1674602460000,"end_time":1674602519000},{"score":1,"score_max":2,"score_min":1,"flag":1,"level":1,"start_time":1674602400000,"end_time":1674602459000},{"score":5,"score_max":7,"score_min":2,"flag":1,"level":1,"start_time":1674602340000,"end_time":1674602399000},{"score":2,"score_max":6,"score_min":1,"flag":1,"level":1,"start_time":1674602280000,"end_time":1674602339000},{"score":3,"score_max":9,"score_min":1,"flag":1,"level":1,"start_time":1674602220000,"end_time":1674602279000},{"score":5,"score_max":9,"score_min":2,"flag":1,"level":1,"start_time":1674602160000,"end_time":1674602219000},{"score":1,"score_max":3,"score_min":1,"flag":1,"level":1,"start_time":1674602100000,"end_time":1674602159000},{"score":3,"score_max":6,"score_min":2,"flag":1,"level":1,"start_time":1674602040000,"end_time":1674602099000},{"score":1,"score_max":2,"score_min":1,"flag":1,"level":1,"start_time":1674601980000,"end_time":1674602039000},{"score":0,"score_max":2,"score_min":0,"flag":1,"level":1,"start_time":1674601920000,"end_time":1674601979000},{"score":0,"score_max":0,"score_min":0,"flag":1,"level":1,"start_time":1674601860000,"end_time":1674601919000},{"score":0,"score_max":1,"score_min":0,"flag":1,"level":1,"start_time":1674601620000,"end_time":1674601679000},{"score":6,"score_max":8,"score_min":5,"flag":1,"level":1,"start_time":1674601560000,"end_time":1674601619000},{"score":3,"score_max":8,"score_min":1,"flag":1,"level":1,"start_time":1674601500000,"end_time":1674601559000},{"score":0,"score_max":1,"score_min":0,"flag":1,"level":1,"start_time":1674601440000,"end_time":1674601499000},{"score":0,"score_max":0,"score_min":0,"flag":1,"level":1,"start_time":1674601380000,"end_time":1674601439000},{"score":0,"score_max":0,"score_min":0,"flag":1,"level":1,"start_time":1674601320000,"end_time":1674601379000},{"score":2,"score_max":6,"score_min":0,"flag":1,"level":1,"start_time":1674601260000,"end_time":1674601319000},{"score":1,"score_max":6,"score_min":1,"flag":1,"level":1,"start_time":1674601200000,"end_time":1674601259000}]