[{"score":60,"score_max":61,"score_min":60,"flag":1,"level":1,"start_time":1674530460000,"end_time":1674530519000},{"score":54,"score_max":62,"score_min":44,"flag":1,"level":1,"start_time":1674530400000,"end_time":1674530459000},{"score":59,"score_max":64,"score_min":45,"flag":1,"level":1,"start_time":1674530280000,"end_time":1674530339000},{"score":24,"score_max":28,"score_min":23,"flag":1,"level":1,"start_time":1674530220000,"end_time":1674530279000},{"score":42,"score_max":45,"score_min":40,"flag":1,"level":1,"start_time":1674530160000,"end_time":1674530219000},{"score":49,"score_max":54,"score_min":42,"flag":1,"level":1,"start_time":1674530100000,"end_time":1674530159000},{"score":34,"score_max":41,"score_min":27,"flag":1,"level":1,"start_time":1674530040000,"end_time":1674530099000},{"score":27,"score_max":37,"score_min":16,"flag":1,"level":1,"start_time":1674529620000,"end_time":1674529679000},{"score":1,"score_max":1,"score_min":1,"flag":1,"level":1,"start_time":1674529560000,"end_time":1674529619000},{"score":2,"score_max":3,"score_min":2,"flag":1,"level":1,"start_time":1674529500000,"end_time":1674529559000},{"score":17,"score_max":32,"score_min":15,"flag":1,"level":1,"start_time":1674529440000,"end_time":1674529499000},{"score":43,"score_max":44,"score_min":35,"flag":1,"level":1,"start_time":1674529380000,"end_time":1674529439000}]