[{"score":1,"score_max":3,"score_min":1,"flag":1,"level":1,"start_time":1674748740000,"end_time":1674748799000},{"score":1,"score_max":3,"score_min":1,"flag":1,"level":1,"start_time":1674748680000,"end_time":1674748739000},{"score":1,"score_max":2,"score_min":1,"flag":1,"level":1,"start_time":1674748620000,"end_time":1674748679000},{"score":2,"score_max":3,"score_min":1,"flag":1,"level":1,"start_time":1674748560000,"end_time":1674748619000},{"score":0,"score_max":1,"score_min":0,"flag":1,"level":1,"start_time":1674748500000,"end_time":1674748559000},{"score":3,"score_max":5,"score_min":1,"flag":1,"level":1,"start_time":1674748440000,"end_time":1674748499000},{"score":4,"score_max":5,"score_min":3,"flag":1,"level":1,"start_time":1674748380000,"end_time":1674748439000},{"score":4,"score_max":6,"score_min":2,"flag":1,"level":1,"start_time":1674748320000,"end_time":1674748379000},{"score":0,"score_max":2,"score_min":0,"flag":1,"level":1,"start_time":1674748260000,"end_time":1674748319000},{"score":0,"score_max":1,"score_min":0,"flag":1,"level":1,"start_time":1674748200000,"end_time":1674748259000},{"score":1,"score_max":2,"score_min":1,"flag":1,"level":1,"start_time":1674748140000,"end_time":1674748199000},{"score":1,"score_max":3,"score_min":1,"flag":1,"level":1,"start_time":1674748080000,"end_time":1674748139000},{"score":3,"score_max":12,"score_min":1,"flag":1,"level":1,"start_time":1674748020000,"end_time":1674748079000},{"score":7,"score_max":16,"score_min":0,"flag":1,"level":1,"start_time":1674747960000,"end_time":1674748019000},{"score":1,"score_max":4,"score_min":0,"flag":1,"level":1,"start_time":1674747900000,"end_time":1674747959000},{"score":3,"score_max":5,"score_min":3,"flag":1,"level":1,"start_time":1674747840000,"end_time":1674747899000},{"score":4,"score_max":7,"score_min":2,"flag":1,"level":1,"start_time":1674747780000,"end_time":1674747839000},{"score":2,"score_max":6,"score_min":1,"flag":1,"level":1,"start_time":1674747720000,"end_time":1674747779000},{"score":0,"score_max":1,"score_min":0,"flag":1,"level":1,"start_time":1674747660000,"end_time":1674747719000},{"score":0,"score_max":0,"score_min":0,"flag":1,"level":1,"start_time":1674747600000,"end_time":1674747659000},{"score":0,"score_max":0,"score_min":0,"flag":1,"level":1,"start_time":1674747540000,"end_time":1674747599000},{"score":0,"score_max":0,"score_min":0,"flag":1,"level":1,"start_time":1674747480000,"end_time":1674747539000},{"score":0,"score_max":0,"score_min":0,"flag":1,"level":1,"start_time":1674747420000,"end_time":1674747479000},{"score":0,"score_max":1,"score_min":0,"flag":1,"level":1,"start_time":1674747360000,"end_time":1674747419000},{"score":0,"score_max":1,"score_min":0,"flag":1,"level":1,"start_time":1674747300000,"end_time":1674747359000},{"score":0,"score_max":0,"score_min":0,"flag":1,"level":1,"start_time":1674747240000,"end_time":1674747299000},{"score":0,"score_max":0,"score_min":0,"flag":1,"level":1,"start_time":1674747180000,"end_time":1674747239000},{"score":0,"score_max":1,"score_min":0,"flag":1,"level":1,"start_time":1674747120000,"end_time":1674747179000},{"score":0,"score_max":1,"score_min":0,"flag":1,"level":1,"start_time":1674747060000,"end_time":1674747119000},{"score":1,"score_max":2,"score_min":0,"flag":1,"level":1,"start_time":1674746820000,"end_time":1674746879000},{"score":7,"score_max":10,"score_min":5,"flag":1,"level":1,"start_time":1674746760000,"end_time":1674746819000},{"score":4,"score_max":6,"score_min":3,"flag":1,"level":1,"start_time":1674746700000,"end_time":1674746759000},{"score":5,"score_max":6,"score_min":3,"flag":1,"level":1,"start_time":1674746640000,"end_time":1674746699000},{"score":1,"score_max":3,"score_min":1,"flag":1,"level":1,"start_time":1674746580000,"end_time":1674746639000},{"score":4,"score_max":9,"score_min":1,"flag":1,"level":1,"start_time":1674746520000,"end_time":1674746579000},{"score":3,"score_max":8,"score_min":1,"flag":1,"level":1,"start_time":1674746460000,"end_time":1674746519000},{"score":1,"score_max":1,"score_min":1,"flag":1,"level":1,"start_time":1674746400000,"end_time":1674746459000},{"score":0,"score_max":1,"score_min":0,"flag":1,"level":1,"start_time":1674746340000,"end_time":1674746399000},{"score":2,"score_max":3,"score_min":1,"flag":1,"level":1,"start_time":1674746280000,"end_time":1674746339000},{"score":4,"score_max":13,"score_min":2,"flag":1,"level":1,"start_time":1674746220000,"end_time":1674746279000},{"score":11,"score_max":17,"score_min":10,"flag":1,"level":1,"start_time":1674746160000,"end_time":1674746219000}]