[{"heart_rate":72,"heart_rate_max":75,"heart_rate_min":71,"start_time":1674647940000,"end_time":1674647999000},{"heart_rate":73,"heart_rate_max":75,"heart_rate_min":71,"start_time":1674647880000,"end_time":1674647939000},{"heart_rate":71,"heart_rate_max":75,"heart_rate_min":70,"start_time":1674647820000,"end_time":1674647879000},{"heart_rate":72,"heart_rate_max":74,"heart_rate_min":70,"start_time":1674647760000,"end_time":1674647819000},{"heart_rate":71,"heart_rate_max":74,"heart_rate_min":70,"start_time":1674647700000,"end_time":1674647759000},{"heart_rate":72,"heart_rate_max":75,"heart_rate_min":70,"start_time":1674647640000,"end_time":1674647699000},{"heart_rate":71,"heart_rate_max":74,"heart_rate_min":69,"start_time":1674647580000,"end_time":1674647639000},{"heart_rate":68,"heart_rate_max":72,"heart_rate_min":60,"start_time":1674647520000,"end_time":1674647579000},{"heart_rate":67,"heart_rate_max":71,"heart_rate_min":60,"start_time":1674647460000,"end_time":1674647519000},{"heart_rate":70,"heart_rate_max":71,"heart_rate_min":69,"start_time":1674647400000,"end_time":1674647459000},{"heart_rate":71,"heart_rate_max":74,"heart_rate_min":68,"start_time":1674647340000,"end_time":1674647399000},{"heart_rate":69,"heart_rate_max":73,"heart_rate_min":68,"start_time":1674647280000,"end_time":1674647339000},{"heart_rate":68,"heart_rate_max":70,"heart_rate_min":66,"start_time":1674647220000,"end_time":1674647279000},{"heart_rate":64,"heart_rate_max":68,"heart_rate_min":56,"start_time":1674647160000,"end_time":1674647219000},{"heart_rate":65,"heart_rate_max":70,"heart_rate_min":55,"start_time":1674647100000,"end_time":1674647159000},{"heart_rate":71,"heart_rate_max":81,"heart_rate_min":60,"start_time":1674647040000,"end_time":1674647099000},{"heart_rate":71,"heart_rate_max":80,"heart_rate_min":65,"start_time":1674646980000,"end_time":1674647039000},{"heart_rate":68,"heart_rate_max":86,"heart_rate_min":60,"start_time":1674646920000,"end_time":1674646979000},{"heart_rate":65,"heart_rate_max":70,"heart_rate_min":56,"start_time":1674646860000,"end_time":1674646919000},{"heart_rate":68,"heart_rate_max":76,"heart_rate_min":55,"start_time":1674646800000,"end_time":1674646859000},{"heart_rate":66,"heart_rate_max":75,"heart_rate_min":60,"start_time":1674646740000,"end_time":1674646799000},{"heart_rate":65,"heart_rate_max":78,"heart_rate_min":57,"start_time":1674646680000,"end_time":1674646739000},{"heart_rate":65,"heart_rate_max":71,"heart_rate_min":60,"start_time":1674646620000,"end_time":1674646679000},{"heart_rate":66,"heart_rate_max":71,"heart_rate_min":63,"start_time":1674646560000,"end_time":1674646619000},{"heart_rate":67,"heart_rate_max":72,"heart_rate_min":64,"start_time":1674646500000,"end_time":1674646559000},{"heart_rate":66,"heart_rate_max":71,"heart_rate_min":62,"start_time":1674646440000,"end_time":1674646499000},{"heart_rate":67,"heart_rate_max":74,"heart_rate_min":55,"start_time":1674646380000,"end_time":1674646439000},{"heart_rate":65,"heart_rate_max":70,"heart_rate_min":62,"start_time":1674646320000,"end_time":1674646379000},{"heart_rate":68,"heart_rate_max":73,"heart_rate_min":62,"start_time":1674646260000,"end_time":1674646319000},{"heart_rate":66,"heart_rate_max":74,"heart_rate_min":55,"start_time":1674646200000,"end_time":1674646259000},{"heart_rate":69,"heart_rate_max":75,"heart_rate_min":60,"start_time":1674646140000,"end_time":1674646199000},{"heart_rate":69,"heart_rate_max":74,"heart_rate_min":64,"start_time":1674646080000,"end_time":1674646139000},{"heart_rate":70,"heart_rate_max":75,"heart_rate_min":64,"start_time":1674646020000,"end_time":1674646079000},{"heart_rate":68,"heart_rate_max":74,"heart_rate_min":60,"start_time":1674645960000,"end_time":1674646019000},{"heart_rate":69,"heart_rate_max":76,"heart_rate_min":63,"start_time":1674645900000,"end_time":1674645959000},{"heart_rate":66,"heart_rate_max":70,"heart_rate_min":63,"start_time":1674645840000,"end_time":1674645899000},{"heart_rate":67,"heart_rate_max":73,"heart_rate_min":60,"start_time":1674645780000,"end_time":1674645839000},{"heart_rate":68,"heart_rate_max":75,"heart_rate_min":62,"start_time":1674645720000,"end_time":1674645779000},{"heart_rate":66,"heart_rate_max":80,"heart_rate_min":61,"start_time":1674645660000,"end_time":1674645719000},{"heart_rate":74,"heart_rate_max":82,"heart_rate_min":68,"start_time":1674645600000,"end_time":1674645659000},{"heart_rate":68,"heart_rate_max":72,"heart_rate_min":65,"start_time":1674645540000,"end_time":1674645599000},{"heart_rate":67,"heart_rate_max":72,"heart_rate_min":59,"start_time":1674645480000,"end_time":1674645539000},{"heart_rate":73,"heart_rate_max":78,"heart_rate_min":65,"start_time":1674645420000,"end_time":1674645479000},{"heart_rate":76,"heart_rate_max":82,"heart_rate_min":67,"start_time":1674645360000,"end_time":1674645419000},{"heart_rate":71,"heart_rate_max":76,"heart_rate_min":65,"start_time":1674645300000,"end_time":1674645359000},{"heart_rate":68,"heart_rate_max":74,"heart_rate_min":61,"start_time":1674645240000,"end_time":1674645299000},{"heart_rate":69,"heart_rate_max":77,"heart_rate_min":61,"start_time":1674645180000,"end_time":1674645239000},{"heart_rate":71,"heart_rate_max":76,"heart_rate_min":65,"start_time":1674645120000,"end_time":1674645179000},{"heart_rate":66,"heart_rate_max":74,"heart_rate_min":56,"start_time":1674645060000,"end_time":1674645119000},{"heart_rate":68,"heart_rate_max":84,"heart_rate_min":56,"start_time":1674645000000,"end_time":1674645059000},{"heart_rate":77,"heart_rate_max":88,"heart_rate_min":63,"start_time":1674644940000,"end_time":1674644999000},{"heart_rate":70,"heart_rate_max":77,"heart_rate_min":56,"start_time":1674644880000,"end_time":1674644939000},{"heart_rate":69,"heart_rate_max":77,"heart_rate_min":59,"start_time":1674644820000,"end_time":1674644879000},{"heart_rate":75,"heart_rate_max":88,"heart_rate_min":56,"start_time":1674644760000,"end_time":1674644819000},{"heart_rate":77,"heart_rate_max":88,"heart_rate_min":61,"start_time":1674644700000,"end_time":1674644759000},{"heart_rate":74,"heart_rate_max":82,"heart_rate_min":66,"start_time":1674644640000,"end_time":1674644699000},{"heart_rate":79,"heart_rate_max":94,"heart_rate_min":65,"start_time":1674644580000,"end_time":1674644639000},{"heart_rate":76,"heart_rate_max":81,"heart_rate_min":69,"start_time":1674644520000,"end_time":1674644579000},{"heart_rate":73,"heart_rate_max":81,"heart_rate_min":65,"start_time":1674644460000,"end_time":1674644519000},{"heart_rate":78,"heart_rate_max":81,"heart_rate_min":72,"start_time":1674644400000,"end_time":1674644459000}]