[{"heart_rate":83,"heart_rate_max":89,"heart_rate_min":76,"start_time":1674622740000,"end_time":1674622799000},{"heart_rate":92,"heart_rate_max":98,"heart_rate_min":87,"start_time":1674622680000,"end_time":1674622739000},{"heart_rate":97,"heart_rate_max":100,"heart_rate_min":95,"start_time":1674622620000,"end_time":1674622679000},{"heart_rate":94,"heart_rate_max":95,"heart_rate_min":93,"start_time":1674622560000,"end_time":1674622619000},{"heart_rate":97,"heart_rate_max":99,"heart_rate_min":95,"start_time":1674622500000,"end_time":1674622559000},{"heart_rate":85,"heart_rate_max":90,"heart_rate_min":80,"start_time":1674622440000,"end_time":1674622499000},{"heart_rate":83,"heart_rate_max":90,"heart_rate_min":79,"start_time":1674622380000,"end_time":1674622439000},{"heart_rate":81,"heart_rate_max":84,"heart_rate_min":79,"start_time":1674622320000,"end_time":1674622379000},{"heart_rate":84,"heart_rate_max":88,"heart_rate_min":82,"start_time":1674622260000,"end_time":1674622319000},{"heart_rate":81,"heart_rate_max":85,"heart_rate_min":77,"start_time":1674622200000,"end_time":1674622259000},{"heart_rate":79,"heart_rate_max":83,"heart_rate_min":74,"start_time":1674622140000,"end_time":1674622199000},{"heart_rate":85,"heart_rate_max":96,"heart_rate_min":78,"start_time":1674622080000,"end_time":1674622139000},{"heart_rate":90,"heart_rate_max":99,"heart_rate_min":80,"start_time":1674622020000,"end_time":1674622079000},{"heart_rate":81,"heart_rate_max":89,"heart_rate_min":79,"start_time":1674621960000,"end_time":1674622019000},{"heart_rate":92,"heart_rate_max":97,"heart_rate_min":90,"start_time":1674621900000,"end_time":1674621959000},{"heart_rate":91,"heart_rate_max":95,"heart_rate_min":88,"start_time":1674621840000,"end_time":1674621899000},{"heart_rate":88,"heart_rate_max":98,"heart_rate_min":84,"start_time":1674621780000,"end_time":1674621839000},{"heart_rate":83,"heart_rate_max":92,"heart_rate_min":73,"start_time":1674621720000,"end_time":1674621779000},{"heart_rate":79,"heart_rate_max":82,"heart_rate_min":76,"start_time":1674621660000,"end_time":1674621719000},{"heart_rate":81,"heart_rate_max":87,"heart_rate_min":76,"start_time":1674621600000,"end_time":1674621659000},{"heart_rate":77,"heart_rate_max":81,"heart_rate_min":70,"start_time":1674621540000,"end_time":1674621599000},{"heart_rate":86,"heart_rate_max":95,"heart_rate_min":82,"start_time":1674621480000,"end_time":1674621539000},{"heart_rate":85,"heart_rate_max":90,"heart_rate_min":83,"start_time":1674621420000,"end_time":1674621479000},{"heart_rate":85,"heart_rate_max":92,"heart_rate_min":78,"start_time":1674621360000,"end_time":1674621419000},{"heart_rate":81,"heart_rate_max":86,"heart_rate_min":79,"start_time":1674621300000,"end_time":1674621359000},{"heart_rate":85,"heart_rate_max":94,"heart_rate_min":76,"start_time":1674621240000,"end_time":1674621299000},{"heart_rate":84,"heart_rate_max":90,"heart_rate_min":76,"start_time":1674621180000,"end_time":1674621239000},{"heart_rate":88,"heart_rate_max":94,"heart_rate_min":78,"start_time":1674621120000,"end_time":1674621179000},{"heart_rate":81,"heart_rate_max":87,"heart_rate_min":76,"start_time":1674621060000,"end_time":1674621119000},{"heart_rate":77,"heart_rate_max":81,"heart_rate_min":75,"start_time":1674621000000,"end_time":1674621059000},{"heart_rate":84,"heart_rate_max":89,"heart_rate_min":79,"start_time":1674620940000,"end_time":1674620999000},{"heart_rate":86,"heart_rate_max":91,"heart_rate_min":82,"start_time":1674620880000,"end_time":1674620939000},{"heart_rate":86,"heart_rate_max":92,"heart_rate_min":82,"start_time":1674620820000,"end_time":1674620879000},{"heart_rate":86,"heart_rate_max":94,"heart_rate_min":81,"start_time":1674620760000,"end_time":1674620819000},{"heart_rate":86,"heart_rate_max":101,"heart_rate_min":82,"start_time":1674620700000,"end_time":1674620759000},{"heart_rate":88,"heart_rate_max":92,"heart_rate_min":84,"start_time":1674620640000,"end_time":1674620699000},{"heart_rate":88,"heart_rate_max":94,"heart_rate_min":82,"start_time":1674620580000,"end_time":1674620639000},{"heart_rate":84,"heart_rate_max":91,"heart_rate_min":81,"start_time":1674620520000,"end_time":1674620579000},{"heart_rate":84,"heart_rate_max":93,"heart_rate_min":82,"start_time":1674620460000,"end_time":1674620519000},{"heart_rate":87,"heart_rate_max":92,"heart_rate_min":83,"start_time":1674620400000,"end_time":1674620459000},{"heart_rate":87,"heart_rate_max":94,"heart_rate_min":83,"start_time":1674620340000,"end_time":1674620399000},{"heart_rate":89,"heart_rate_max":95,"heart_rate_min":86,"start_time":1674620280000,"end_time":1674620339000},{"heart_rate":85,"heart_rate_max":87,"heart_rate_min":83,"start_time":1674620220000,"end_time":1674620279000},{"heart_rate":84,"heart_rate_max":92,"heart_rate_min":80,"start_time":1674620160000,"end_time":1674620219000},{"heart_rate":81,"heart_rate_max":84,"heart_rate_min":79,"start_time":1674620100000,"end_time":1674620159000},{"heart_rate":87,"heart_rate_max":103,"heart_rate_min":80,"start_time":1674620040000,"end_time":1674620099000},{"heart_rate":83,"heart_rate_max":91,"heart_rate_min":79,"start_time":1674619980000,"end_time":1674620039000},{"heart_rate":86,"heart_rate_max":95,"heart_rate_min":80,"start_time":1674619920000,"end_time":1674619979000},{"heart_rate":89,"heart_rate_max":98,"heart_rate_min":85,"start_time":1674619860000,"end_time":1674619919000},{"heart_rate":87,"heart_rate_max":91,"heart_rate_min":83,"start_time":1674619800000,"end_time":1674619859000},{"heart_rate":83,"heart_rate_max":91,"heart_rate_min":75,"start_time":1674619740000,"end_time":1674619799000},{"heart_rate":86,"heart_rate_max":99,"heart_rate_min":76,"start_time":1674619680000,"end_time":1674619739000},{"heart_rate":87,"heart_rate_max":94,"heart_rate_min":82,"start_time":1674619620000,"end_time":1674619679000},{"heart_rate":81,"heart_rate_max":84,"heart_rate_min":80,"start_time":1674619560000,"end_time":1674619619000},{"heart_rate":87,"heart_rate_max":95,"heart_rate_min":84,"start_time":1674619500000,"end_time":1674619559000},{"heart_rate":85,"heart_rate_max":91,"heart_rate_min":81,"start_time":1674619440000,"end_time":1674619499000},{"heart_rate":86,"heart_rate_max":90,"heart_rate_min":83,"start_time":1674619380000,"end_time":1674619439000},{"heart_rate":86,"heart_rate_max":89,"heart_rate_min":84,"start_time":1674619320000,"end_time":1674619379000},{"heart_rate":87,"heart_rate_max":92,"heart_rate_min":84,"start_time":1674619260000,"end_time":1674619319000},{"heart_rate":84,"heart_rate_max":87,"heart_rate_min":80,"start_time":1674619200000,"end_time":1674619259000}]