[{"heart_rate":100,"heart_rate_max":101,"heart_rate_min":100,"start_time":1674687540000,"end_time":1674687599000},{"heart_rate":69,"heart_rate_max":74,"heart_rate_min":66,"start_time":1674687480000,"end_time":1674687539000},{"heart_rate":69,"heart_rate_max":73,"heart_rate_min":66,"start_time":1674687420000,"end_time":1674687479000},{"heart_rate":66,"heart_rate_max":75,"heart_rate_min":55,"start_time":1674687360000,"end_time":1674687419000},{"heart_rate":66,"heart_rate_max":70,"heart_rate_min":60,"start_time":1674687300000,"end_time":1674687359000},{"heart_rate":72,"heart_rate_max":83,"heart_rate_min":67,"start_time":1674687240000,"end_time":1674687299000},{"heart_rate":66,"heart_rate_max":72,"heart_rate_min":60,"start_time":1674687180000,"end_time":1674687239000},{"heart_rate":65,"heart_rate_max":69,"heart_rate_min":62,"start_time":1674687120000,"end_time":1674687179000},{"heart_rate":65,"heart_rate_max":69,"heart_rate_min":62,"start_time":1674687060000,"end_time":1674687119000},{"heart_rate":66,"heart_rate_max":70,"heart_rate_min":64,"start_time":1674687000000,"end_time":1674687059000},{"heart_rate":66,"heart_rate_max":70,"heart_rate_min":61,"start_time":1674686940000,"end_time":1674686999000},{"heart_rate":68,"heart_rate_max":73,"heart_rate_min":65,"start_time":1674686880000,"end_time":1674686939000},{"heart_rate":69,"heart_rate_max":74,"heart_rate_min":66,"start_time":1674686820000,"end_time":1674686879000},{"heart_rate":67,"heart_rate_max":73,"heart_rate_min":59,"start_time":1674686760000,"end_time":1674686819000},{"heart_rate":77,"heart_rate_max":93,"heart_rate_min":61,"start_time":1674686700000,"end_time":1674686759000},{"heart_rate":71,"heart_rate_max":75,"heart_rate_min":69,"start_time":1674686640000,"end_time":1674686699000},{"heart_rate":82,"heart_rate_max":98,"heart_rate_min":72,"start_time":1674686580000,"end_time":1674686639000},{"heart_rate":69,"heart_rate_max":78,"heart_rate_min":66,"start_time":1674686520000,"end_time":1674686579000},{"heart_rate":74,"heart_rate_max":102,"heart_rate_min":67,"start_time":1674686460000,"end_time":1674686519000},{"heart_rate":73,"heart_rate_max":80,"heart_rate_min":66,"start_time":1674686400000,"end_time":1674686459000},{"heart_rate":73,"heart_rate_max":81,"heart_rate_min":64,"start_time":1674686340000,"end_time":1674686399000},{"heart_rate":69,"heart_rate_max":75,"heart_rate_min":59,"start_time":1674686280000,"end_time":1674686339000},{"heart_rate":73,"heart_rate_max":78,"heart_rate_min":69,"start_time":1674686220000,"end_time":1674686279000},{"heart_rate":74,"heart_rate_max":79,"heart_rate_min":66,"start_time":1674686160000,"end_time":1674686219000},{"heart_rate":73,"heart_rate_max":80,"heart_rate_min":60,"start_time":1674686100000,"end_time":1674686159000},{"heart_rate":70,"heart_rate_max":77,"heart_rate_min":60,"start_time":1674686040000,"end_time":1674686099000},{"heart_rate":70,"heart_rate_max":76,"heart_rate_min":59,"start_time":1674685980000,"end_time":1674686039000},{"heart_rate":72,"heart_rate_max":81,"heart_rate_min":60,"start_time":1674685920000,"end_time":1674685979000},{"heart_rate":71,"heart_rate_max":76,"heart_rate_min":66,"start_time":1674685860000,"end_time":1674685919000},{"heart_rate":70,"heart_rate_max":74,"heart_rate_min":68,"start_time":1674685800000,"end_time":1674685859000},{"heart_rate":76,"heart_rate_max":91,"heart_rate_min":67,"start_time":1674685740000,"end_time":1674685799000},{"heart_rate":79,"heart_rate_max":81,"heart_rate_min":77,"start_time":1674685680000,"end_time":1674685739000},{"heart_rate":81,"heart_rate_max":87,"heart_rate_min":79,"start_time":1674685620000,"end_time":1674685679000},{"heart_rate":83,"heart_rate_max":87,"heart_rate_min":80,"start_time":1674685560000,"end_time":1674685619000},{"heart_rate":88,"heart_rate_max":94,"heart_rate_min":83,"start_time":1674685500000,"end_time":1674685559000},{"heart_rate":84,"heart_rate_max":88,"heart_rate_min":81,"start_time":1674685440000,"end_time":1674685499000},{"heart_rate":86,"heart_rate_max":93,"heart_rate_min":83,"start_time":1674685380000,"end_time":1674685439000},{"heart_rate":90,"heart_rate_max":98,"heart_rate_min":86,"start_time":1674685320000,"end_time":1674685379000},{"heart_rate":88,"heart_rate_max":94,"heart_rate_min":85,"start_time":1674685260000,"end_time":1674685319000},{"heart_rate":84,"heart_rate_max":87,"heart_rate_min":83,"start_time":1674685200000,"end_time":1674685259000},{"heart_rate":83,"heart_rate_max":87,"heart_rate_min":79,"start_time":1674685140000,"end_time":1674685199000},{"heart_rate":88,"heart_rate_max":96,"heart_rate_min":85,"start_time":1674685080000,"end_time":1674685139000},{"heart_rate":88,"heart_rate_max":93,"heart_rate_min":85,"start_time":1674685020000,"end_time":1674685079000},{"heart_rate":85,"heart_rate_max":95,"heart_rate_min":80,"start_time":1674684960000,"end_time":1674685019000},{"heart_rate":87,"heart_rate_max":91,"heart_rate_min":84,"start_time":1674684900000,"end_time":1674684959000},{"heart_rate":88,"heart_rate_max":96,"heart_rate_min":80,"start_time":1674684840000,"end_time":1674684899000},{"heart_rate":90,"heart_rate_max":97,"heart_rate_min":86,"start_time":1674684780000,"end_time":1674684839000},{"heart_rate":93,"heart_rate_max":99,"heart_rate_min":89,"start_time":1674684720000,"end_time":1674684779000},{"heart_rate":95,"heart_rate_max":102,"heart_rate_min":93,"start_time":1674684660000,"end_time":1674684719000},{"heart_rate":95,"heart_rate_max":102,"heart_rate_min":92,"start_time":1674684600000,"end_time":1674684659000},{"heart_rate":90,"heart_rate_max":94,"heart_rate_min":84,"start_time":1674684540000,"end_time":1674684599000},{"heart_rate":95,"heart_rate_max":99,"heart_rate_min":91,"start_time":1674684480000,"end_time":1674684539000},{"heart_rate":94,"heart_rate_max":97,"heart_rate_min":92,"start_time":1674684420000,"end_time":1674684479000},{"heart_rate":94,"heart_rate_max":95,"heart_rate_min":93,"start_time":1674684360000,"end_time":1674684419000},{"heart_rate":93,"heart_rate_max":96,"heart_rate_min":92,"start_time":1674684300000,"end_time":1674684359000},{"heart_rate":95,"heart_rate_max":97,"heart_rate_min":93,"start_time":1674684240000,"end_time":1674684299000},{"heart_rate":95,"heart_rate_max":96,"heart_rate_min":94,"start_time":1674684180000,"end_time":1674684239000},{"heart_rate":95,"heart_rate_max":98,"heart_rate_min":92,"start_time":1674684120000,"end_time":1674684179000},{"heart_rate":95,"heart_rate_max":97,"heart_rate_min":91,"start_time":1674684060000,"end_time":1674684119000},{"heart_rate":94,"heart_rate_max":98,"heart_rate_min":88,"start_time":1674684000000,"end_time":1674684059000}]