[{"heart_rate":83,"heart_rate_max":86,"heart_rate_min":81,"start_time":1674615540000,"end_time":1674615599000},{"heart_rate":83,"heart_rate_max":90,"heart_rate_min":80,"start_time":1674615480000,"end_time":1674615539000},{"heart_rate":85,"heart_rate_max":89,"heart_rate_min":81,"start_time":1674615420000,"end_time":1674615479000},{"heart_rate":84,"heart_rate_max":88,"heart_rate_min":80,"start_time":1674615360000,"end_time":1674615419000},{"heart_rate":90,"heart_rate_max":96,"heart_rate_min":83,"start_time":1674615300000,"end_time":1674615359000},{"heart_rate":81,"heart_rate_max":84,"heart_rate_min":80,"start_time":1674615240000,"end_time":1674615299000},{"heart_rate":83,"heart_rate_max":87,"heart_rate_min":79,"start_time":1674615180000,"end_time":1674615239000},{"heart_rate":82,"heart_rate_max":85,"heart_rate_min":80,"start_time":1674615120000,"end_time":1674615179000},{"heart_rate":81,"heart_rate_max":83,"heart_rate_min":79,"start_time":1674615060000,"end_time":1674615119000},{"heart_rate":79,"heart_rate_max":87,"heart_rate_min":75,"start_time":1674615000000,"end_time":1674615059000},{"heart_rate":83,"heart_rate_max":95,"heart_rate_min":77,"start_time":1674614940000,"end_time":1674614999000},{"heart_rate":82,"heart_rate_max":92,"heart_rate_min":73,"start_time":1674614880000,"end_time":1674614939000},{"heart_rate":84,"heart_rate_max":90,"heart_rate_min":70,"start_time":1674614820000,"end_time":1674614879000},{"heart_rate":90,"heart_rate_max":93,"heart_rate_min":88,"start_time":1674614760000,"end_time":1674614819000},{"heart_rate":89,"heart_rate_max":101,"heart_rate_min":85,"start_time":1674614700000,"end_time":1674614759000},{"heart_rate":88,"heart_rate_max":92,"heart_rate_min":86,"start_time":1674614640000,"end_time":1674614699000},{"heart_rate":85,"heart_rate_max":90,"heart_rate_min":79,"start_time":1674614580000,"end_time":1674614639000},{"heart_rate":87,"heart_rate_max":95,"heart_rate_min":83,"start_time":1674614520000,"end_time":1674614579000},{"heart_rate":86,"heart_rate_max":95,"heart_rate_min":83,"start_time":1674614460000,"end_time":1674614519000},{"heart_rate":84,"heart_rate_max":87,"heart_rate_min":82,"start_time":1674614400000,"end_time":1674614459000},{"heart_rate":87,"heart_rate_max":92,"heart_rate_min":82,"start_time":1674614340000,"end_time":1674614399000},{"heart_rate":88,"heart_rate_max":94,"heart_rate_min":85,"start_time":1674614280000,"end_time":1674614339000},{"heart_rate":84,"heart_rate_max":87,"heart_rate_min":81,"start_time":1674614220000,"end_time":1674614279000},{"heart_rate":88,"heart_rate_max":96,"heart_rate_min":81,"start_time":1674614160000,"end_time":1674614219000},{"heart_rate":83,"heart_rate_max":87,"heart_rate_min":81,"start_time":1674614100000,"end_time":1674614159000},{"heart_rate":84,"heart_rate_max":87,"heart_rate_min":81,"start_time":1674614040000,"end_time":1674614099000},{"heart_rate":91,"heart_rate_max":97,"heart_rate_min":83,"start_time":1674613980000,"end_time":1674614039000},{"heart_rate":86,"heart_rate_max":94,"heart_rate_min":82,"start_time":1674613920000,"end_time":1674613979000},{"heart_rate":84,"heart_rate_max":89,"heart_rate_min":81,"start_time":1674613860000,"end_time":1674613919000},{"heart_rate":85,"heart_rate_max":87,"heart_rate_min":83,"start_time":1674613800000,"end_time":1674613859000},{"heart_rate":83,"heart_rate_max":86,"heart_rate_min":81,"start_time":1674613740000,"end_time":1674613799000},{"heart_rate":85,"heart_rate_max":92,"heart_rate_min":83,"start_time":1674613680000,"end_time":1674613739000},{"heart_rate":84,"heart_rate_max":88,"heart_rate_min":79,"start_time":1674613620000,"end_time":1674613679000},{"heart_rate":86,"heart_rate_max":98,"heart_rate_min":79,"start_time":1674613560000,"end_time":1674613619000},{"heart_rate":86,"heart_rate_max":89,"heart_rate_min":84,"start_time":1674613500000,"end_time":1674613559000},{"heart_rate":90,"heart_rate_max":96,"heart_rate_min":87,"start_time":1674613440000,"end_time":1674613499000},{"heart_rate":89,"heart_rate_max":92,"heart_rate_min":87,"start_time":1674613380000,"end_time":1674613439000},{"heart_rate":94,"heart_rate_max":103,"heart_rate_min":88,"start_time":1674613320000,"end_time":1674613379000},{"heart_rate":89,"heart_rate_max":105,"heart_rate_min":86,"start_time":1674613260000,"end_time":1674613319000},{"heart_rate":89,"heart_rate_max":93,"heart_rate_min":86,"start_time":1674613200000,"end_time":1674613259000},{"heart_rate":88,"heart_rate_max":91,"heart_rate_min":87,"start_time":1674613140000,"end_time":1674613199000},{"heart_rate":87,"heart_rate_max":89,"heart_rate_min":87,"start_time":1674613080000,"end_time":1674613139000},{"heart_rate":89,"heart_rate_max":94,"heart_rate_min":87,"start_time":1674613020000,"end_time":1674613079000},{"heart_rate":88,"heart_rate_max":97,"heart_rate_min":84,"start_time":1674612960000,"end_time":1674613019000},{"heart_rate":86,"heart_rate_max":91,"heart_rate_min":80,"start_time":1674612900000,"end_time":1674612959000},{"heart_rate":86,"heart_rate_max":90,"heart_rate_min":80,"start_time":1674612840000,"end_time":1674612899000},{"heart_rate":95,"heart_rate_max":104,"heart_rate_min":89,"start_time":1674612780000,"end_time":1674612839000},{"heart_rate":91,"heart_rate_max":93,"heart_rate_min":90,"start_time":1674612720000,"end_time":1674612779000},{"heart_rate":93,"heart_rate_max":96,"heart_rate_min":91,"start_time":1674612660000,"end_time":1674612719000},{"heart_rate":92,"heart_rate_max":96,"heart_rate_min":90,"start_time":1674612600000,"end_time":1674612659000},{"heart_rate":95,"heart_rate_max":102,"heart_rate_min":91,"start_time":1674612540000,"end_time":1674612599000},{"heart_rate":94,"heart_rate_max":98,"heart_rate_min":88,"start_time":1674612480000,"end_time":1674612539000},{"heart_rate":90,"heart_rate_max":93,"heart_rate_min":88,"start_time":1674612420000,"end_time":1674612479000},{"heart_rate":89,"heart_rate_max":94,"heart_rate_min":83,"start_time":1674612360000,"end_time":1674612419000},{"heart_rate":90,"heart_rate_max":99,"heart_rate_min":85,"start_time":1674612300000,"end_time":1674612359000},{"heart_rate":91,"heart_rate_max":96,"heart_rate_min":89,"start_time":1674612240000,"end_time":1674612299000},{"heart_rate":89,"heart_rate_max":96,"heart_rate_min":87,"start_time":1674612180000,"end_time":1674612239000},{"heart_rate":92,"heart_rate_max":97,"heart_rate_min":89,"start_time":1674612120000,"end_time":1674612179000},{"heart_rate":89,"heart_rate_max":96,"heart_rate_min":86,"start_time":1674612060000,"end_time":1674612119000},{"heart_rate":94,"heart_rate_max":97,"heart_rate_min":92,"start_time":1674612000000,"end_time":1674612059000}]