[{"heart_rate":78,"heart_rate_max":84,"heart_rate_min":75,"start_time":1674575940000,"end_time":1674575999000},{"heart_rate":78,"heart_rate_max":83,"heart_rate_min":75,"start_time":1674575880000,"end_time":1674575939000},{"heart_rate":82,"heart_rate_max":87,"heart_rate_min":75,"start_time":1674575820000,"end_time":1674575879000},{"heart_rate":78,"heart_rate_max":80,"heart_rate_min":76,"start_time":1674575760000,"end_time":1674575819000},{"heart_rate":78,"heart_rate_max":81,"heart_rate_min":76,"start_time":1674575700000,"end_time":1674575759000},{"heart_rate":84,"heart_rate_max":88,"heart_rate_min":81,"start_time":1674575640000,"end_time":1674575699000},{"heart_rate":81,"heart_rate_max":85,"heart_rate_min":80,"start_time":1674575580000,"end_time":1674575639000},{"heart_rate":84,"heart_rate_max":89,"heart_rate_min":80,"start_time":1674575520000,"end_time":1674575579000},{"heart_rate":80,"heart_rate_max":86,"heart_rate_min":78,"start_time":1674575460000,"end_time":1674575519000},{"heart_rate":79,"heart_rate_max":83,"heart_rate_min":77,"start_time":1674575400000,"end_time":1674575459000},{"heart_rate":81,"heart_rate_max":89,"heart_rate_min":77,"start_time":1674575340000,"end_time":1674575399000},{"heart_rate":80,"heart_rate_max":83,"heart_rate_min":77,"start_time":1674575280000,"end_time":1674575339000},{"heart_rate":78,"heart_rate_max":81,"heart_rate_min":77,"start_time":1674575220000,"end_time":1674575279000},{"heart_rate":79,"heart_rate_max":85,"heart_rate_min":77,"start_time":1674575160000,"end_time":1674575219000},{"heart_rate":77,"heart_rate_max":82,"heart_rate_min":74,"start_time":1674575100000,"end_time":1674575159000},{"heart_rate":84,"heart_rate_max":94,"heart_rate_min":78,"start_time":1674575040000,"end_time":1674575099000},{"heart_rate":80,"heart_rate_max":88,"heart_rate_min":77,"start_time":1674574980000,"end_time":1674575039000},{"heart_rate":78,"heart_rate_max":80,"heart_rate_min":77,"start_time":1674574920000,"end_time":1674574979000},{"heart_rate":77,"heart_rate_max":79,"heart_rate_min":76,"start_time":1674574860000,"end_time":1674574919000},{"heart_rate":80,"heart_rate_max":88,"heart_rate_min":75,"start_time":1674574800000,"end_time":1674574859000},{"heart_rate":84,"heart_rate_max":88,"heart_rate_min":79,"start_time":1674574740000,"end_time":1674574799000},{"heart_rate":82,"heart_rate_max":92,"heart_rate_min":75,"start_time":1674574680000,"end_time":1674574739000},{"heart_rate":82,"heart_rate_max":87,"heart_rate_min":77,"start_time":1674574620000,"end_time":1674574679000},{"heart_rate":80,"heart_rate_max":84,"heart_rate_min":77,"start_time":1674574560000,"end_time":1674574619000},{"heart_rate":89,"heart_rate_max":95,"heart_rate_min":83,"start_time":1674574500000,"end_time":1674574559000},{"heart_rate":89,"heart_rate_max":96,"heart_rate_min":88,"start_time":1674574440000,"end_time":1674574499000},{"heart_rate":83,"heart_rate_max":95,"heart_rate_min":81,"start_time":1674574380000,"end_time":1674574439000},{"heart_rate":80,"heart_rate_max":83,"heart_rate_min":79,"start_time":1674574320000,"end_time":1674574379000},{"heart_rate":86,"heart_rate_max":90,"heart_rate_min":83,"start_time":1674574260000,"end_time":1674574319000},{"heart_rate":81,"heart_rate_max":87,"heart_rate_min":79,"start_time":1674574200000,"end_time":1674574259000},{"heart_rate":80,"heart_rate_max":85,"heart_rate_min":72,"start_time":1674574140000,"end_time":1674574199000},{"heart_rate":70,"heart_rate_max":79,"heart_rate_min":63,"start_time":1674574080000,"end_time":1674574139000},{"heart_rate":65,"heart_rate_max":87,"heart_rate_min":55,"start_time":1674574020000,"end_time":1674574079000},{"heart_rate":85,"heart_rate_max":89,"heart_rate_min":82,"start_time":1674573960000,"end_time":1674574019000},{"heart_rate":88,"heart_rate_max":91,"heart_rate_min":86,"start_time":1674573900000,"end_time":1674573959000},{"heart_rate":82,"heart_rate_max":87,"heart_rate_min":78,"start_time":1674573840000,"end_time":1674573899000},{"heart_rate":83,"heart_rate_max":86,"heart_rate_min":81,"start_time":1674573780000,"end_time":1674573839000},{"heart_rate":84,"heart_rate_max":89,"heart_rate_min":82,"start_time":1674573720000,"end_time":1674573779000},{"heart_rate":89,"heart_rate_max":91,"heart_rate_min":87,"start_time":1674573660000,"end_time":1674573719000},{"heart_rate":78,"heart_rate_max":87,"heart_rate_min":71,"start_time":1674573600000,"end_time":1674573659000},{"heart_rate":78,"heart_rate_max":83,"heart_rate_min":75,"start_time":1674573540000,"end_time":1674573599000},{"heart_rate":78,"heart_rate_max":82,"heart_rate_min":74,"start_time":1674573480000,"end_time":1674573539000},{"heart_rate":77,"heart_rate_max":81,"heart_rate_min":74,"start_time":1674573420000,"end_time":1674573479000},{"heart_rate":76,"heart_rate_max":78,"heart_rate_min":73,"start_time":1674573360000,"end_time":1674573419000},{"heart_rate":75,"heart_rate_max":83,"heart_rate_min":68,"start_time":1674573300000,"end_time":1674573359000},{"heart_rate":81,"heart_rate_max":87,"heart_rate_min":75,"start_time":1674573240000,"end_time":1674573299000},{"heart_rate":80,"heart_rate_max":87,"heart_rate_min":75,"start_time":1674573180000,"end_time":1674573239000},{"heart_rate":83,"heart_rate_max":102,"heart_rate_min":78,"start_time":1674573120000,"end_time":1674573179000},{"heart_rate":103,"heart_rate_max":104,"heart_rate_min":82,"start_time":1674573060000,"end_time":1674573119000},{"heart_rate":83,"heart_rate_max":87,"heart_rate_min":82,"start_time":1674573000000,"end_time":1674573059000},{"heart_rate":80,"heart_rate_max":83,"heart_rate_min":78,"start_time":1674572940000,"end_time":1674572999000},{"heart_rate":78,"heart_rate_max":83,"heart_rate_min":76,"start_time":1674572880000,"end_time":1674572939000},{"heart_rate":77,"heart_rate_max":83,"heart_rate_min":67,"start_time":1674572820000,"end_time":1674572879000},{"heart_rate":74,"heart_rate_max":79,"heart_rate_min":65,"start_time":1674572760000,"end_time":1674572819000},{"heart_rate":78,"heart_rate_max":82,"heart_rate_min":74,"start_time":1674572700000,"end_time":1674572759000},{"heart_rate":78,"heart_rate_max":82,"heart_rate_min":72,"start_time":1674572640000,"end_time":1674572699000},{"heart_rate":73,"heart_rate_max":85,"heart_rate_min":66,"start_time":1674572580000,"end_time":1674572639000},{"heart_rate":72,"heart_rate_max":79,"heart_rate_min":67,"start_time":1674572520000,"end_time":1674572579000},{"heart_rate":74,"heart_rate_max":82,"heart_rate_min":65,"start_time":1674572460000,"end_time":1674572519000},{"heart_rate":70,"heart_rate_max":78,"heart_rate_min":59,"start_time":1674572400000,"end_time":1674572459000}]