[{"heart_rate":67,"heart_rate_max":72,"heart_rate_min":58,"start_time":1674572340000,"end_time":1674572399000},{"heart_rate":71,"heart_rate_max":75,"heart_rate_min":68,"start_time":1674572280000,"end_time":1674572339000},{"heart_rate":70,"heart_rate_max":75,"heart_rate_min":67,"start_time":1674572220000,"end_time":1674572279000},{"heart_rate":69,"heart_rate_max":86,"heart_rate_min":63,"start_time":1674572160000,"end_time":1674572219000},{"heart_rate":71,"heart_rate_max":78,"heart_rate_min":68,"start_time":1674572100000,"end_time":1674572159000},{"heart_rate":69,"heart_rate_max":72,"heart_rate_min":67,"start_time":1674572040000,"end_time":1674572099000},{"heart_rate":68,"heart_rate_max":85,"heart_rate_min":55,"start_time":1674571980000,"end_time":1674572039000},{"heart_rate":81,"heart_rate_max":85,"heart_rate_min":79,"start_time":1674571920000,"end_time":1674571979000},{"heart_rate":78,"heart_rate_max":81,"heart_rate_min":70,"start_time":1674571860000,"end_time":1674571919000},{"heart_rate":82,"heart_rate_max":85,"heart_rate_min":80,"start_time":1674571800000,"end_time":1674571859000},{"heart_rate":82,"heart_rate_max":86,"heart_rate_min":77,"start_time":1674571740000,"end_time":1674571799000},{"heart_rate":77,"heart_rate_max":82,"heart_rate_min":65,"start_time":1674571680000,"end_time":1674571739000},{"heart_rate":80,"heart_rate_max":83,"heart_rate_min":77,"start_time":1674571620000,"end_time":1674571679000},{"heart_rate":77,"heart_rate_max":82,"heart_rate_min":70,"start_time":1674571560000,"end_time":1674571619000},{"heart_rate":79,"heart_rate_max":82,"heart_rate_min":71,"start_time":1674571500000,"end_time":1674571559000},{"heart_rate":79,"heart_rate_max":82,"heart_rate_min":76,"start_time":1674571440000,"end_time":1674571499000},{"heart_rate":75,"heart_rate_max":81,"heart_rate_min":66,"start_time":1674571380000,"end_time":1674571439000},{"heart_rate":79,"heart_rate_max":82,"heart_rate_min":70,"start_time":1674571320000,"end_time":1674571379000},{"heart_rate":76,"heart_rate_max":79,"heart_rate_min":68,"start_time":1674571260000,"end_time":1674571319000},{"heart_rate":65,"heart_rate_max":68,"heart_rate_min":62,"start_time":1674571200000,"end_time":1674571259000},{"heart_rate":65,"heart_rate_max":76,"heart_rate_min":60,"start_time":1674571140000,"end_time":1674571199000},{"heart_rate":72,"heart_rate_max":76,"heart_rate_min":65,"start_time":1674571080000,"end_time":1674571139000},{"heart_rate":72,"heart_rate_max":79,"heart_rate_min":64,"start_time":1674571020000,"end_time":1674571079000},{"heart_rate":75,"heart_rate_max":81,"heart_rate_min":65,"start_time":1674570960000,"end_time":1674571019000},{"heart_rate":73,"heart_rate_max":95,"heart_rate_min":65,"start_time":1674570900000,"end_time":1674570959000},{"heart_rate":80,"heart_rate_max":82,"heart_rate_min":78,"start_time":1674570840000,"end_time":1674570899000},{"heart_rate":77,"heart_rate_max":80,"heart_rate_min":76,"start_time":1674570780000,"end_time":1674570839000},{"heart_rate":74,"heart_rate_max":81,"heart_rate_min":63,"start_time":1674570720000,"end_time":1674570779000},{"heart_rate":80,"heart_rate_max":84,"heart_rate_min":76,"start_time":1674570660000,"end_time":1674570719000},{"heart_rate":81,"heart_rate_max":84,"heart_rate_min":81,"start_time":1674570600000,"end_time":1674570659000},{"heart_rate":81,"heart_rate_max":83,"heart_rate_min":79,"start_time":1674570540000,"end_time":1674570599000},{"heart_rate":82,"heart_rate_max":84,"heart_rate_min":81,"start_time":1674570480000,"end_time":1674570539000},{"heart_rate":80,"heart_rate_max":82,"heart_rate_min":79,"start_time":1674570420000,"end_time":1674570479000},{"heart_rate":80,"heart_rate_max":82,"heart_rate_min":78,"start_time":1674570360000,"end_time":1674570419000},{"heart_rate":82,"heart_rate_max":84,"heart_rate_min":80,"start_time":1674570300000,"end_time":1674570359000},{"heart_rate":81,"heart_rate_max":85,"heart_rate_min":79,"start_time":1674570240000,"end_time":1674570299000},{"heart_rate":79,"heart_rate_max":81,"heart_rate_min":79,"start_time":1674570180000,"end_time":1674570239000},{"heart_rate":80,"heart_rate_max":84,"heart_rate_min":79,"start_time":1674570120000,"end_time":1674570179000},{"heart_rate":80,"heart_rate_max":82,"heart_rate_min":80,"start_time":1674570060000,"end_time":1674570119000},{"heart_rate":79,"heart_rate_max":83,"heart_rate_min":78,"start_time":1674570000000,"end_time":1674570059000},{"heart_rate":78,"heart_rate_max":80,"heart_rate_min":77,"start_time":1674569940000,"end_time":1674569999000},{"heart_rate":80,"heart_rate_max":82,"heart_rate_min":79,"start_time":1674569880000,"end_time":1674569939000},{"heart_rate":79,"heart_rate_max":82,"heart_rate_min":78,"start_time":1674569820000,"end_time":1674569879000},{"heart_rate":77,"heart_rate_max":80,"heart_rate_min":76,"start_time":1674569760000,"end_time":1674569819000},{"heart_rate":79,"heart_rate_max":81,"heart_rate_min":77,"start_time":1674569700000,"end_time":1674569759000},{"heart_rate":77,"heart_rate_max":79,"heart_rate_min":75,"start_time":1674569640000,"end_time":1674569699000},{"heart_rate":78,"heart_rate_max":82,"heart_rate_min":75,"start_time":1674569580000,"end_time":1674569639000},{"heart_rate":75,"heart_rate_max":78,"heart_rate_min":73,"start_time":1674569520000,"end_time":1674569579000},{"heart_rate":77,"heart_rate_max":80,"heart_rate_min":76,"start_time":1674569460000,"end_time":1674569519000},{"heart_rate":71,"heart_rate_max":76,"heart_rate_min":65,"start_time":1674569400000,"end_time":1674569459000},{"heart_rate":69,"heart_rate_max":75,"heart_rate_min":60,"start_time":1674569340000,"end_time":1674569399000},{"heart_rate":76,"heart_rate_max":86,"heart_rate_min":68,"start_time":1674569280000,"end_time":1674569339000},{"heart_rate":75,"heart_rate_max":83,"heart_rate_min":69,"start_time":1674569220000,"end_time":1674569279000},{"heart_rate":70,"heart_rate_max":80,"heart_rate_min":58,"start_time":1674569160000,"end_time":1674569219000},{"heart_rate":74,"heart_rate_max":82,"heart_rate_min":66,"start_time":1674569100000,"end_time":1674569159000},{"heart_rate":74,"heart_rate_max":78,"heart_rate_min":69,"start_time":1674569040000,"end_time":1674569099000},{"heart_rate":82,"heart_rate_max":87,"heart_rate_min":75,"start_time":1674568980000,"end_time":1674569039000},{"heart_rate":76,"heart_rate_max":79,"heart_rate_min":72,"start_time":1674568920000,"end_time":1674568979000},{"heart_rate":84,"heart_rate_max":92,"heart_rate_min":82,"start_time":1674568860000,"end_time":1674568919000},{"heart_rate":79,"heart_rate_max":84,"heart_rate_min":70,"start_time":1674568800000,"end_time":1674568859000}]