[{"heart_rate":75,"heart_rate_max":80,"heart_rate_min":65,"start_time":1674644340000,"end_time":1674644399000},{"heart_rate":75,"heart_rate_max":80,"heart_rate_min":70,"start_time":1674644280000,"end_time":1674644339000},{"heart_rate":75,"heart_rate_max":81,"heart_rate_min":65,"start_time":1674644220000,"end_time":1674644279000},{"heart_rate":79,"heart_rate_max":83,"heart_rate_min":76,"start_time":1674644160000,"end_time":1674644219000},{"heart_rate":80,"heart_rate_max":82,"heart_rate_min":78,"start_time":1674644100000,"end_time":1674644159000},{"heart_rate":80,"heart_rate_max":83,"heart_rate_min":78,"start_time":1674644040000,"end_time":1674644099000},{"heart_rate":77,"heart_rate_max":81,"heart_rate_min":74,"start_time":1674643980000,"end_time":1674644039000},{"heart_rate":76,"heart_rate_max":80,"heart_rate_min":73,"start_time":1674643920000,"end_time":1674643979000},{"heart_rate":76,"heart_rate_max":80,"heart_rate_min":73,"start_time":1674643860000,"end_time":1674643919000},{"heart_rate":78,"heart_rate_max":80,"heart_rate_min":76,"start_time":1674643800000,"end_time":1674643859000},{"heart_rate":79,"heart_rate_max":81,"heart_rate_min":77,"start_time":1674643740000,"end_time":1674643799000},{"heart_rate":76,"heart_rate_max":81,"heart_rate_min":70,"start_time":1674643680000,"end_time":1674643739000},{"heart_rate":79,"heart_rate_max":82,"heart_rate_min":77,"start_time":1674643620000,"end_time":1674643679000},{"heart_rate":79,"heart_rate_max":81,"heart_rate_min":77,"start_time":1674643560000,"end_time":1674643619000},{"heart_rate":78,"heart_rate_max":81,"heart_rate_min":77,"start_time":1674643500000,"end_time":1674643559000},{"heart_rate":79,"heart_rate_max":82,"heart_rate_min":78,"start_time":1674643440000,"end_time":1674643499000},{"heart_rate":76,"heart_rate_max":82,"heart_rate_min":64,"start_time":1674643380000,"end_time":1674643439000},{"heart_rate":78,"heart_rate_max":82,"heart_rate_min":76,"start_time":1674643320000,"end_time":1674643379000},{"heart_rate":81,"heart_rate_max":85,"heart_rate_min":79,"start_time":1674643260000,"end_time":1674643319000},{"heart_rate":74,"heart_rate_max":85,"heart_rate_min":66,"start_time":1674643200000,"end_time":1674643259000},{"heart_rate":76,"heart_rate_max":80,"heart_rate_min":65,"start_time":1674643140000,"end_time":1674643199000},{"heart_rate":73,"heart_rate_max":79,"heart_rate_min":65,"start_time":1674643080000,"end_time":1674643139000},{"heart_rate":76,"heart_rate_max":79,"heart_rate_min":72,"start_time":1674643020000,"end_time":1674643079000},{"heart_rate":75,"heart_rate_max":79,"heart_rate_min":65,"start_time":1674642960000,"end_time":1674643019000},{"heart_rate":74,"heart_rate_max":80,"heart_rate_min":65,"start_time":1674642900000,"end_time":1674642959000},{"heart_rate":72,"heart_rate_max":79,"heart_rate_min":59,"start_time":1674642840000,"end_time":1674642899000},{"heart_rate":75,"heart_rate_max":80,"heart_rate_min":65,"start_time":1674642780000,"end_time":1674642839000},{"heart_rate":73,"heart_rate_max":81,"heart_rate_min":60,"start_time":1674642720000,"end_time":1674642779000},{"heart_rate":70,"heart_rate_max":78,"heart_rate_min":62,"start_time":1674642660000,"end_time":1674642719000},{"heart_rate":71,"heart_rate_max":76,"heart_rate_min":60,"start_time":1674642600000,"end_time":1674642659000},{"heart_rate":69,"heart_rate_max":76,"heart_rate_min":60,"start_time":1674642540000,"end_time":1674642599000},{"heart_rate":70,"heart_rate_max":75,"heart_rate_min":65,"start_time":1674642480000,"end_time":1674642539000},{"heart_rate":69,"heart_rate_max":77,"heart_rate_min":60,"start_time":1674642420000,"end_time":1674642479000},{"heart_rate":76,"heart_rate_max":86,"heart_rate_min":61,"start_time":1674642360000,"end_time":1674642419000},{"heart_rate":75,"heart_rate_max":83,"heart_rate_min":66,"start_time":1674642300000,"end_time":1674642359000},{"heart_rate":72,"heart_rate_max":77,"heart_rate_min":64,"start_time":1674642240000,"end_time":1674642299000},{"heart_rate":72,"heart_rate_max":79,"heart_rate_min":61,"start_time":1674642180000,"end_time":1674642239000},{"heart_rate":74,"heart_rate_max":86,"heart_rate_min":65,"start_time":1674642120000,"end_time":1674642179000},{"heart_rate":74,"heart_rate_max":86,"heart_rate_min":70,"start_time":1674642060000,"end_time":1674642119000},{"heart_rate":68,"heart_rate_max":72,"heart_rate_min":60,"start_time":1674642000000,"end_time":1674642059000},{"heart_rate":68,"heart_rate_max":72,"heart_rate_min":60,"start_time":1674641940000,"end_time":1674641999000},{"heart_rate":72,"heart_rate_max":74,"heart_rate_min":70,"start_time":1674641880000,"end_time":1674641939000},{"heart_rate":71,"heart_rate_max":74,"heart_rate_min":70,"start_time":1674641820000,"end_time":1674641879000},{"heart_rate":71,"heart_rate_max":74,"heart_rate_min":69,"start_time":1674641760000,"end_time":1674641819000},{"heart_rate":69,"heart_rate_max":72,"heart_rate_min":67,"start_time":1674641700000,"end_time":1674641759000},{"heart_rate":74,"heart_rate_max":94,"heart_rate_min":68,"start_time":1674641640000,"end_time":1674641699000},{"heart_rate":78,"heart_rate_max":96,"heart_rate_min":74,"start_time":1674641580000,"end_time":1674641639000},{"heart_rate":74,"heart_rate_max":78,"heart_rate_min":73,"start_time":1674641520000,"end_time":1674641579000},{"heart_rate":73,"heart_rate_max":77,"heart_rate_min":73,"start_time":1674641460000,"end_time":1674641519000},{"heart_rate":74,"heart_rate_max":76,"heart_rate_min":72,"start_time":1674641400000,"end_time":1674641459000},{"heart_rate":73,"heart_rate_max":77,"heart_rate_min":72,"start_time":1674641340000,"end_time":1674641399000},{"heart_rate":75,"heart_rate_max":78,"heart_rate_min":73,"start_time":1674641280000,"end_time":1674641339000},{"heart_rate":72,"heart_rate_max":76,"heart_rate_min":70,"start_time":1674641220000,"end_time":1674641279000},{"heart_rate":72,"heart_rate_max":76,"heart_rate_min":70,"start_time":1674641160000,"end_time":1674641219000},{"heart_rate":79,"heart_rate_max":84,"heart_rate_min":72,"start_time":1674641100000,"end_time":1674641159000},{"heart_rate":92,"heart_rate_max":101,"heart_rate_min":83,"start_time":1674641040000,"end_time":1674641099000},{"heart_rate":91,"heart_rate_max":96,"heart_rate_min":86,"start_time":1674640980000,"end_time":1674641039000},{"heart_rate":85,"heart_rate_max":86,"heart_rate_min":77,"start_time":1674640920000,"end_time":1674640979000},{"heart_rate":82,"heart_rate_max":85,"heart_rate_min":80,"start_time":1674640860000,"end_time":1674640919000},{"heart_rate":82,"heart_rate_max":86,"heart_rate_min":79,"start_time":1674640800000,"end_time":1674640859000}]