[{"heart_rate":87,"heart_rate_max":96,"heart_rate_min":83,"start_time":1674745140000,"end_time":1674745199000},{"heart_rate":93,"heart_rate_max":98,"heart_rate_min":85,"start_time":1674745080000,"end_time":1674745139000},{"heart_rate":87,"heart_rate_max":90,"heart_rate_min":83,"start_time":1674745020000,"end_time":1674745079000},{"heart_rate":85,"heart_rate_max":91,"heart_rate_min":74,"start_time":1674744960000,"end_time":1674745019000},{"heart_rate":79,"heart_rate_max":89,"heart_rate_min":70,"start_time":1674744900000,"end_time":1674744959000},{"heart_rate":67,"heart_rate_max":79,"heart_rate_min":54,"start_time":1674744840000,"end_time":1674744899000},{"heart_rate":60,"heart_rate_max":72,"heart_rate_min":52,"start_time":1674744780000,"end_time":1674744839000},{"heart_rate":57,"heart_rate_max":63,"heart_rate_min":54,"start_time":1674744720000,"end_time":1674744779000},{"heart_rate":61,"heart_rate_max":72,"heart_rate_min":55,"start_time":1674744660000,"end_time":1674744719000},{"heart_rate":68,"heart_rate_max":72,"heart_rate_min":61,"start_time":1674744600000,"end_time":1674744659000},{"heart_rate":73,"heart_rate_max":78,"heart_rate_min":70,"start_time":1674744540000,"end_time":1674744599000},{"heart_rate":73,"heart_rate_max":76,"heart_rate_min":69,"start_time":1674744480000,"end_time":1674744539000},{"heart_rate":68,"heart_rate_max":79,"heart_rate_min":53,"start_time":1674744420000,"end_time":1674744479000},{"heart_rate":75,"heart_rate_max":82,"heart_rate_min":65,"start_time":1674744360000,"end_time":1674744419000},{"heart_rate":69,"heart_rate_max":76,"heart_rate_min":67,"start_time":1674744300000,"end_time":1674744359000},{"heart_rate":68,"heart_rate_max":75,"heart_rate_min":56,"start_time":1674744240000,"end_time":1674744299000},{"heart_rate":73,"heart_rate_max":79,"heart_rate_min":68,"start_time":1674744180000,"end_time":1674744239000},{"heart_rate":69,"heart_rate_max":76,"heart_rate_min":65,"start_time":1674744120000,"end_time":1674744179000},{"heart_rate":70,"heart_rate_max":78,"heart_rate_min":60,"start_time":1674744060000,"end_time":1674744119000},{"heart_rate":65,"heart_rate_max":72,"heart_rate_min":57,"start_time":1674744000000,"end_time":1674744059000},{"heart_rate":67,"heart_rate_max":72,"heart_rate_min":64,"start_time":1674743940000,"end_time":1674743999000},{"heart_rate":66,"heart_rate_max":73,"heart_rate_min":54,"start_time":1674743880000,"end_time":1674743939000},{"heart_rate":65,"heart_rate_max":70,"heart_rate_min":62,"start_time":1674743820000,"end_time":1674743879000},{"heart_rate":74,"heart_rate_max":83,"heart_rate_min":64,"start_time":1674743760000,"end_time":1674743819000},{"heart_rate":74,"heart_rate_max":77,"heart_rate_min":72,"start_time":1674743700000,"end_time":1674743759000},{"heart_rate":72,"heart_rate_max":75,"heart_rate_min":70,"start_time":1674743640000,"end_time":1674743699000},{"heart_rate":73,"heart_rate_max":80,"heart_rate_min":65,"start_time":1674743580000,"end_time":1674743639000},{"heart_rate":74,"heart_rate_max":80,"heart_rate_min":71,"start_time":1674743520000,"end_time":1674743579000},{"heart_rate":70,"heart_rate_max":74,"heart_rate_min":65,"start_time":1674743460000,"end_time":1674743519000},{"heart_rate":72,"heart_rate_max":78,"heart_rate_min":60,"start_time":1674743400000,"end_time":1674743459000},{"heart_rate":70,"heart_rate_max":76,"heart_rate_min":62,"start_time":1674743340000,"end_time":1674743399000},{"heart_rate":75,"heart_rate_max":83,"heart_rate_min":70,"start_time":1674743280000,"end_time":1674743339000},{"heart_rate":71,"heart_rate_max":85,"heart_rate_min":59,"start_time":1674743220000,"end_time":1674743279000},{"heart_rate":74,"heart_rate_max":82,"heart_rate_min":68,"start_time":1674743160000,"end_time":1674743219000},{"heart_rate":71,"heart_rate_max":74,"heart_rate_min":69,"start_time":1674743100000,"end_time":1674743159000},{"heart_rate":69,"heart_rate_max":75,"heart_rate_min":61,"start_time":1674743040000,"end_time":1674743099000},{"heart_rate":71,"heart_rate_max":74,"heart_rate_min":60,"start_time":1674742980000,"end_time":1674743039000},{"heart_rate":70,"heart_rate_max":76,"heart_rate_min":65,"start_time":1674742920000,"end_time":1674742979000},{"heart_rate":69,"heart_rate_max":72,"heart_rate_min":67,"start_time":1674742860000,"end_time":1674742919000},{"heart_rate":71,"heart_rate_max":77,"heart_rate_min":67,"start_time":1674742800000,"end_time":1674742859000},{"heart_rate":70,"heart_rate_max":80,"heart_rate_min":60,"start_time":1674742740000,"end_time":1674742799000},{"heart_rate":69,"heart_rate_max":79,"heart_rate_min":64,"start_time":1674742680000,"end_time":1674742739000},{"heart_rate":68,"heart_rate_max":71,"heart_rate_min":65,"start_time":1674742620000,"end_time":1674742679000},{"heart_rate":72,"heart_rate_max":85,"heart_rate_min":59,"start_time":1674742560000,"end_time":1674742619000},{"heart_rate":69,"heart_rate_max":83,"heart_rate_min":61,"start_time":1674742500000,"end_time":1674742559000},{"heart_rate":71,"heart_rate_max":88,"heart_rate_min":58,"start_time":1674742440000,"end_time":1674742499000},{"heart_rate":70,"heart_rate_max":77,"heart_rate_min":67,"start_time":1674742380000,"end_time":1674742439000},{"heart_rate":68,"heart_rate_max":79,"heart_rate_min":61,"start_time":1674742320000,"end_time":1674742379000},{"heart_rate":73,"heart_rate_max":80,"heart_rate_min":69,"start_time":1674742260000,"end_time":1674742319000},{"heart_rate":74,"heart_rate_max":85,"heart_rate_min":69,"start_time":1674742200000,"end_time":1674742259000},{"heart_rate":71,"heart_rate_max":92,"heart_rate_min":63,"start_time":1674742140000,"end_time":1674742199000},{"heart_rate":86,"heart_rate_max":94,"heart_rate_min":75,"start_time":1674742080000,"end_time":1674742139000},{"heart_rate":74,"heart_rate_max":78,"heart_rate_min":65,"start_time":1674742020000,"end_time":1674742079000},{"heart_rate":74,"heart_rate_max":78,"heart_rate_min":66,"start_time":1674741960000,"end_time":1674742019000},{"heart_rate":73,"heart_rate_max":78,"heart_rate_min":65,"start_time":1674741900000,"end_time":1674741959000},{"heart_rate":71,"heart_rate_max":78,"heart_rate_min":61,"start_time":1674741840000,"end_time":1674741899000},{"heart_rate":74,"heart_rate_max":77,"heart_rate_min":73,"start_time":1674741780000,"end_time":1674741839000},{"heart_rate":74,"heart_rate_max":76,"heart_rate_min":72,"start_time":1674741720000,"end_time":1674741779000},{"heart_rate":73,"heart_rate_max":75,"heart_rate_min":71,"start_time":1674741660000,"end_time":1674741719000},{"heart_rate":76,"heart_rate_max":79,"heart_rate_min":68,"start_time":1674741600000,"end_time":1674741659000}]