[{"heart_rate":92,"heart_rate_max":96,"heart_rate_min":86,"start_time":1674698340000,"end_time":1674698399000},{"heart_rate":91,"heart_rate_max":94,"heart_rate_min":86,"start_time":1674698280000,"end_time":1674698339000},{"heart_rate":80,"heart_rate_max":92,"heart_rate_min":77,"start_time":1674698220000,"end_time":1674698279000},{"heart_rate":79,"heart_rate_max":83,"heart_rate_min":76,"start_time":1674698160000,"end_time":1674698219000},{"heart_rate":76,"heart_rate_max":80,"heart_rate_min":74,"start_time":1674698100000,"end_time":1674698159000},{"heart_rate":87,"heart_rate_max":88,"heart_rate_min":87,"start_time":1674698040000,"end_time":1674698099000},{"heart_rate":90,"heart_rate_max":92,"heart_rate_min":90,"start_time":1674697980000,"end_time":1674698039000},{"heart_rate":92,"heart_rate_max":92,"heart_rate_min":92,"start_time":1674697920000,"end_time":1674697979000},{"heart_rate":92,"heart_rate_max":95,"heart_rate_min":91,"start_time":1674697800000,"end_time":1674697859000},{"heart_rate":82,"heart_rate_max":93,"heart_rate_min":76,"start_time":1674697740000,"end_time":1674697799000},{"heart_rate":78,"heart_rate_max":85,"heart_rate_min":75,"start_time":1674697680000,"end_time":1674697739000},{"heart_rate":72,"heart_rate_max":81,"heart_rate_min":65,"start_time":1674697620000,"end_time":1674697679000},{"heart_rate":77,"heart_rate_max":83,"heart_rate_min":65,"start_time":1674697560000,"end_time":1674697619000},{"heart_rate":78,"heart_rate_max":80,"heart_rate_min":73,"start_time":1674697500000,"end_time":1674697559000},{"heart_rate":81,"heart_rate_max":84,"heart_rate_min":79,"start_time":1674697440000,"end_time":1674697499000},{"heart_rate":88,"heart_rate_max":90,"heart_rate_min":81,"start_time":1674697380000,"end_time":1674697439000},{"heart_rate":86,"heart_rate_max":91,"heart_rate_min":77,"start_time":1674697320000,"end_time":1674697379000},{"heart_rate":88,"heart_rate_max":93,"heart_rate_min":84,"start_time":1674697260000,"end_time":1674697319000},{"heart_rate":91,"heart_rate_max":95,"heart_rate_min":88,"start_time":1674697200000,"end_time":1674697259000},{"heart_rate":94,"heart_rate_max":96,"heart_rate_min":93,"start_time":1674697140000,"end_time":1674697199000},{"heart_rate":87,"heart_rate_max":90,"heart_rate_min":84,"start_time":1674697080000,"end_time":1674697139000},{"heart_rate":90,"heart_rate_max":97,"heart_rate_min":84,"start_time":1674697020000,"end_time":1674697079000},{"heart_rate":94,"heart_rate_max":101,"heart_rate_min":89,"start_time":1674696960000,"end_time":1674697019000},{"heart_rate":90,"heart_rate_max":91,"heart_rate_min":90,"start_time":1674696900000,"end_time":1674696959000},{"heart_rate":78,"heart_rate_max":87,"heart_rate_min":76,"start_time":1674696840000,"end_time":1674696899000},{"heart_rate":79,"heart_rate_max":84,"heart_rate_min":78,"start_time":1674696780000,"end_time":1674696839000},{"heart_rate":85,"heart_rate_max":93,"heart_rate_min":80,"start_time":1674696720000,"end_time":1674696779000},{"heart_rate":87,"heart_rate_max":91,"heart_rate_min":85,"start_time":1674696660000,"end_time":1674696719000},{"heart_rate":87,"heart_rate_max":91,"heart_rate_min":85,"start_time":1674696600000,"end_time":1674696659000},{"heart_rate":84,"heart_rate_max":87,"heart_rate_min":83,"start_time":1674696540000,"end_time":1674696599000},{"heart_rate":83,"heart_rate_max":87,"heart_rate_min":78,"start_time":1674696480000,"end_time":1674696539000},{"heart_rate":85,"heart_rate_max":92,"heart_rate_min":83,"start_time":1674696420000,"end_time":1674696479000},{"heart_rate":79,"heart_rate_max":83,"heart_rate_min":71,"start_time":1674696360000,"end_time":1674696419000},{"heart_rate":72,"heart_rate_max":82,"heart_rate_min":65,"start_time":1674696300000,"end_time":1674696359000},{"heart_rate":78,"heart_rate_max":84,"heart_rate_min":75,"start_time":1674696240000,"end_time":1674696299000},{"heart_rate":83,"heart_rate_max":89,"heart_rate_min":76,"start_time":1674696180000,"end_time":1674696239000},{"heart_rate":93,"heart_rate_max":94,"heart_rate_min":93,"start_time":1674696120000,"end_time":1674696179000},{"heart_rate":95,"heart_rate_max":100,"heart_rate_min":91,"start_time":1674696000000,"end_time":1674696059000},{"heart_rate":100,"heart_rate_max":100,"heart_rate_min":100,"start_time":1674695940000,"end_time":1674695999000},{"heart_rate":97,"heart_rate_max":100,"heart_rate_min":96,"start_time":1674695880000,"end_time":1674695939000},{"heart_rate":86,"heart_rate_max":92,"heart_rate_min":85,"start_time":1674695760000,"end_time":1674695819000},{"heart_rate":84,"heart_rate_max":88,"heart_rate_min":82,"start_time":1674695700000,"end_time":1674695759000},{"heart_rate":83,"heart_rate_max":104,"heart_rate_min":80,"start_time":1674695640000,"end_time":1674695699000},{"heart_rate":94,"heart_rate_max":100,"heart_rate_min":87,"start_time":1674695580000,"end_time":1674695639000},{"heart_rate":85,"heart_rate_max":89,"heart_rate_min":82,"start_time":1674695520000,"end_time":1674695579000},{"heart_rate":93,"heart_rate_max":106,"heart_rate_min":86,"start_time":1674695460000,"end_time":1674695519000},{"heart_rate":87,"heart_rate_max":91,"heart_rate_min":83,"start_time":1674695400000,"end_time":1674695459000},{"heart_rate":92,"heart_rate_max":102,"heart_rate_min":85,"start_time":1674695340000,"end_time":1674695399000},{"heart_rate":93,"heart_rate_max":96,"heart_rate_min":92,"start_time":1674695280000,"end_time":1674695339000},{"heart_rate":96,"heart_rate_max":107,"heart_rate_min":92,"start_time":1674695220000,"end_time":1674695279000},{"heart_rate":84,"heart_rate_max":91,"heart_rate_min":80,"start_time":1674695160000,"end_time":1674695219000},{"heart_rate":81,"heart_rate_max":95,"heart_rate_min":73,"start_time":1674695100000,"end_time":1674695159000},{"heart_rate":77,"heart_rate_max":82,"heart_rate_min":72,"start_time":1674695040000,"end_time":1674695099000},{"heart_rate":79,"heart_rate_max":87,"heart_rate_min":74,"start_time":1674694980000,"end_time":1674695039000},{"heart_rate":79,"heart_rate_max":101,"heart_rate_min":71,"start_time":1674694920000,"end_time":1674694979000},{"heart_rate":85,"heart_rate_max":91,"heart_rate_min":80,"start_time":1674694860000,"end_time":1674694919000},{"heart_rate":77,"heart_rate_max":88,"heart_rate_min":74,"start_time":1674694800000,"end_time":1674694859000}]