[{"heart_rate":84,"heart_rate_max":88,"heart_rate_min":80,"start_time":1674727140000,"end_time":1674727199000},{"heart_rate":79,"heart_rate_max":84,"heart_rate_min":73,"start_time":1674727080000,"end_time":1674727139000},{"heart_rate":74,"heart_rate_max":78,"heart_rate_min":70,"start_time":1674727020000,"end_time":1674727079000},{"heart_rate":83,"heart_rate_max":92,"heart_rate_min":73,"start_time":1674726960000,"end_time":1674727019000},{"heart_rate":90,"heart_rate_max":96,"heart_rate_min":88,"start_time":1674726900000,"end_time":1674726959000},{"heart_rate":89,"heart_rate_max":95,"heart_rate_min":83,"start_time":1674726840000,"end_time":1674726899000},{"heart_rate":89,"heart_rate_max":97,"heart_rate_min":85,"start_time":1674726780000,"end_time":1674726839000},{"heart_rate":89,"heart_rate_max":92,"heart_rate_min":87,"start_time":1674726720000,"end_time":1674726779000},{"heart_rate":89,"heart_rate_max":94,"heart_rate_min":85,"start_time":1674726660000,"end_time":1674726719000},{"heart_rate":82,"heart_rate_max":86,"heart_rate_min":80,"start_time":1674726600000,"end_time":1674726659000},{"heart_rate":86,"heart_rate_max":92,"heart_rate_min":81,"start_time":1674726540000,"end_time":1674726599000},{"heart_rate":84,"heart_rate_max":87,"heart_rate_min":83,"start_time":1674726480000,"end_time":1674726539000},{"heart_rate":84,"heart_rate_max":88,"heart_rate_min":82,"start_time":1674726420000,"end_time":1674726479000},{"heart_rate":84,"heart_rate_max":87,"heart_rate_min":82,"start_time":1674726360000,"end_time":1674726419000},{"heart_rate":84,"heart_rate_max":89,"heart_rate_min":82,"start_time":1674726300000,"end_time":1674726359000},{"heart_rate":87,"heart_rate_max":98,"heart_rate_min":83,"start_time":1674726240000,"end_time":1674726299000},{"heart_rate":82,"heart_rate_max":87,"heart_rate_min":81,"start_time":1674726180000,"end_time":1674726239000},{"heart_rate":84,"heart_rate_max":88,"heart_rate_min":81,"start_time":1674726120000,"end_time":1674726179000},{"heart_rate":84,"heart_rate_max":88,"heart_rate_min":83,"start_time":1674726060000,"end_time":1674726119000},{"heart_rate":85,"heart_rate_max":87,"heart_rate_min":81,"start_time":1674726000000,"end_time":1674726059000},{"heart_rate":88,"heart_rate_max":95,"heart_rate_min":84,"start_time":1674725940000,"end_time":1674725999000},{"heart_rate":87,"heart_rate_max":91,"heart_rate_min":83,"start_time":1674725880000,"end_time":1674725939000},{"heart_rate":85,"heart_rate_max":91,"heart_rate_min":82,"start_time":1674725820000,"end_time":1674725879000},{"heart_rate":82,"heart_rate_max":84,"heart_rate_min":81,"start_time":1674725760000,"end_time":1674725819000},{"heart_rate":82,"heart_rate_max":85,"heart_rate_min":80,"start_time":1674725700000,"end_time":1674725759000},{"heart_rate":80,"heart_rate_max":85,"heart_rate_min":76,"start_time":1674725640000,"end_time":1674725699000},{"heart_rate":81,"heart_rate_max":87,"heart_rate_min":73,"start_time":1674725580000,"end_time":1674725639000},{"heart_rate":83,"heart_rate_max":86,"heart_rate_min":80,"start_time":1674725520000,"end_time":1674725579000},{"heart_rate":82,"heart_rate_max":84,"heart_rate_min":81,"start_time":1674725460000,"end_time":1674725519000},{"heart_rate":83,"heart_rate_max":86,"heart_rate_min":79,"start_time":1674725400000,"end_time":1674725459000},{"heart_rate":83,"heart_rate_max":91,"heart_rate_min":79,"start_time":1674725340000,"end_time":1674725399000},{"heart_rate":83,"heart_rate_max":86,"heart_rate_min":81,"start_time":1674725280000,"end_time":1674725339000},{"heart_rate":85,"heart_rate_max":91,"heart_rate_min":82,"start_time":1674725220000,"end_time":1674725279000},{"heart_rate":83,"heart_rate_max":84,"heart_rate_min":81,"start_time":1674725160000,"end_time":1674725219000},{"heart_rate":81,"heart_rate_max":84,"heart_rate_min":79,"start_time":1674725100000,"end_time":1674725159000},{"heart_rate":75,"heart_rate_max":78,"heart_rate_min":70,"start_time":1674725040000,"end_time":1674725099000},{"heart_rate":80,"heart_rate_max":86,"heart_rate_min":76,"start_time":1674724980000,"end_time":1674725039000},{"heart_rate":84,"heart_rate_max":90,"heart_rate_min":81,"start_time":1674724920000,"end_time":1674724979000},{"heart_rate":82,"heart_rate_max":87,"heart_rate_min":79,"start_time":1674724860000,"end_time":1674724919000},{"heart_rate":84,"heart_rate_max":91,"heart_rate_min":80,"start_time":1674724800000,"end_time":1674724859000},{"heart_rate":82,"heart_rate_max":85,"heart_rate_min":79,"start_time":1674724740000,"end_time":1674724799000},{"heart_rate":82,"heart_rate_max":90,"heart_rate_min":79,"start_time":1674724680000,"end_time":1674724739000},{"heart_rate":83,"heart_rate_max":88,"heart_rate_min":78,"start_time":1674724620000,"end_time":1674724679000},{"heart_rate":80,"heart_rate_max":84,"heart_rate_min":78,"start_time":1674724560000,"end_time":1674724619000},{"heart_rate":84,"heart_rate_max":91,"heart_rate_min":80,"start_time":1674724500000,"end_time":1674724559000},{"heart_rate":80,"heart_rate_max":83,"heart_rate_min":77,"start_time":1674724440000,"end_time":1674724499000},{"heart_rate":82,"heart_rate_max":85,"heart_rate_min":79,"start_time":1674724380000,"end_time":1674724439000},{"heart_rate":82,"heart_rate_max":86,"heart_rate_min":80,"start_time":1674724320000,"end_time":1674724379000},{"heart_rate":83,"heart_rate_max":88,"heart_rate_min":80,"start_time":1674724260000,"end_time":1674724319000},{"heart_rate":83,"heart_rate_max":87,"heart_rate_min":79,"start_time":1674724200000,"end_time":1674724259000},{"heart_rate":79,"heart_rate_max":82,"heart_rate_min":74,"start_time":1674724140000,"end_time":1674724199000},{"heart_rate":79,"heart_rate_max":84,"heart_rate_min":76,"start_time":1674724080000,"end_time":1674724139000},{"heart_rate":81,"heart_rate_max":85,"heart_rate_min":79,"start_time":1674724020000,"end_time":1674724079000},{"heart_rate":81,"heart_rate_max":85,"heart_rate_min":79,"start_time":1674723960000,"end_time":1674724019000},{"heart_rate":83,"heart_rate_max":90,"heart_rate_min":78,"start_time":1674723900000,"end_time":1674723959000},{"heart_rate":82,"heart_rate_max":88,"heart_rate_min":80,"start_time":1674723840000,"end_time":1674723899000},{"heart_rate":79,"heart_rate_max":86,"heart_rate_min":74,"start_time":1674723780000,"end_time":1674723839000},{"heart_rate":78,"heart_rate_max":90,"heart_rate_min":75,"start_time":1674723720000,"end_time":1674723779000},{"heart_rate":84,"heart_rate_max":87,"heart_rate_min":82,"start_time":1674723660000,"end_time":1674723719000},{"heart_rate":83,"heart_rate_max":87,"heart_rate_min":80,"start_time":1674723600000,"end_time":1674723659000}]