[{"heart_rate":75,"heart_rate_max":81,"heart_rate_min":66,"start_time":1674565140000,"end_time":1674565199000},{"heart_rate":76,"heart_rate_max":83,"heart_rate_min":65,"start_time":1674565080000,"end_time":1674565139000},{"heart_rate":75,"heart_rate_max":82,"heart_rate_min":66,"start_time":1674565020000,"end_time":1674565079000},{"heart_rate":77,"heart_rate_max":81,"heart_rate_min":75,"start_time":1674564960000,"end_time":1674565019000},{"heart_rate":84,"heart_rate_max":103,"heart_rate_min":72,"start_time":1674564900000,"end_time":1674564959000},{"heart_rate":80,"heart_rate_max":86,"heart_rate_min":70,"start_time":1674564840000,"end_time":1674564899000},{"heart_rate":84,"heart_rate_max":87,"heart_rate_min":81,"start_time":1674564780000,"end_time":1674564839000},{"heart_rate":84,"heart_rate_max":86,"heart_rate_min":83,"start_time":1674564720000,"end_time":1674564779000},{"heart_rate":81,"heart_rate_max":84,"heart_rate_min":70,"start_time":1674564660000,"end_time":1674564719000},{"heart_rate":81,"heart_rate_max":84,"heart_rate_min":70,"start_time":1674564600000,"end_time":1674564659000},{"heart_rate":79,"heart_rate_max":85,"heart_rate_min":70,"start_time":1674564540000,"end_time":1674564599000},{"heart_rate":77,"heart_rate_max":84,"heart_rate_min":64,"start_time":1674564480000,"end_time":1674564539000},{"heart_rate":76,"heart_rate_max":80,"heart_rate_min":65,"start_time":1674564420000,"end_time":1674564479000},{"heart_rate":77,"heart_rate_max":84,"heart_rate_min":68,"start_time":1674564360000,"end_time":1674564419000},{"heart_rate":81,"heart_rate_max":98,"heart_rate_min":77,"start_time":1674564300000,"end_time":1674564359000},{"heart_rate":79,"heart_rate_max":83,"heart_rate_min":75,"start_time":1674564240000,"end_time":1674564299000},{"heart_rate":79,"heart_rate_max":84,"heart_rate_min":66,"start_time":1674564180000,"end_time":1674564239000},{"heart_rate":82,"heart_rate_max":84,"heart_rate_min":80,"start_time":1674564120000,"end_time":1674564179000},{"heart_rate":81,"heart_rate_max":85,"heart_rate_min":79,"start_time":1674564060000,"end_time":1674564119000},{"heart_rate":77,"heart_rate_max":82,"heart_rate_min":70,"start_time":1674564000000,"end_time":1674564059000},{"heart_rate":76,"heart_rate_max":82,"heart_rate_min":65,"start_time":1674563940000,"end_time":1674563999000},{"heart_rate":81,"heart_rate_max":84,"heart_rate_min":77,"start_time":1674563880000,"end_time":1674563939000},{"heart_rate":81,"heart_rate_max":84,"heart_rate_min":80,"start_time":1674563820000,"end_time":1674563879000},{"heart_rate":82,"heart_rate_max":85,"heart_rate_min":78,"start_time":1674563760000,"end_time":1674563819000},{"heart_rate":80,"heart_rate_max":83,"heart_rate_min":77,"start_time":1674563700000,"end_time":1674563759000},{"heart_rate":78,"heart_rate_max":80,"heart_rate_min":77,"start_time":1674563640000,"end_time":1674563699000},{"heart_rate":76,"heart_rate_max":83,"heart_rate_min":67,"start_time":1674563580000,"end_time":1674563639000},{"heart_rate":77,"heart_rate_max":82,"heart_rate_min":65,"start_time":1674563520000,"end_time":1674563579000},{"heart_rate":73,"heart_rate_max":79,"heart_rate_min":66,"start_time":1674563460000,"end_time":1674563519000},{"heart_rate":76,"heart_rate_max":79,"heart_rate_min":71,"start_time":1674563400000,"end_time":1674563459000},{"heart_rate":76,"heart_rate_max":86,"heart_rate_min":69,"start_time":1674563340000,"end_time":1674563399000},{"heart_rate":76,"heart_rate_max":87,"heart_rate_min":68,"start_time":1674563280000,"end_time":1674563339000},{"heart_rate":70,"heart_rate_max":77,"heart_rate_min":65,"start_time":1674563220000,"end_time":1674563279000},{"heart_rate":75,"heart_rate_max":82,"heart_rate_min":70,"start_time":1674563160000,"end_time":1674563219000},{"heart_rate":79,"heart_rate_max":84,"heart_rate_min":69,"start_time":1674563100000,"end_time":1674563159000},{"heart_rate":88,"heart_rate_max":99,"heart_rate_min":81,"start_time":1674563040000,"end_time":1674563099000},{"heart_rate":87,"heart_rate_max":99,"heart_rate_min":72,"start_time":1674562980000,"end_time":1674563039000},{"heart_rate":87,"heart_rate_max":90,"heart_rate_min":86,"start_time":1674562920000,"end_time":1674562979000},{"heart_rate":88,"heart_rate_max":91,"heart_rate_min":84,"start_time":1674562860000,"end_time":1674562919000},{"heart_rate":87,"heart_rate_max":90,"heart_rate_min":85,"start_time":1674562800000,"end_time":1674562859000},{"heart_rate":88,"heart_rate_max":90,"heart_rate_min":86,"start_time":1674562740000,"end_time":1674562799000},{"heart_rate":83,"heart_rate_max":90,"heart_rate_min":70,"start_time":1674562680000,"end_time":1674562739000},{"heart_rate":88,"heart_rate_max":90,"heart_rate_min":87,"start_time":1674562620000,"end_time":1674562679000},{"heart_rate":86,"heart_rate_max":89,"heart_rate_min":84,"start_time":1674562560000,"end_time":1674562619000},{"heart_rate":88,"heart_rate_max":89,"heart_rate_min":86,"start_time":1674562500000,"end_time":1674562559000},{"heart_rate":88,"heart_rate_max":90,"heart_rate_min":86,"start_time":1674562440000,"end_time":1674562499000},{"heart_rate":84,"heart_rate_max":88,"heart_rate_min":75,"start_time":1674562380000,"end_time":1674562439000},{"heart_rate":87,"heart_rate_max":89,"heart_rate_min":84,"start_time":1674562320000,"end_time":1674562379000},{"heart_rate":88,"heart_rate_max":90,"heart_rate_min":86,"start_time":1674562260000,"end_time":1674562319000},{"heart_rate":87,"heart_rate_max":91,"heart_rate_min":85,"start_time":1674562200000,"end_time":1674562259000},{"heart_rate":86,"heart_rate_max":89,"heart_rate_min":84,"start_time":1674562140000,"end_time":1674562199000},{"heart_rate":85,"heart_rate_max":91,"heart_rate_min":74,"start_time":1674562080000,"end_time":1674562139000},{"heart_rate":84,"heart_rate_max":88,"heart_rate_min":70,"start_time":1674562020000,"end_time":1674562079000},{"heart_rate":82,"heart_rate_max":88,"heart_rate_min":71,"start_time":1674561960000,"end_time":1674562019000},{"heart_rate":83,"heart_rate_max":86,"heart_rate_min":74,"start_time":1674561900000,"end_time":1674561959000},{"heart_rate":74,"heart_rate_max":92,"heart_rate_min":68,"start_time":1674561840000,"end_time":1674561899000},{"heart_rate":71,"heart_rate_max":78,"heart_rate_min":65,"start_time":1674561780000,"end_time":1674561839000},{"heart_rate":69,"heart_rate_max":74,"heart_rate_min":66,"start_time":1674561720000,"end_time":1674561779000},{"heart_rate":70,"heart_rate_max":77,"heart_rate_min":65,"start_time":1674561660000,"end_time":1674561719000},{"heart_rate":71,"heart_rate_max":80,"heart_rate_min":57,"start_time":1674561600000,"end_time":1674561659000}]