[{"heart_rate":80,"heart_rate_max":86,"heart_rate_min":76,"start_time":1674619140000,"end_time":1674619199000},{"heart_rate":83,"heart_rate_max":96,"heart_rate_min":78,"start_time":1674619080000,"end_time":1674619139000},{"heart_rate":83,"heart_rate_max":89,"heart_rate_min":81,"start_time":1674619020000,"end_time":1674619079000},{"heart_rate":85,"heart_rate_max":90,"heart_rate_min":81,"start_time":1674618960000,"end_time":1674619019000},{"heart_rate":83,"heart_rate_max":87,"heart_rate_min":81,"start_time":1674618900000,"end_time":1674618959000},{"heart_rate":83,"heart_rate_max":88,"heart_rate_min":79,"start_time":1674618840000,"end_time":1674618899000},{"heart_rate":84,"heart_rate_max":89,"heart_rate_min":80,"start_time":1674618780000,"end_time":1674618839000},{"heart_rate":83,"heart_rate_max":89,"heart_rate_min":81,"start_time":1674618720000,"end_time":1674618779000},{"heart_rate":86,"heart_rate_max":98,"heart_rate_min":81,"start_time":1674618660000,"end_time":1674618719000},{"heart_rate":80,"heart_rate_max":83,"heart_rate_min":78,"start_time":1674618600000,"end_time":1674618659000},{"heart_rate":82,"heart_rate_max":86,"heart_rate_min":78,"start_time":1674618540000,"end_time":1674618599000},{"heart_rate":83,"heart_rate_max":92,"heart_rate_min":77,"start_time":1674618480000,"end_time":1674618539000},{"heart_rate":83,"heart_rate_max":87,"heart_rate_min":81,"start_time":1674618420000,"end_time":1674618479000},{"heart_rate":84,"heart_rate_max":92,"heart_rate_min":78,"start_time":1674618360000,"end_time":1674618419000},{"heart_rate":84,"heart_rate_max":86,"heart_rate_min":82,"start_time":1674618300000,"end_time":1674618359000},{"heart_rate":85,"heart_rate_max":89,"heart_rate_min":83,"start_time":1674618240000,"end_time":1674618299000},{"heart_rate":85,"heart_rate_max":88,"heart_rate_min":83,"start_time":1674618180000,"end_time":1674618239000},{"heart_rate":87,"heart_rate_max":92,"heart_rate_min":84,"start_time":1674618120000,"end_time":1674618179000},{"heart_rate":84,"heart_rate_max":86,"heart_rate_min":83,"start_time":1674618060000,"end_time":1674618119000},{"heart_rate":83,"heart_rate_max":85,"heart_rate_min":81,"start_time":1674618000000,"end_time":1674618059000},{"heart_rate":88,"heart_rate_max":94,"heart_rate_min":84,"start_time":1674617940000,"end_time":1674617999000},{"heart_rate":83,"heart_rate_max":85,"heart_rate_min":81,"start_time":1674617880000,"end_time":1674617939000},{"heart_rate":83,"heart_rate_max":89,"heart_rate_min":80,"start_time":1674617820000,"end_time":1674617879000},{"heart_rate":80,"heart_rate_max":86,"heart_rate_min":77,"start_time":1674617760000,"end_time":1674617819000},{"heart_rate":92,"heart_rate_max":103,"heart_rate_min":88,"start_time":1674617700000,"end_time":1674617759000},{"heart_rate":86,"heart_rate_max":88,"heart_rate_min":85,"start_time":1674617640000,"end_time":1674617699000},{"heart_rate":84,"heart_rate_max":86,"heart_rate_min":82,"start_time":1674617580000,"end_time":1674617639000},{"heart_rate":84,"heart_rate_max":91,"heart_rate_min":81,"start_time":1674617520000,"end_time":1674617579000},{"heart_rate":84,"heart_rate_max":89,"heart_rate_min":82,"start_time":1674617460000,"end_time":1674617519000},{"heart_rate":81,"heart_rate_max":84,"heart_rate_min":79,"start_time":1674617400000,"end_time":1674617459000},{"heart_rate":81,"heart_rate_max":86,"heart_rate_min":78,"start_time":1674617340000,"end_time":1674617399000},{"heart_rate":80,"heart_rate_max":85,"heart_rate_min":78,"start_time":1674617280000,"end_time":1674617339000},{"heart_rate":76,"heart_rate_max":79,"heart_rate_min":75,"start_time":1674617220000,"end_time":1674617279000},{"heart_rate":75,"heart_rate_max":79,"heart_rate_min":69,"start_time":1674617160000,"end_time":1674617219000},{"heart_rate":76,"heart_rate_max":82,"heart_rate_min":71,"start_time":1674617100000,"end_time":1674617159000},{"heart_rate":82,"heart_rate_max":85,"heart_rate_min":80,"start_time":1674617040000,"end_time":1674617099000},{"heart_rate":80,"heart_rate_max":90,"heart_rate_min":74,"start_time":1674616980000,"end_time":1674617039000},{"heart_rate":84,"heart_rate_max":90,"heart_rate_min":81,"start_time":1674616920000,"end_time":1674616979000},{"heart_rate":84,"heart_rate_max":90,"heart_rate_min":79,"start_time":1674616860000,"end_time":1674616919000},{"heart_rate":84,"heart_rate_max":87,"heart_rate_min":82,"start_time":1674616800000,"end_time":1674616859000},{"heart_rate":84,"heart_rate_max":87,"heart_rate_min":82,"start_time":1674616740000,"end_time":1674616799000},{"heart_rate":83,"heart_rate_max":86,"heart_rate_min":81,"start_time":1674616680000,"end_time":1674616739000},{"heart_rate":86,"heart_rate_max":96,"heart_rate_min":79,"start_time":1674616620000,"end_time":1674616679000},{"heart_rate":86,"heart_rate_max":88,"heart_rate_min":83,"start_time":1674616560000,"end_time":1674616619000},{"heart_rate":83,"heart_rate_max":87,"heart_rate_min":81,"start_time":1674616500000,"end_time":1674616559000},{"heart_rate":85,"heart_rate_max":94,"heart_rate_min":80,"start_time":1674616440000,"end_time":1674616499000},{"heart_rate":82,"heart_rate_max":86,"heart_rate_min":80,"start_time":1674616380000,"end_time":1674616439000},{"heart_rate":84,"heart_rate_max":96,"heart_rate_min":80,"start_time":1674616320000,"end_time":1674616379000},{"heart_rate":90,"heart_rate_max":101,"heart_rate_min":84,"start_time":1674616260000,"end_time":1674616319000},{"heart_rate":86,"heart_rate_max":94,"heart_rate_min":82,"start_time":1674616200000,"end_time":1674616259000},{"heart_rate":88,"heart_rate_max":94,"heart_rate_min":86,"start_time":1674616140000,"end_time":1674616199000},{"heart_rate":86,"heart_rate_max":88,"heart_rate_min":84,"start_time":1674616080000,"end_time":1674616139000},{"heart_rate":89,"heart_rate_max":98,"heart_rate_min":82,"start_time":1674616020000,"end_time":1674616079000},{"heart_rate":86,"heart_rate_max":90,"heart_rate_min":85,"start_time":1674615960000,"end_time":1674616019000},{"heart_rate":84,"heart_rate_max":91,"heart_rate_min":81,"start_time":1674615900000,"end_time":1674615959000},{"heart_rate":84,"heart_rate_max":89,"heart_rate_min":82,"start_time":1674615840000,"end_time":1674615899000},{"heart_rate":80,"heart_rate_max":90,"heart_rate_min":76,"start_time":1674615780000,"end_time":1674615839000},{"heart_rate":89,"heart_rate_max":95,"heart_rate_min":88,"start_time":1674615720000,"end_time":1674615779000},{"heart_rate":84,"heart_rate_max":87,"heart_rate_min":83,"start_time":1674615660000,"end_time":1674615719000},{"heart_rate":81,"heart_rate_max":91,"heart_rate_min":73,"start_time":1674615600000,"end_time":1674615659000}]