[{"heart_rate":74,"heart_rate_max":79,"heart_rate_min":65,"start_time":1674730740000,"end_time":1674730799000},{"heart_rate":75,"heart_rate_max":79,"heart_rate_min":65,"start_time":1674730680000,"end_time":1674730739000},{"heart_rate":74,"heart_rate_max":80,"heart_rate_min":66,"start_time":1674730620000,"end_time":1674730679000},{"heart_rate":76,"heart_rate_max":83,"heart_rate_min":65,"start_time":1674730560000,"end_time":1674730619000},{"heart_rate":77,"heart_rate_max":84,"heart_rate_min":70,"start_time":1674730500000,"end_time":1674730559000},{"heart_rate":78,"heart_rate_max":83,"heart_rate_min":74,"start_time":1674730440000,"end_time":1674730499000},{"heart_rate":78,"heart_rate_max":82,"heart_rate_min":70,"start_time":1674730380000,"end_time":1674730439000},{"heart_rate":79,"heart_rate_max":83,"heart_rate_min":75,"start_time":1674730320000,"end_time":1674730379000},{"heart_rate":77,"heart_rate_max":80,"heart_rate_min":75,"start_time":1674730260000,"end_time":1674730319000},{"heart_rate":79,"heart_rate_max":85,"heart_rate_min":71,"start_time":1674730200000,"end_time":1674730259000},{"heart_rate":78,"heart_rate_max":83,"heart_rate_min":69,"start_time":1674730140000,"end_time":1674730199000},{"heart_rate":76,"heart_rate_max":82,"heart_rate_min":65,"start_time":1674730080000,"end_time":1674730139000},{"heart_rate":77,"heart_rate_max":82,"heart_rate_min":69,"start_time":1674730020000,"end_time":1674730079000},{"heart_rate":80,"heart_rate_max":88,"heart_rate_min":69,"start_time":1674729960000,"end_time":1674730019000},{"heart_rate":80,"heart_rate_max":85,"heart_rate_min":77,"start_time":1674729900000,"end_time":1674729959000},{"heart_rate":81,"heart_rate_max":84,"heart_rate_min":78,"start_time":1674729840000,"end_time":1674729899000},{"heart_rate":78,"heart_rate_max":80,"heart_rate_min":75,"start_time":1674729780000,"end_time":1674729839000},{"heart_rate":81,"heart_rate_max":86,"heart_rate_min":78,"start_time":1674729720000,"end_time":1674729779000},{"heart_rate":83,"heart_rate_max":87,"heart_rate_min":81,"start_time":1674729660000,"end_time":1674729719000},{"heart_rate":79,"heart_rate_max":84,"heart_rate_min":65,"start_time":1674729600000,"end_time":1674729659000},{"heart_rate":83,"heart_rate_max":88,"heart_rate_min":81,"start_time":1674729540000,"end_time":1674729599000},{"heart_rate":85,"heart_rate_max":88,"heart_rate_min":82,"start_time":1674729480000,"end_time":1674729539000},{"heart_rate":84,"heart_rate_max":87,"heart_rate_min":81,"start_time":1674729420000,"end_time":1674729479000},{"heart_rate":82,"heart_rate_max":87,"heart_rate_min":77,"start_time":1674729360000,"end_time":1674729419000},{"heart_rate":80,"heart_rate_max":83,"heart_rate_min":78,"start_time":1674729300000,"end_time":1674729359000},{"heart_rate":78,"heart_rate_max":83,"heart_rate_min":76,"start_time":1674729240000,"end_time":1674729299000},{"heart_rate":80,"heart_rate_max":84,"heart_rate_min":79,"start_time":1674729180000,"end_time":1674729239000},{"heart_rate":82,"heart_rate_max":92,"heart_rate_min":75,"start_time":1674729120000,"end_time":1674729179000},{"heart_rate":74,"heart_rate_max":77,"heart_rate_min":73,"start_time":1674729060000,"end_time":1674729119000},{"heart_rate":73,"heart_rate_max":79,"heart_rate_min":70,"start_time":1674729000000,"end_time":1674729059000},{"heart_rate":75,"heart_rate_max":78,"heart_rate_min":72,"start_time":1674728940000,"end_time":1674728999000},{"heart_rate":76,"heart_rate_max":83,"heart_rate_min":74,"start_time":1674728880000,"end_time":1674728939000},{"heart_rate":96,"heart_rate_max":97,"heart_rate_min":96,"start_time":1674728820000,"end_time":1674728879000},{"heart_rate":95,"heart_rate_max":97,"heart_rate_min":91,"start_time":1674728760000,"end_time":1674728819000},{"heart_rate":83,"heart_rate_max":88,"heart_rate_min":79,"start_time":1674728640000,"end_time":1674728699000},{"heart_rate":84,"heart_rate_max":88,"heart_rate_min":80,"start_time":1674728580000,"end_time":1674728639000},{"heart_rate":86,"heart_rate_max":89,"heart_rate_min":83,"start_time":1674728520000,"end_time":1674728579000},{"heart_rate":87,"heart_rate_max":90,"heart_rate_min":86,"start_time":1674728460000,"end_time":1674728519000},{"heart_rate":86,"heart_rate_max":89,"heart_rate_min":82,"start_time":1674728400000,"end_time":1674728459000},{"heart_rate":86,"heart_rate_max":90,"heart_rate_min":82,"start_time":1674728340000,"end_time":1674728399000},{"heart_rate":85,"heart_rate_max":90,"heart_rate_min":84,"start_time":1674728280000,"end_time":1674728339000},{"heart_rate":85,"heart_rate_max":89,"heart_rate_min":83,"start_time":1674728220000,"end_time":1674728279000},{"heart_rate":84,"heart_rate_max":88,"heart_rate_min":81,"start_time":1674728160000,"end_time":1674728219000},{"heart_rate":83,"heart_rate_max":87,"heart_rate_min":80,"start_time":1674728100000,"end_time":1674728159000},{"heart_rate":86,"heart_rate_max":88,"heart_rate_min":85,"start_time":1674728040000,"end_time":1674728099000},{"heart_rate":85,"heart_rate_max":90,"heart_rate_min":82,"start_time":1674727980000,"end_time":1674728039000},{"heart_rate":82,"heart_rate_max":86,"heart_rate_min":79,"start_time":1674727920000,"end_time":1674727979000},{"heart_rate":87,"heart_rate_max":91,"heart_rate_min":84,"start_time":1674727860000,"end_time":1674727919000},{"heart_rate":88,"heart_rate_max":91,"heart_rate_min":86,"start_time":1674727800000,"end_time":1674727859000},{"heart_rate":87,"heart_rate_max":91,"heart_rate_min":84,"start_time":1674727740000,"end_time":1674727799000},{"heart_rate":88,"heart_rate_max":92,"heart_rate_min":85,"start_time":1674727680000,"end_time":1674727739000},{"heart_rate":88,"heart_rate_max":90,"heart_rate_min":84,"start_time":1674727620000,"end_time":1674727679000},{"heart_rate":89,"heart_rate_max":92,"heart_rate_min":85,"start_time":1674727560000,"end_time":1674727619000},{"heart_rate":87,"heart_rate_max":93,"heart_rate_min":77,"start_time":1674727500000,"end_time":1674727559000},{"heart_rate":82,"heart_rate_max":87,"heart_rate_min":80,"start_time":1674727440000,"end_time":1674727499000},{"heart_rate":85,"heart_rate_max":87,"heart_rate_min":84,"start_time":1674727380000,"end_time":1674727439000},{"heart_rate":84,"heart_rate_max":87,"heart_rate_min":82,"start_time":1674727320000,"end_time":1674727379000},{"heart_rate":88,"heart_rate_max":92,"heart_rate_min":86,"start_time":1674727260000,"end_time":1674727319000},{"heart_rate":89,"heart_rate_max":92,"heart_rate_min":87,"start_time":1674727200000,"end_time":1674727259000}]